[DIAG rank=? pid=78756] ====== BEFORE importing mindspeed.megatron_adaptor ======
[DIAG rank=? pid=78756] argv = ['/workspace/verl/verl/trainer/main_ppo.py', 'data.train_files=/workspace/datasets/geo3k/train.parquet', 'data.val_files=/workspace/datasets/geo3k/test.parquet', 'data.train_batch_size=32', 'data.max_prompt_length=1024', 'data.max_response_length=2048', 'data.truncation=error', 'data.filter_overlong_prompts=True', 'algorithm.adv_estimator=grpo', 'algorithm.use_kl_in_reward=False', 'actor_rollout_ref.model.path=/home/docker/Qwen3.6-35B-A3B', 'actor_rollout_ref.model.trust_remote_code=True', 'actor_rollout_ref.model.use_remove_padding=False', 'actor_rollout_ref.rollout.name=vllm', 'actor_rollout_ref.rollout.tensor_model_parallel_size=8', 'actor_rollout_ref.rollout.gpu_memory_utilization=0.6', 'actor_rollout_ref.rollout.n=5', 'actor_rollout_ref.rollout.dtype=bfloat16', 'actor_rollout_ref.rollout.log_prob_micro_batch_size_per_gpu=1', 'actor_rollout_ref.rollout.log_prob_use_dynamic_bsz=False', 'actor_rollout_ref.rollout.log_prob_max_token_len_per_gpu=4096', 'actor_rollout_ref.rollout.calculate_log_probs=True', 'actor_rollout_ref.actor.optim.lr=1e-6', 'actor_rollout_ref.actor.ppo_mini_batch_size=32', 'actor_rollout_ref.actor.ppo_micro_batch_size_per_gpu=1', 'actor_rollout_ref.actor.ppo_max_token_len_per_gpu=4096', 'actor_rollout_ref.actor.use_dynamic_bsz=False', 'actor_rollout_ref.actor.use_kl_loss=False', 'actor_rollout_ref.actor.kl_loss_coef=0.01', 'actor_rollout_ref.actor.kl_loss_type=low_var_kl', 'actor_rollout_ref.actor.entropy_coeff=0', 'actor_rollout_ref.actor.megatron.use_mbridge=True', 'actor_rollout_ref.actor.megatron.vanilla_mbridge=True', 'actor_rollout_ref.actor.megatron.use_remove_padding=False', 'actor_rollout_ref.actor.megatron.tensor_model_parallel_size=2', 'actor_rollout_ref.actor.megatron.pipeline_model_parallel_size=2', 'actor_rollout_ref.actor.megatron.context_parallel_size=1', 'actor_rollout_ref.actor.megatron.expert_model_parallel_size=4', 'actor_rollout_ref.actor.megatron.expert_tensor_parallel_size=1', 'actor_rollout_ref.actor.megatron.param_offload=True', 'actor_rollout_ref.actor.megatron.optimizer_offload=True', 'actor_rollout_ref.actor.megatron.grad_offload=True', 'actor_rollout_ref.actor.megatron.dtype=bfloat16', '++actor_rollout_ref.actor.megatron.override_transformer_config.attention_backend=auto', '+actor_rollout_ref.actor.megatron.override_transformer_config.recompute_method=uniform', '+actor_rollout_ref.actor.megatron.override_transformer_config.recompute_granularity=full', '+actor_rollout_ref.actor.megatron.override_transformer_config.recompute_num_layers=1', '+actor_rollout_ref.actor.megatron.override_transformer_config.moe_aux_loss_coeff=0.01', '+actor_rollout_ref.actor.megatron.override_transformer_config.moe_z_loss_coeff=0.001', '+actor_rollout_ref.actor.megatron.override_transformer_config.moe_permute_fusion=True', '+actor_rollout_ref.actor.megatron.override_transformer_config.moe_grouped_gemm=True', '+actor_rollout_ref.actor.optim.override_optimizer_config.optimizer_offload_fraction=1', '+actor_rollout_ref.actor.optim.override_optimizer_config.overlap_cpu_optimizer_d2h_h2d=True', '+actor_rollout_ref.actor.optim.override_optimizer_config.use_precision_aware_optimizer=True', '+actor_rollout_ref.actor.optim.override_optimizer_config.optimizer_cpu_offload=True', 'actor_rollout_ref.actor.megatron.vanilla_mbridge=False', 'actor_rollout_ref.actor.checkpoint.strict=False', '+actor_rollout_ref.actor.megatron.override_transformer_config.use_flash_attn=True', '+actor_rollout_ref.actor.megatron.override_transformer_config.moe_token_dispatcher_type=alltoall', '+actor_rollout_ref.actor.megatron.override_transformer_config.use_naive_l2norm=True', 'actor_rollout_ref.ref.log_prob_micro_batch_size_per_gpu=1', 'actor_rollout_ref.ref.log_prob_use_dynamic_bsz=False', 'actor_rollout_ref.ref.log_prob_max_token_len_per_gpu=4096', 'actor_rollout_ref.ref.megatron.tensor_model_parallel_size=2', 'actor_rollout_ref.ref.megatron.pipeline_model_parallel_size=2', 'actor_rollout_ref.ref.megatron.context_parallel_size=1', 'actor_rollout_ref.ref.megatron.expert_model_parallel_size=4', 'actor_rollout_ref.ref.megatron.expert_tensor_parallel_size=1', 'actor_rollout_ref.ref.megatron.param_offload=True', 'trainer.critic_warmup=0', 'trainer.logger=["console"]', 'trainer.project_name=verl_grpo_qwen3_5_35b_geo3k', 'trainer.experiment_name=qwen3_5_35b_megatron', 'trainer.n_gpus_per_node=8', 'trainer.nnodes=1', 'trainer.save_freq=20', 'trainer.val_before_train=False', 'trainer.test_freq=5', 'trainer.total_epochs=15', 'model_engine=megatron']
[DIAG rank=? pid=78756] 'mindspeed' in sys.modules: False
/usr/local/lib/python3.11/site-packages/torch_npu/contrib/transfer_to_npu.py:347: ImportWarning: 
    *************************************************************************************************************
    The torch.Tensor.cuda and torch.nn.Module.cuda are replaced with torch.Tensor.npu and torch.nn.Module.npu now..
    The torch.cuda.DoubleTensor is replaced with torch.npu.FloatTensor cause the double type is not supported now..
    The backend in torch.distributed.init_process_group set to hccl now..
    The torch.cuda.* and torch.cuda.amp.* are replaced with torch.npu.* and torch.npu.amp.* now..
    The device parameters have been replaced with npu in the function below:
    torch.logspace, torch.randint, torch.hann_window, torch.rand, torch.full_like, torch.ones_like, torch.rand_like, torch.randperm, torch.arange, torch.frombuffer, torch.normal, torch._empty_per_channel_affine_quantized, torch.empty_strided, torch.empty_like, torch.scalar_tensor, torch.tril_indices, torch.bartlett_window, torch.ones, torch.sparse_coo_tensor, torch.randn, torch.kaiser_window, torch.tensor, torch.triu_indices, torch.as_tensor, torch.zeros, torch.randint_like, torch.full, torch.eye, torch._sparse_csr_tensor_unsafe, torch.empty, torch._sparse_coo_tensor_unsafe, torch.blackman_window, torch.zeros_like, torch.range, torch.sparse_csr_tensor, torch.randn_like, torch.from_file, torch._cudnn_init_dropout_state, torch._empty_affine_quantized, torch.linspace, torch.hamming_window, torch.empty_quantized, torch._pin_memory, torch.load, torch.set_default_device, torch.get_device_module, torch.sparse_compressed_tensor, torch.Tensor.new_empty, torch.Tensor.new_empty_strided, torch.Tensor.new_full, torch.Tensor.new_ones, torch.Tensor.new_tensor, torch.Tensor.new_zeros, torch.Tensor.to, torch.Tensor.pin_memory, torch.nn.Module.to, torch.nn.Module.to_empty
    *************************************************************************************************************
    
  warnings.warn(msg, ImportWarning)
/usr/local/lib/python3.11/site-packages/torch_npu/contrib/transfer_to_npu.py:276: RuntimeWarning: torch.jit.script and torch.jit.script_method will be disabled by transfer_to_npu, which currently does not support them, if you need to enable them, please do not use transfer_to_npu.
  warnings.warn(msg, RuntimeWarning)
[Rank 0 | Local Rank 0] 2026-05-25 01:29:52,048 INFO [mindspeed.megatron_adaptor:33] => start to patch features in megatron adaptor.
/usr/local/lib/python3.11/site-packages/torch_npu/dynamo/torchair/__init__.py:8: UserWarning: pkg_resources is deprecated as an API. See https://setuptools.pypa.io/en/latest/pkg_resources.html. The pkg_resources package is slated for removal as early as 2025-11-30. Refrain from using this package or pin to Setuptools<81.
  import pkg_resources
[Rank 0 | Local Rank 0] 2026-05-25 01:29:53,059 WARNING [fla.utils:66] => Current Triton version 3.2.0 is below the recommended 3.3.0 version. Errors may occur and these issues will not be fixed. Please consider upgrading Triton.
/usr/local/lib/python3.11/site-packages/fla/ops/nsa/parallel.py:25: ImportWarning: Flash Attention is not installed. Please install it via `pip install flash-attn --no-build-isolation`
  warnings.warn(
[Rank 0 | Local Rank 0] 2026-05-25 01:29:55,312 INFO [megatron.core.distributed.fsdp.src.megatron_fsdp.mixed_precision:34] => Using Megatron-FSDP without Transformer Engine.
[Rank 0 | Local Rank 0] 2026-05-25 01:29:55,339 INFO [megatron.core.distributed.fsdp.src.megatron_fsdp.param_and_grad_buffer:69] => Detected Megatron Core, using Megatron-FSDP with Megatron.
[Rank 0 | Local Rank 0] 2026-05-25 01:29:55,341 INFO [megatron.core.distributed.fsdp.src.megatron_fsdp.megatron_fsdp:47] => Detected Megatron Core, using Megatron-FSDP with Megatron.
/workspace/Megatron-LM/megatron/core/inference/contexts/__init__.py:9: DeprecationWarning: The following imports from `dynamic_context.py` will be removed in this file in `megatron-core` 0.14. The imports here result in a cyclic import issue that causes rotary embeddings to import from Apex rather than Transformer Engine.
  warnings.warn(
/usr/local/lib/python3.11/site-packages/tvm_ffi/_optional_torch_c_dlpack.py:181: UserWarning: Failed to JIT torch c dlpack extension, EnvTensorAllocator will not be enabled.
We recommend installing via `pip install torch-c-dlpack-ext`
  warnings.warn(
/usr/local/lib/python3.11/site-packages/flashinfer/gemm/kernels/grouped_gemm_masked_blackwell.py:2059: DeprecationWarning: tcgen05.OperandMajorMode is deprecated, use cute.nvgpu.OperandMajorMode instead
  a_major_mode: tcgen05.OperandMajorMode,
/workspace/Megatron-LM/megatron/core/transformer/multi_latent_attention.py:36: DeprecationWarning: The 'megatron.core.transformer.custom_layers.transformer_engine' 
    module is deprecated and will be removed in 0.10.0. Please use 
    'megatron.core.extensions.transformer_engine' instead.
  from megatron.core.transformer.custom_layers.transformer_engine import (
/usr/local/lib/python3.11/site-packages/modelopt/torch/utils/logging.py:115: UserWarning: Failed to import modelopt transformer engine plugin due to: AttributeError("module 'transformer_engine.pytorch' has no attribute 'RMSNorm'"). You may ignore this warning if you do not need this plugin.
  warnings.warn(message, *args, **kwargs)
/usr/local/lib/python3.11/site-packages/modelopt/torch/__init__.py:36: UserWarning: transformers version 5.3.0 is not tested with nvidia-modelopt and may cause issues. Please install recommended version with `pip install nvidia-modelopt[hf]` if working with HF models.
  _warnings.warn(
Import of MixedFusedLayerNorm from apex.normalization.fused_layer_norm failed with: Traceback (most recent call last):
  File "/workspace/Megatron-Bridge/src/megatron/bridge/utils/import_utils.py", line 324, in safe_import_from
    return getattr(imported_module, symbol), True
           ^^^^^^^^^^^^^^^^^^^^^^^^^^^^^^^^
AttributeError: module 'apex.normalization.fused_layer_norm' has no attribute 'MixedFusedLayerNorm'

[Rank 0 | Local Rank 0] 2026-05-25 01:29:59,825 INFO [megatron.bridge.utils.import_utils:333] => Import of MixedFusedLayerNorm from apex.normalization.fused_layer_norm failed with: Traceback (most recent call last):
  File "/workspace/Megatron-Bridge/src/megatron/bridge/utils/import_utils.py", line 324, in safe_import_from
    return getattr(imported_module, symbol), True
           ^^^^^^^^^^^^^^^^^^^^^^^^^^^^^^^^
AttributeError: module 'apex.normalization.fused_layer_norm' has no attribute 'MixedFusedLayerNorm'

[Rank 0 | Local Rank 0] 2026-05-25 01:29:59,867 WARNING [mindspeed.args_utils:70] => Failed from megatron.training import get_args, use mindspeed arguments.
/workspace/Megatron-LM/megatron/core/models/mimo/config/base_configs.py:11: UserWarning: MimoModelConfig is experimental and still under active development. The API may change without notice in future releases.
  class MimoModelConfig:
[DIAG rank=? pid=78756] OK: mindspeed.megatron_adaptor imported
[DIAG rank=? pid=78756] _IS_FEATURES_PATCHED = True
[DIAG rank=? pid=78756] repatch = <function repatch at 0x7fa73f74dda0>
[DIAG rank=? pid=78756] patches_info count = 102
[DIAG rank=? pid=78756] _set_cuda_rng_state PATCH FOUND: is_applied=True
[DIAG rank=? pid=78756]   patch_func = mindspeed.core.megatron_basic.megatron_basic._set_cuda_rng_state
[DIAG rank=? pid=78756]   final_patch_func = mindspeed.core.megatron_basic.megatron_basic
[DIAG rank=? pid=78756]   orig_func = megatron.core.tensor_parallel.random
[DIAG rank=? pid=78756] 'transformer_engine' in sys.modules: True
[DIAG rank=? pid=78756] 'transformer_engine.pytorch' in sys.modules: True
[DIAG rank=? pid=78756]   te.Linear = <class 'torch.nn.modules.module.Module'>
[DIAG rank=? pid=78756]   te.ops = <module 'transformer_engine.pytorch.ops'>
[DIAG rank=? pid=78756] FEATURES_LIST: ['requirements_basic', 'megatron_basic', 'transformer_engine_basic', 'context_parallel_size', 'context_parallel_size', 'context_parallel_kv_cache_policy', 'context_parallel_size', 'gated_delta_net', 'async_log_allreduce', 'grouped_matmul', 'use_swiglu', 'fused_softmax', 'use_fused_rotary_pos_emb', 'moe_permute_fusion', 'affinity', 'profiler_default', 'npu_deterministic', 'op_cal_tflops', 'profile', 'recompute_activation_function', 'recompute_norm', 'enable_recompute_layers_per_pp_rank', 'recompute_method', 'unaligned_linear', 'use_ascend_mc2', 'use_ascend_coc', 'tp_2d', 'vocab_parallel', 'recompute_in_bubble', 'recompute_in_advance', 'noop_layers', 'pipeline_model_parallel_size', 'variable_seq_lengths', 'use_multiparameter_pipeline_model_parallel', 'optimize_send_recv_comm', 'pipeline_num_transformer_layers', 'schedules_method', 'moe_grouped_gemm', 'moe_tp_extend_ep', 'n_shared_experts', 'moe_allgather_overlap_comm', 'moe_alltoall_overlap_comm', 'moe_zero_memory', 'moe_fb_overlap', 'balanced_moe_experts', 'enable_expert_placement', 'hccl_group_buffer', 'hccl_group_buffer_adaptive', 'optimizer_selection', 'virtual_optimizer', 'low_precision_optimizer', 'llava_multimodal', 'dist_train', 'tokenizer_type', 'param_and_grad_buffer_pad', 'layerzero', 'use_torch_fsdp2', 'use_megatron_fsdp', 'reset_bucket_group_order', 'reuse_fp32_param', 'smart_swap', 'swap_attention', 'compress_dense', 'disable_gloo_group', 'swap_optimizer', 'use_flash_attn', 'use_fusion_attn_v2', 'position_embedding_type', 'no_create_attention_mask_in_dataloader', 'reset_attention_mask', 'multi_latent_attention', 'mcore_rearrange', 'dsa', 'mindspore_patch', 'auto_settings']
[DIAG rank=? pid=78756] current _set_cuda_rng_state.__module__ = mindspeed.core.megatron_basic.megatron_basic
[DIAG rank=? pid=78756] ====== END diagnostic ======
/workspace/verl/verl/trainer/main_ppo.py:380: FutureWarning: Warning: Function '__main__.main' is deprecated. Please use 'main_ppo.py is deprecated, and wil be replaced by main_ppo_sync.py in v0.8.0, please use main_ppo_sync.py instead.' instead.
  main()
[2026-05-25 01:30:03,981][verl.utils.device][WARNING] - Detect setting config.trainer.device to cuda for Ascend NPU, maybefrom default value in config file, automatically set to `npu` instead.
/usr/local/lib/python3.11/site-packages/ray/_private/node.py:1108: ResourceWarning: unclosed file <_io.TextIOWrapper name='/dev/null' mode='w' encoding='UTF-8'>
  process_info = ray._private.services.start_gcs_server(
/usr/local/lib/python3.11/site-packages/ray/_private/node.py:1069: ResourceWarning: unclosed file <_io.TextIOWrapper name='/dev/null' mode='w' encoding='UTF-8'>
  self._webui_url, process_info = ray._private.services.start_api_server(
/usr/local/lib/python3.11/site-packages/ray/_private/utils.py:384: ResourceWarning: unclosed file <_io.TextIOWrapper name='/sys/fs/cgroup/cpu.max' mode='r' encoding='UTF-8'>
  max_file = open(cpu_max_file_name).read()
2026-05-25 01:30:12,791	INFO worker.py:2003 -- Started a local Ray instance. View the dashboard at [1m[32mhttp://127.0.0.1:8265 [39m[22m
/usr/local/lib/python3.11/site-packages/ray/_private/worker.py:2051: FutureWarning: Tip: In future versions of Ray, Ray will no longer override accelerator visible devices env var if num_gpus=0 or num_gpus=None (default). To enable this behavior and turn off this error message, set RAY_ACCEL_ENV_VAR_OVERRIDE_ON_ZERO=0
  warnings.warn(
[36m(pid=91641)[0m /usr/local/lib/python3.11/site-packages/torch_npu/contrib/transfer_to_npu.py:347: ImportWarning: 
[36m(pid=91641)[0m     *************************************************************************************************************
[36m(pid=91641)[0m     The torch.Tensor.cuda and torch.nn.Module.cuda are replaced with torch.Tensor.npu and torch.nn.Module.npu now..
[36m(pid=91641)[0m     The torch.cuda.DoubleTensor is replaced with torch.npu.FloatTensor cause the double type is not supported now..
[36m(pid=91641)[0m     The backend in torch.distributed.init_process_group set to hccl now..
[36m(pid=91641)[0m     The torch.cuda.* and torch.cuda.amp.* are replaced with torch.npu.* and torch.npu.amp.* now..
[36m(pid=91641)[0m     The device parameters have been replaced with npu in the function below:
[36m(pid=91641)[0m     torch.logspace, torch.randint, torch.hann_window, torch.rand, torch.full_like, torch.ones_like, torch.rand_like, torch.randperm, torch.arange, torch.frombuffer, torch.normal, torch._empty_per_channel_affine_quantized, torch.empty_strided, torch.empty_like, torch.scalar_tensor, torch.tril_indices, torch.bartlett_window, torch.ones, torch.sparse_coo_tensor, torch.randn, torch.kaiser_window, torch.tensor, torch.triu_indices, torch.as_tensor, torch.zeros, torch.randint_like, torch.full, torch.eye, torch._sparse_csr_tensor_unsafe, torch.empty, torch._sparse_coo_tensor_unsafe, torch.blackman_window, torch.zeros_like, torch.range, torch.sparse_csr_tensor, torch.randn_like, torch.from_file, torch._cudnn_init_dropout_state, torch._empty_affine_quantized, torch.linspace, torch.hamming_window, torch.empty_quantized, torch._pin_memory, torch.load, torch.set_default_device, torch.get_device_module, torch.sparse_compressed_tensor, torch.Tensor.new_empty, torch.Tensor.new_empty_strided, torch.Tensor.new_full, torch.Tensor.new_ones, torch.Tensor.new_tensor, torch.Tensor.new_zeros, torch.Tensor.to, torch.Tensor.pin_memory, torch.nn.Module.to, torch.nn.Module.to_empty
[36m(pid=91641)[0m     *************************************************************************************************************
[36m(pid=91641)[0m     
[36m(pid=91641)[0m   warnings.warn(msg, ImportWarning)
[36m(pid=91641)[0m /usr/local/lib/python3.11/site-packages/torch_npu/contrib/transfer_to_npu.py:276: RuntimeWarning: torch.jit.script and torch.jit.script_method will be disabled by transfer_to_npu, which currently does not support them, if you need to enable them, please do not use transfer_to_npu.
[36m(pid=91641)[0m   warnings.warn(msg, RuntimeWarning)
[36m(pid=91641)[0m /usr/local/lib/python3.11/site-packages/torch_npu/dynamo/torchair/__init__.py:8: UserWarning: pkg_resources is deprecated as an API. See https://setuptools.pypa.io/en/latest/pkg_resources.html. The pkg_resources package is slated for removal as early as 2025-11-30. Refrain from using this package or pin to Setuptools<81.
[36m(pid=91641)[0m   import pkg_resources
[36m(pid=91641)[0m /usr/local/lib/python3.11/site-packages/fla/ops/nsa/parallel.py:25: ImportWarning: Flash Attention is not installed. Please install it via `pip install flash-attn --no-build-isolation`
[36m(pid=91641)[0m   warnings.warn(
[36m(pid=91641)[0m /workspace/Megatron-LM/megatron/core/inference/contexts/__init__.py:9: DeprecationWarning: The following imports from `dynamic_context.py` will be removed in this file in `megatron-core` 0.14. The imports here result in a cyclic import issue that causes rotary embeddings to import from Apex rather than Transformer Engine.
[36m(pid=91641)[0m   warnings.warn(
[36m(pid=91641)[0m /usr/local/lib/python3.11/site-packages/flashinfer/gemm/kernels/grouped_gemm_masked_blackwell.py:2059: DeprecationWarning: tcgen05.OperandMajorMode is deprecated, use cute.nvgpu.OperandMajorMode instead
[36m(pid=91641)[0m   a_major_mode: tcgen05.OperandMajorMode,
[36m(pid=91641)[0m /workspace/Megatron-LM/megatron/core/transformer/multi_latent_attention.py:36: DeprecationWarning: The 'megatron.core.transformer.custom_layers.transformer_engine' 
[36m(pid=91641)[0m     module is deprecated and will be removed in 0.10.0. Please use 
[36m(pid=91641)[0m     'megatron.core.extensions.transformer_engine' instead.
[36m(pid=91641)[0m   from megatron.core.transformer.custom_layers.transformer_engine import (
[36m(pid=91641)[0m /usr/local/lib/python3.11/site-packages/modelopt/torch/utils/logging.py:115: UserWarning: Failed to import modelopt transformer engine plugin due to: AttributeError("module 'transformer_engine.pytorch' has no attribute 'RMSNorm'"). You may ignore this warning if you do not need this plugin.
[36m(pid=91641)[0m   warnings.warn(message, *args, **kwargs)
[36m(pid=91641)[0m /usr/local/lib/python3.11/site-packages/modelopt/torch/__init__.py:36: UserWarning: transformers version 5.3.0 is not tested with nvidia-modelopt and may cause issues. Please install recommended version with `pip install nvidia-modelopt[hf]` if working with HF models.
[36m(pid=91641)[0m   _warnings.warn(
[36m(pid=91641)[0m Import of MixedFusedLayerNorm from apex.normalization.fused_layer_norm failed with: Traceback (most recent call last):
[36m(pid=91641)[0m   File "/workspace/Megatron-Bridge/src/megatron/bridge/utils/import_utils.py", line 324, in safe_import_from
[36m(pid=91641)[0m     return getattr(imported_module, symbol), True
[36m(pid=91641)[0m            ^^^^^^^^^^^^^^^^^^^^^^^^^^^^^^^^
[36m(pid=91641)[0m AttributeError: module 'apex.normalization.fused_layer_norm' has no attribute 'MixedFusedLayerNorm'
[36m(pid=91641)[0m 
[36m(pid=91641)[0m /workspace/Megatron-LM/megatron/core/models/mimo/config/base_configs.py:11: UserWarning: MimoModelConfig is experimental and still under active development. The API may change without notice in future releases.
[36m(pid=91641)[0m   class MimoModelConfig:
ray init kwargs: {'num_cpus': None, 'runtime_env': {'env_vars': {'TOKENIZERS_PARALLELISM': 'true', 'NCCL_DEBUG': 'WARN', 'VLLM_LOGGING_LEVEL': 'WARN', 'VLLM_ALLOW_RUNTIME_LORA_UPDATING': 'true', 'VLLM_DISABLE_COMPILE_CACHE': '1', 'HSA_NO_SCRATCH_RECLAIM': '1'}, 'working_dir': None}}
[36m(pid=91641)[0m [DIAG rank=? pid=91641] ====== BEFORE importing mindspeed.megatron_adaptor ======
[36m(pid=91641)[0m [DIAG rank=? pid=91641] argv = ['/usr/local/lib/python3.11/site-packages/ray/_private/workers/default_worker.py', '--node-ip-address=80.48.5.65', '--node-manager-port=40123', '--object-store-name=/tmp/ray/session_2026-05-25_01-30-04_002513_78756/sockets/plasma_store', '--raylet-name=/tmp/ray/session_2026-05-25_01-30-04_002513_78756/sockets/raylet', '--redis-address=None', '--metrics-agent-port=0', '--logging-rotate-bytes=536870912', '--logging-rotate-backup-count=5', '--runtime-env-agent-port=0', '--gcs-address=80.48.5.65:39543', '--session-name=session_2026-05-25_01-30-04_002513_78756', '--temp-dir=/tmp/ray', '--webui=127.0.0.1:8265', '--cluster-id=8ad12d861e94eca06a8409653838e4eb997ce5b7c4f2e60ebf33bd39', '--worker-id=1791fca1d885637e46879441d779ccf26eec7d59a1eedeece7de6c12', '--worker-launch-time-ms=1779672617615', '--node-id=f29136b372af45e2830f82754576188e0e6816c31332f648a7a2a62a', '--runtime-env-hash=985050332']
[36m(pid=91641)[0m [DIAG rank=? pid=91641] 'mindspeed' in sys.modules: False
[36m(pid=91641)[0m [Rank 0 | Local Rank 0] 2026-05-25 01:30:29,943 INFO [mindspeed.megatron_adaptor:33] => start to patch features in megatron adaptor.
[36m(pid=91641)[0m [Rank 0 | Local Rank 0] 2026-05-25 01:30:30,776 WARNING [fla.utils:66] => Current Triton version 3.2.0 is below the recommended 3.3.0 version. Errors may occur and these issues will not be fixed. Please consider upgrading Triton.
[36m(pid=91641)[0m [Rank 0 | Local Rank 0] 2026-05-25 01:30:33,416 INFO [megatron.core.distributed.fsdp.src.megatron_fsdp.mixed_precision:34] => Using Megatron-FSDP without Transformer Engine.
[36m(pid=91641)[0m [Rank 0 | Local Rank 0] 2026-05-25 01:30:33,441 INFO [megatron.core.distributed.fsdp.src.megatron_fsdp.param_and_grad_buffer:69] => Detected Megatron Core, using Megatron-FSDP with Megatron.
[36m(pid=91641)[0m [Rank 0 | Local Rank 0] 2026-05-25 01:30:33,443 INFO [megatron.core.distributed.fsdp.src.megatron_fsdp.megatron_fsdp:47] => Detected Megatron Core, using Megatron-FSDP with Megatron.
[36m(pid=91641)[0m [Rank 0 | Local Rank 0] 2026-05-25 01:30:37,510 INFO [megatron.bridge.utils.import_utils:333] => Import of MixedFusedLayerNorm from apex.normalization.fused_layer_norm failed with: Traceback (most recent call last):
[36m(pid=91641)[0m   File "/workspace/Megatron-Bridge/src/megatron/bridge/utils/import_utils.py", line 324, in safe_import_from
[36m(pid=91641)[0m     return getattr(imported_module, symbol), True
[36m(pid=91641)[0m            ^^^^^^^^^^^^^^^^^^^^^^^^^^^^^^^^
[36m(pid=91641)[0m AttributeError: module 'apex.normalization.fused_layer_norm' has no attribute 'MixedFusedLayerNorm'
[36m(pid=91641)[0m 
[36m(pid=91641)[0m [Rank 0 | Local Rank 0] 2026-05-25 01:30:37,550 WARNING [mindspeed.args_utils:70] => Failed from megatron.training import get_args, use mindspeed arguments.
[36m(pid=91641)[0m [DIAG rank=? pid=91641] OK: mindspeed.megatron_adaptor imported
[36m(pid=91641)[0m [DIAG rank=? pid=91641] _IS_FEATURES_PATCHED = True
[36m(pid=91641)[0m [DIAG rank=? pid=91641] repatch = <function repatch at 0x7f085aea5a80>
[36m(pid=91641)[0m [DIAG rank=? pid=91641] patches_info count = 102
[36m(pid=91641)[0m [DIAG rank=? pid=91641] _set_cuda_rng_state PATCH FOUND: is_applied=True
[36m(pid=91641)[0m [DIAG rank=? pid=91641]   patch_func = mindspeed.core.megatron_basic.megatron_basic._set_cuda_rng_state
[36m(pid=91641)[0m [DIAG rank=? pid=91641]   final_patch_func = mindspeed.core.megatron_basic.megatron_basic
[36m(pid=91641)[0m [DIAG rank=? pid=91641]   orig_func = megatron.core.tensor_parallel.random
[36m(pid=91641)[0m [DIAG rank=? pid=91641] 'transformer_engine' in sys.modules: True
[36m(pid=91641)[0m [DIAG rank=? pid=91641] 'transformer_engine.pytorch' in sys.modules: True
[36m(pid=91641)[0m [DIAG rank=? pid=91641]   te.Linear = <class 'torch.nn.modules.module.Module'>
[36m(pid=91641)[0m [DIAG rank=? pid=91641]   te.ops = <module 'transformer_engine.pytorch.ops'>
[36m(pid=91641)[0m [DIAG rank=? pid=91641] FEATURES_LIST: ['requirements_basic', 'megatron_basic', 'transformer_engine_basic', 'context_parallel_size', 'context_parallel_size', 'context_parallel_kv_cache_policy', 'context_parallel_size', 'gated_delta_net', 'async_log_allreduce', 'grouped_matmul', 'use_swiglu', 'fused_softmax', 'use_fused_rotary_pos_emb', 'moe_permute_fusion', 'affinity', 'profiler_default', 'npu_deterministic', 'op_cal_tflops', 'profile', 'recompute_activation_function', 'recompute_norm', 'enable_recompute_layers_per_pp_rank', 'recompute_method', 'unaligned_linear', 'use_ascend_mc2', 'use_ascend_coc', 'tp_2d', 'vocab_parallel', 'recompute_in_bubble', 'recompute_in_advance', 'noop_layers', 'pipeline_model_parallel_size', 'variable_seq_lengths', 'use_multiparameter_pipeline_model_parallel', 'optimize_send_recv_comm', 'pipeline_num_transformer_layers', 'schedules_method', 'moe_grouped_gemm', 'moe_tp_extend_ep', 'n_shared_experts', 'moe_allgather_overlap_comm', 'moe_alltoall_overlap_comm', 'moe_zero_memory', 'moe_fb_overlap', 'balanced_moe_experts', 'enable_expert_placement', 'hccl_group_buffer', 'hccl_group_buffer_adaptive', 'optimizer_selection', 'virtual_optimizer', 'low_precision_optimizer', 'llava_multimodal', 'dist_train', 'tokenizer_type', 'param_and_grad_buffer_pad', 'layerzero', 'use_torch_fsdp2', 'use_megatron_fsdp', 'reset_bucket_group_order', 'reuse_fp32_param', 'smart_swap', 'swap_attention', 'compress_dense', 'disable_gloo_group', 'swap_optimizer', 'use_flash_attn', 'use_fusion_attn_v2', 'position_embedding_type', 'no_create_attention_mask_in_dataloader', 'reset_attention_mask', 'multi_latent_attention', 'mcore_rearrange', 'dsa', 'mindspore_patch', 'auto_settings']
[36m(pid=91641)[0m [DIAG rank=? pid=91641] current _set_cuda_rng_state.__module__ = mindspeed.core.megatron_basic.megatron_basic
[36m(pid=91641)[0m [DIAG rank=? pid=91641] ====== END diagnostic ======
[36m(TaskRunner pid=91641)[0m TaskRunner hostname: node-5-65, PID: 91641
[36m(TaskRunner pid=91641)[0m {'actor_rollout_ref': {'actor': {'_target_': 'verl.workers.config.McoreActorConfig',
[36m(TaskRunner pid=91641)[0m                                  'calculate_entropy': False,
[36m(TaskRunner pid=91641)[0m                                  'calculate_sum_pi_squared': False,
[36m(TaskRunner pid=91641)[0m                                  'checkpoint': {'_target_': 'verl.trainer.config.CheckpointConfig',
[36m(TaskRunner pid=91641)[0m                                                 'async_save': False,
[36m(TaskRunner pid=91641)[0m                                                 'load_contents': ['model',
[36m(TaskRunner pid=91641)[0m                                                                   'optimizer',
[36m(TaskRunner pid=91641)[0m                                                                   'extra'],
[36m(TaskRunner pid=91641)[0m                                                 'mbridge_config': {},
[36m(TaskRunner pid=91641)[0m                                                 'save_contents': ['model',
[36m(TaskRunner pid=91641)[0m                                                                   'optimizer',
[36m(TaskRunner pid=91641)[0m                                                                   'extra'],
[36m(TaskRunner pid=91641)[0m                                                 'strict': False},
[36m(TaskRunner pid=91641)[0m                                  'clip_ratio': 0.2,
[36m(TaskRunner pid=91641)[0m                                  'clip_ratio_c': 3.0,
[36m(TaskRunner pid=91641)[0m                                  'clip_ratio_high': 0.2,
[36m(TaskRunner pid=91641)[0m                                  'clip_ratio_low': 0.2,
[36m(TaskRunner pid=91641)[0m                                  'data_loader_seed': 42,
[36m(TaskRunner pid=91641)[0m                                  'entropy_coeff': 0,
[36m(TaskRunner pid=91641)[0m                                  'freeze_vision_tower': False,
[36m(TaskRunner pid=91641)[0m                                  'kl_loss_coef': 0.01,
[36m(TaskRunner pid=91641)[0m                                  'kl_loss_type': 'low_var_kl',
[36m(TaskRunner pid=91641)[0m                                  'load_weight': True,
[36m(TaskRunner pid=91641)[0m                                  'loss_agg_mode': 'token-mean',
[36m(TaskRunner pid=91641)[0m                                  'loss_scale_factor': None,
[36m(TaskRunner pid=91641)[0m                                  'megatron': {'_target_': 'verl.workers.config.McoreEngineConfig',
[36m(TaskRunner pid=91641)[0m                                               'context_parallel_size': 1,
[36m(TaskRunner pid=91641)[0m                                               'dist_checkpointing_path': None,
[36m(TaskRunner pid=91641)[0m                                               'dist_checkpointing_prefix': '',
[36m(TaskRunner pid=91641)[0m                                               'dist_ckpt_optim_fully_reshardable': False,
[36m(TaskRunner pid=91641)[0m                                               'distrib_optim_fully_reshardable_mem_efficient': False,
[36m(TaskRunner pid=91641)[0m                                               'dtype': 'bfloat16',
[36m(TaskRunner pid=91641)[0m                                               'dynamic_context_parallel': False,
[36m(TaskRunner pid=91641)[0m                                               'expert_model_parallel_size': 4,
[36m(TaskRunner pid=91641)[0m                                               'expert_tensor_parallel_size': 1,
[36m(TaskRunner pid=91641)[0m                                               'forward_only': False,
[36m(TaskRunner pid=91641)[0m                                               'grad_offload': True,
[36m(TaskRunner pid=91641)[0m                                               'max_seqlen_per_dp_cp_rank': None,
[36m(TaskRunner pid=91641)[0m                                               'optimizer_offload': True,
[36m(TaskRunner pid=91641)[0m                                               'override_ddp_config': {},
[36m(TaskRunner pid=91641)[0m                                               'override_mcore_model_config': {},
[36m(TaskRunner pid=91641)[0m                                               'override_transformer_config': {'attention_backend': 'auto',
[36m(TaskRunner pid=91641)[0m                                                                               'moe_aux_loss_coeff': 0.01,
[36m(TaskRunner pid=91641)[0m                                                                               'moe_grouped_gemm': True,
[36m(TaskRunner pid=91641)[0m                                                                               'moe_permute_fusion': True,
[36m(TaskRunner pid=91641)[0m                                                                               'moe_token_dispatcher_type': 'alltoall',
[36m(TaskRunner pid=91641)[0m                                                                               'moe_z_loss_coeff': 0.001,
[36m(TaskRunner pid=91641)[0m                                                                               'recompute_granularity': 'full',
[36m(TaskRunner pid=91641)[0m                                                                               'recompute_method': 'uniform',
[36m(TaskRunner pid=91641)[0m                                                                               'recompute_modules': ['core_attn'],
[36m(TaskRunner pid=91641)[0m                                                                               'recompute_num_layers': 1,
[36m(TaskRunner pid=91641)[0m                                                                               'use_flash_attn': True,
[36m(TaskRunner pid=91641)[0m                                                                               'use_naive_l2norm': True},
[36m(TaskRunner pid=91641)[0m                                               'param_offload': True,
[36m(TaskRunner pid=91641)[0m                                               'pipeline_model_parallel_size': 2,
[36m(TaskRunner pid=91641)[0m                                               'qat': {'_target_': 'verl.workers.config.QATEngineConfig',
[36m(TaskRunner pid=91641)[0m                                                       'activation_observer': None,
[36m(TaskRunner pid=91641)[0m                                                       'enable': False,
[36m(TaskRunner pid=91641)[0m                                                       'group_size': 16,
[36m(TaskRunner pid=91641)[0m                                                       'ignore_patterns': ['lm_head',
[36m(TaskRunner pid=91641)[0m                                                                           '*mlp.gate'],
[36m(TaskRunner pid=91641)[0m                                                       'mode': 'w4a16',
[36m(TaskRunner pid=91641)[0m                                                       'quantization_config_path': None},
[36m(TaskRunner pid=91641)[0m                                               'router_replay': {'_target_': 'verl.workers.config.EngineRouterReplayConfig',
[36m(TaskRunner pid=91641)[0m                                                                 'mode': 'disabled',
[36m(TaskRunner pid=91641)[0m                                                                 'record_file': None,
[36m(TaskRunner pid=91641)[0m                                                                 'replay_file': None},
[36m(TaskRunner pid=91641)[0m                                               'seed': 42,
[36m(TaskRunner pid=91641)[0m                                               'sequence_parallel': True,
[36m(TaskRunner pid=91641)[0m                                               'tensor_model_parallel_size': 2,
[36m(TaskRunner pid=91641)[0m                                               'use_dist_checkpointing': False,
[36m(TaskRunner pid=91641)[0m                                               'use_distributed_optimizer': True,
[36m(TaskRunner pid=91641)[0m                                               'use_mbridge': True,
[36m(TaskRunner pid=91641)[0m                                               'use_megatron_fsdp': False,
[36m(TaskRunner pid=91641)[0m                                               'use_remove_padding': False,
[36m(TaskRunner pid=91641)[0m                                               'vanilla_mbridge': False,
[36m(TaskRunner pid=91641)[0m                                               'virtual_pipeline_model_parallel_size': None},
[36m(TaskRunner pid=91641)[0m                                  'optim': {'_target_': 'verl.workers.config.McoreOptimizerConfig',
[36m(TaskRunner pid=91641)[0m                                            'betas': [0.9, 0.999],
[36m(TaskRunner pid=91641)[0m                                            'clip_grad': 1.0,
[36m(TaskRunner pid=91641)[0m                                            'lr': 1e-06,
[36m(TaskRunner pid=91641)[0m                                            'lr_decay_steps': None,
[36m(TaskRunner pid=91641)[0m                                            'lr_decay_style': 'constant',
[36m(TaskRunner pid=91641)[0m                                            'lr_warmup_init': 0.0,
[36m(TaskRunner pid=91641)[0m                                            'lr_warmup_steps': -1,
[36m(TaskRunner pid=91641)[0m                                            'lr_warmup_steps_ratio': 0.0,
[36m(TaskRunner pid=91641)[0m                                            'lr_wsd_decay_steps': None,
[36m(TaskRunner pid=91641)[0m                                            'lr_wsd_decay_style': 'exponential',
[36m(TaskRunner pid=91641)[0m                                            'min_lr': 0.0,
[36m(TaskRunner pid=91641)[0m                                            'optimizer': 'adam',
[36m(TaskRunner pid=91641)[0m                                            'override_optimizer_config': {'optimizer_cpu_offload': True,
[36m(TaskRunner pid=91641)[0m                                                                          'optimizer_offload_fraction': 1,
[36m(TaskRunner pid=91641)[0m                                                                          'overlap_cpu_optimizer_d2h_h2d': True,
[36m(TaskRunner pid=91641)[0m                                                                          'use_precision_aware_optimizer': True},
[36m(TaskRunner pid=91641)[0m                                            'total_training_steps': -1,
[36m(TaskRunner pid=91641)[0m                                            'use_checkpoint_opt_param_scheduler': False,
[36m(TaskRunner pid=91641)[0m                                            'weight_decay': 0.01,
[36m(TaskRunner pid=91641)[0m                                            'weight_decay_incr_style': 'constant'},
[36m(TaskRunner pid=91641)[0m                                  'policy_loss': {'_target_': 'verl.workers.config.PolicyLossConfig',
[36m(TaskRunner pid=91641)[0m                                                  'clip_cov_lb': 1.0,
[36m(TaskRunner pid=91641)[0m                                                  'clip_cov_ratio': 0.0002,
[36m(TaskRunner pid=91641)[0m                                                  'clip_cov_ub': 5.0,
[36m(TaskRunner pid=91641)[0m                                                  'kl_cov_ratio': 0.0002,
[36m(TaskRunner pid=91641)[0m                                                  'loss_mode': 'vanilla',
[36m(TaskRunner pid=91641)[0m                                                  'ppo_kl_coef': 0.1},
[36m(TaskRunner pid=91641)[0m                                  'ppo_epochs': 1,
[36m(TaskRunner pid=91641)[0m                                  'ppo_max_token_len_per_gpu': 4096,
[36m(TaskRunner pid=91641)[0m                                  'ppo_micro_batch_size': None,
[36m(TaskRunner pid=91641)[0m                                  'ppo_micro_batch_size_per_gpu': 1,
[36m(TaskRunner pid=91641)[0m                                  'ppo_mini_batch_size': 32,
[36m(TaskRunner pid=91641)[0m                                  'profiler': {'_target_': 'verl.utils.profiler.ProfilerConfig',
[36m(TaskRunner pid=91641)[0m                                               'all_ranks': False,
[36m(TaskRunner pid=91641)[0m                                               'enable': False,
[36m(TaskRunner pid=91641)[0m                                               'ranks': [],
[36m(TaskRunner pid=91641)[0m                                               'save_path': 'outputs/profile',
[36m(TaskRunner pid=91641)[0m                                               'tool': None,
[36m(TaskRunner pid=91641)[0m                                               'tool_config': {'npu': {'_target_': 'verl.utils.profiler.config.NPUToolConfig',
[36m(TaskRunner pid=91641)[0m                                                                       'analysis': True,
[36m(TaskRunner pid=91641)[0m                                                                       'contents': [],
[36m(TaskRunner pid=91641)[0m                                                                       'discrete': False,
[36m(TaskRunner pid=91641)[0m                                                                       'level': 'level0'},
[36m(TaskRunner pid=91641)[0m                                                               'nsys': {'_target_': 'verl.utils.profiler.config.NsightToolConfig',
[36m(TaskRunner pid=91641)[0m                                                                        'discrete': False},
[36m(TaskRunner pid=91641)[0m                                                               'precision_debugger': {'_target_': 'verl.utils.profiler.config.PrecisionDebuggerToolConfig',
[36m(TaskRunner pid=91641)[0m                                                                                      'config_path': None,
[36m(TaskRunner pid=91641)[0m                                                                                      'stages': None,
[36m(TaskRunner pid=91641)[0m                                                                                      'steps': None,
[36m(TaskRunner pid=91641)[0m                                                                                      'strict': False},
[36m(TaskRunner pid=91641)[0m                                                               'torch': {'_target_': 'verl.utils.profiler.config.TorchProfilerToolConfig',
[36m(TaskRunner pid=91641)[0m                                                                         'contents': [],
[36m(TaskRunner pid=91641)[0m                                                                         'discrete': False},
[36m(TaskRunner pid=91641)[0m                                                               'torch_memory': {'_target_': 'verl.utils.profiler.config.TorchMemoryToolConfig',
[36m(TaskRunner pid=91641)[0m                                                                                'stack_depth': 32,
[36m(TaskRunner pid=91641)[0m                                                                                'trace_alloc_max_entries': 100000}}},
[36m(TaskRunner pid=91641)[0m                                  'qat': {'activation_observer': 'static_minmax',
[36m(TaskRunner pid=91641)[0m                                          'enable': False,
[36m(TaskRunner pid=91641)[0m                                          'group_size': 16,
[36m(TaskRunner pid=91641)[0m                                          'ignore_patterns': ['lm_head',
[36m(TaskRunner pid=91641)[0m                                                              'embed_tokens',
[36m(TaskRunner pid=91641)[0m                                                              're:.*mlp.gate$'],
[36m(TaskRunner pid=91641)[0m                                          'mode': 'w4a16',
[36m(TaskRunner pid=91641)[0m                                          'quantization_config_path': None},
[36m(TaskRunner pid=91641)[0m                                  'rollout_n': 5,
[36m(TaskRunner pid=91641)[0m                                  'router_replay': {'_target_': 'verl.workers.config.RouterReplayConfig',
[36m(TaskRunner pid=91641)[0m                                                    'mode': 'disabled',
[36m(TaskRunner pid=91641)[0m                                                    'record_file': None,
[36m(TaskRunner pid=91641)[0m                                                    'replay_file': None},
[36m(TaskRunner pid=91641)[0m                                  'shuffle': False,
[36m(TaskRunner pid=91641)[0m                                  'strategy': 'megatron',
[36m(TaskRunner pid=91641)[0m                                  'tau_neg': 1.05,
[36m(TaskRunner pid=91641)[0m                                  'tau_pos': 1.0,
[36m(TaskRunner pid=91641)[0m                                  'use_dynamic_bsz': False,
[36m(TaskRunner pid=91641)[0m                                  'use_fused_kernels': False,
[36m(TaskRunner pid=91641)[0m                                  'use_kl_loss': False,
[36m(TaskRunner pid=91641)[0m                                  'use_prefix_grouper': False,
[36m(TaskRunner pid=91641)[0m                                  'use_torch_compile': True},
[36m(TaskRunner pid=91641)[0m                        'hybrid_engine': True,
[36m(TaskRunner pid=91641)[0m                        'model': {'_target_': 'verl.workers.config.HFModelConfig',
[36m(TaskRunner pid=91641)[0m                                  'custom_chat_template': None,
[36m(TaskRunner pid=91641)[0m                                  'enable_activation_offload': False,
[36m(TaskRunner pid=91641)[0m                                  'enable_gradient_checkpointing': True,
[36m(TaskRunner pid=91641)[0m                                  'exclude_modules': None,
[36m(TaskRunner pid=91641)[0m                                  'external_lib': None,
[36m(TaskRunner pid=91641)[0m                                  'fused_kernel_options': {'impl_backend': 'torch'},
[36m(TaskRunner pid=91641)[0m                                  'hf_config_path': None,
[36m(TaskRunner pid=91641)[0m                                  'lora': {'a2a_experimental': False,
[36m(TaskRunner pid=91641)[0m                                           'adapter_path': None,
[36m(TaskRunner pid=91641)[0m                                           'alpha': 32,
[36m(TaskRunner pid=91641)[0m                                           'dropout': 0.0,
[36m(TaskRunner pid=91641)[0m                                           'dropout_position': 'pre',
[36m(TaskRunner pid=91641)[0m                                           'dtype': None,
[36m(TaskRunner pid=91641)[0m                                           'exclude_modules': [],
[36m(TaskRunner pid=91641)[0m                                           'freeze_language_model': True,
[36m(TaskRunner pid=91641)[0m                                           'freeze_vision_model': True,
[36m(TaskRunner pid=91641)[0m                                           'freeze_vision_projection': True,
[36m(TaskRunner pid=91641)[0m                                           'lora_A_init_method': 'xavier',
[36m(TaskRunner pid=91641)[0m                                           'lora_B_init_method': 'zero',
[36m(TaskRunner pid=91641)[0m                                           'merge': False,
[36m(TaskRunner pid=91641)[0m                                           'rank': 0,
[36m(TaskRunner pid=91641)[0m                                           'target_modules': ['linear_qkv',
[36m(TaskRunner pid=91641)[0m                                                              'linear_proj',
[36m(TaskRunner pid=91641)[0m                                                              'linear_fc1',
[36m(TaskRunner pid=91641)[0m                                                              'linear_fc2'],
[36m(TaskRunner pid=91641)[0m                                           'type': 'lora'},
[36m(TaskRunner pid=91641)[0m                                  'lora_adapter_path': None,
[36m(TaskRunner pid=91641)[0m                                  'lora_alpha': 16,
[36m(TaskRunner pid=91641)[0m                                  'lora_rank': 0,
[36m(TaskRunner pid=91641)[0m                                  'mtp': {'_target_': 'verl.workers.config.MtpConfig',
[36m(TaskRunner pid=91641)[0m                                          'detach_encoder': False,
[36m(TaskRunner pid=91641)[0m                                          'enable': False,
[36m(TaskRunner pid=91641)[0m                                          'enable_rollout': False,
[36m(TaskRunner pid=91641)[0m                                          'enable_train': False,
[36m(TaskRunner pid=91641)[0m                                          'method': 'mtp',
[36m(TaskRunner pid=91641)[0m                                          'mtp_loss_scaling_factor': 0.1,
[36m(TaskRunner pid=91641)[0m                                          'num_speculative_tokens': 1,
[36m(TaskRunner pid=91641)[0m                                          'speculative_algorithm': 'EAGLE',
[36m(TaskRunner pid=91641)[0m                                          'speculative_eagle_topk': 1,
[36m(TaskRunner pid=91641)[0m                                          'speculative_num_draft_tokens': 4,
[36m(TaskRunner pid=91641)[0m                                          'speculative_num_steps': 3},
[36m(TaskRunner pid=91641)[0m                                  'override_config': {},
[36m(TaskRunner pid=91641)[0m                                  'path': '/home/docker/Qwen3.6-35B-A3B',
[36m(TaskRunner pid=91641)[0m                                  'target_modules': 'all-linear',
[36m(TaskRunner pid=91641)[0m                                  'tiled_mlp': {'enabled': False,
[36m(TaskRunner pid=91641)[0m                                                'num_shards': 4},
[36m(TaskRunner pid=91641)[0m                                  'tokenizer_path': None,
[36m(TaskRunner pid=91641)[0m                                  'trust_remote_code': True,
[36m(TaskRunner pid=91641)[0m                                  'use_fused_kernels': False,
[36m(TaskRunner pid=91641)[0m                                  'use_liger': False,
[36m(TaskRunner pid=91641)[0m                                  'use_remove_padding': False,
[36m(TaskRunner pid=91641)[0m                                  'use_shm': False},
[36m(TaskRunner pid=91641)[0m                        'nccl_timeout': 600,
[36m(TaskRunner pid=91641)[0m                        'ref': {'_target_': 'verl.workers.config.McoreActorConfig',
[36m(TaskRunner pid=91641)[0m                                'load_weight': True,
[36m(TaskRunner pid=91641)[0m                                'log_prob_max_token_len_per_gpu': 4096,
[36m(TaskRunner pid=91641)[0m                                'log_prob_micro_batch_size': None,
[36m(TaskRunner pid=91641)[0m                                'log_prob_micro_batch_size_per_gpu': 1,
[36m(TaskRunner pid=91641)[0m                                'log_prob_use_dynamic_bsz': False,
[36m(TaskRunner pid=91641)[0m                                'megatron': {'_target_': 'verl.workers.config.McoreEngineConfig',
[36m(TaskRunner pid=91641)[0m                                             'context_parallel_size': 1,
[36m(TaskRunner pid=91641)[0m                                             'dist_checkpointing_path': None,
[36m(TaskRunner pid=91641)[0m                                             'dist_checkpointing_prefix': '',
[36m(TaskRunner pid=91641)[0m                                             'dist_ckpt_optim_fully_reshardable': False,
[36m(TaskRunner pid=91641)[0m                                             'distrib_optim_fully_reshardable_mem_efficient': False,
[36m(TaskRunner pid=91641)[0m                                             'dtype': 'bfloat16',
[36m(TaskRunner pid=91641)[0m                                             'dynamic_context_parallel': False,
[36m(TaskRunner pid=91641)[0m                                             'expert_model_parallel_size': 4,
[36m(TaskRunner pid=91641)[0m                                             'expert_tensor_parallel_size': 1,
[36m(TaskRunner pid=91641)[0m                                             'forward_only': True,
[36m(TaskRunner pid=91641)[0m                                             'grad_offload': False,
[36m(TaskRunner pid=91641)[0m                                             'max_seqlen_per_dp_cp_rank': None,
[36m(TaskRunner pid=91641)[0m                                             'optimizer_offload': False,
[36m(TaskRunner pid=91641)[0m                                             'override_ddp_config': {},
[36m(TaskRunner pid=91641)[0m                                             'override_mcore_model_config': {},
[36m(TaskRunner pid=91641)[0m                                             'override_transformer_config': {'attention_backend': 'auto',
[36m(TaskRunner pid=91641)[0m                                                                             'moe_aux_loss_coeff': 0.01,
[36m(TaskRunner pid=91641)[0m                                                                             'moe_grouped_gemm': True,
[36m(TaskRunner pid=91641)[0m                                                                             'moe_permute_fusion': True,
[36m(TaskRunner pid=91641)[0m                                                                             'moe_token_dispatcher_type': 'alltoall',
[36m(TaskRunner pid=91641)[0m                                                                             'moe_z_loss_coeff': 0.001,
[36m(TaskRunner pid=91641)[0m                                                                             'recompute_granularity': 'full',
[36m(TaskRunner pid=91641)[0m                                                                             'recompute_method': 'uniform',
[36m(TaskRunner pid=91641)[0m                                                                             'recompute_modules': ['core_attn'],
[36m(TaskRunner pid=91641)[0m                                                                             'recompute_num_layers': 1,
[36m(TaskRunner pid=91641)[0m                                                                             'use_flash_attn': True,
[36m(TaskRunner pid=91641)[0m                                                                             'use_naive_l2norm': True},
[36m(TaskRunner pid=91641)[0m                                             'param_offload': True,
[36m(TaskRunner pid=91641)[0m                                             'pipeline_model_parallel_size': 2,
[36m(TaskRunner pid=91641)[0m                                             'qat': {'_target_': 'verl.workers.config.QATEngineConfig',
[36m(TaskRunner pid=91641)[0m                                                     'activation_observer': None,
[36m(TaskRunner pid=91641)[0m                                                     'enable': False,
[36m(TaskRunner pid=91641)[0m                                                     'group_size': 16,
[36m(TaskRunner pid=91641)[0m                                                     'ignore_patterns': ['lm_head',
[36m(TaskRunner pid=91641)[0m                                                                         '*mlp.gate'],
[36m(TaskRunner pid=91641)[0m                                                     'mode': 'w4a16',
[36m(TaskRunner pid=91641)[0m                                                     'quantization_config_path': None},
[36m(TaskRunner pid=91641)[0m                                             'router_replay': {'_target_': 'verl.workers.config.EngineRouterReplayConfig',
[36m(TaskRunner pid=91641)[0m                                                               'mode': 'disabled',
[36m(TaskRunner pid=91641)[0m                                                               'record_file': None,
[36m(TaskRunner pid=91641)[0m                                                               'replay_file': None},
[36m(TaskRunner pid=91641)[0m                                             'seed': 42,
[36m(TaskRunner pid=91641)[0m                                             'sequence_parallel': True,
[36m(TaskRunner pid=91641)[0m                                             'tensor_model_parallel_size': 2,
[36m(TaskRunner pid=91641)[0m                                             'use_dist_checkpointing': False,
[36m(TaskRunner pid=91641)[0m                                             'use_distributed_optimizer': True,
[36m(TaskRunner pid=91641)[0m                                             'use_mbridge': True,
[36m(TaskRunner pid=91641)[0m                                             'use_megatron_fsdp': False,
[36m(TaskRunner pid=91641)[0m                                             'use_remove_padding': False,
[36m(TaskRunner pid=91641)[0m                                             'vanilla_mbridge': False,
[36m(TaskRunner pid=91641)[0m                                             'virtual_pipeline_model_parallel_size': None},
[36m(TaskRunner pid=91641)[0m                                'profiler': {'_target_': 'verl.utils.profiler.ProfilerConfig',
[36m(TaskRunner pid=91641)[0m                                             'all_ranks': False,
[36m(TaskRunner pid=91641)[0m                                             'enable': False,
[36m(TaskRunner pid=91641)[0m                                             'ranks': [],
[36m(TaskRunner pid=91641)[0m                                             'save_path': 'outputs/profile',
[36m(TaskRunner pid=91641)[0m                                             'tool': None,
[36m(TaskRunner pid=91641)[0m                                             'tool_config': {'npu': {'_target_': 'verl.utils.profiler.config.NPUToolConfig',
[36m(TaskRunner pid=91641)[0m                                                                     'analysis': True,
[36m(TaskRunner pid=91641)[0m                                                                     'contents': [],
[36m(TaskRunner pid=91641)[0m                                                                     'discrete': False,
[36m(TaskRunner pid=91641)[0m                                                                     'level': 'level0'},
[36m(TaskRunner pid=91641)[0m                                                             'nsys': {'_target_': 'verl.utils.profiler.config.NsightToolConfig',
[36m(TaskRunner pid=91641)[0m                                                                      'discrete': False},
[36m(TaskRunner pid=91641)[0m                                                             'precision_debugger': {'_target_': 'verl.utils.profiler.config.PrecisionDebuggerToolConfig',
[36m(TaskRunner pid=91641)[0m                                                                                    'config_path': None,
[36m(TaskRunner pid=91641)[0m                                                                                    'stages': None,
[36m(TaskRunner pid=91641)[0m                                                                                    'steps': None,
[36m(TaskRunner pid=91641)[0m                                                                                    'strict': False},
[36m(TaskRunner pid=91641)[0m                                                             'torch': {'_target_': 'verl.utils.profiler.config.TorchProfilerToolConfig',
[36m(TaskRunner pid=91641)[0m                                                                       'contents': [],
[36m(TaskRunner pid=91641)[0m                                                                       'discrete': False},
[36m(TaskRunner pid=91641)[0m                                                             'torch_memory': {'_target_': 'verl.utils.profiler.config.TorchMemoryToolConfig',
[36m(TaskRunner pid=91641)[0m                                                                              'stack_depth': 32,
[36m(TaskRunner pid=91641)[0m                                                                              'trace_alloc_max_entries': 100000}}},
[36m(TaskRunner pid=91641)[0m                                'rollout_n': 5,
[36m(TaskRunner pid=91641)[0m                                'router_replay': {'_target_': 'verl.workers.config.RouterReplayConfig',
[36m(TaskRunner pid=91641)[0m                                                  'mode': 'disabled',
[36m(TaskRunner pid=91641)[0m                                                  'record_file': None,
[36m(TaskRunner pid=91641)[0m                                                  'replay_file': None},
[36m(TaskRunner pid=91641)[0m                                'strategy': 'megatron',
[36m(TaskRunner pid=91641)[0m                                'use_torch_compile': True},
[36m(TaskRunner pid=91641)[0m                        'rollout': {'_target_': 'verl.workers.config.RolloutConfig',
[36m(TaskRunner pid=91641)[0m                                    'agent': {'_target_': 'verl.workers.config.AgentLoopConfig',
[36m(TaskRunner pid=91641)[0m                                              'agent_loop_config_path': None,
[36m(TaskRunner pid=91641)[0m                                              'custom_async_server': {'_target_': 'verl.workers.config.CustomAsyncServerConfig',
[36m(TaskRunner pid=91641)[0m                                                                      'name': None,
[36m(TaskRunner pid=91641)[0m                                                                      'path': None},
[36m(TaskRunner pid=91641)[0m                                              'default_agent_loop': 'single_turn_agent',
[36m(TaskRunner pid=91641)[0m                                              'num_workers': 8},
[36m(TaskRunner pid=91641)[0m                                    'calculate_log_probs': True,
[36m(TaskRunner pid=91641)[0m                                    'checkpoint_engine': {'_target_': 'verl.workers.config.CheckpointEngineConfig',
[36m(TaskRunner pid=91641)[0m                                                          'backend': 'naive',
[36m(TaskRunner pid=91641)[0m                                                          'custom_backend_module': None,
[36m(TaskRunner pid=91641)[0m                                                          'engine_kwargs': {},
[36m(TaskRunner pid=91641)[0m                                                          'update_weights_bucket_megabytes': 2048},
[36m(TaskRunner pid=91641)[0m                                    'cudagraph_capture_sizes': None,
[36m(TaskRunner pid=91641)[0m                                    'data_parallel_size': 1,
[36m(TaskRunner pid=91641)[0m                                    'disable_log_stats': True,
[36m(TaskRunner pid=91641)[0m                                    'disaggregation': {'bootstrap_port': None,
[36m(TaskRunner pid=91641)[0m                                                       'decode_replicas': 1,
[36m(TaskRunner pid=91641)[0m                                                       'decode_tensor_model_parallel_size': None,
[36m(TaskRunner pid=91641)[0m                                                       'enabled': False,
[36m(TaskRunner pid=91641)[0m                                                       'ib_device': None,
[36m(TaskRunner pid=91641)[0m                                                       'prefill_replicas': 1,
[36m(TaskRunner pid=91641)[0m                                                       'transfer_backend': 'nixl'},
[36m(TaskRunner pid=91641)[0m                                    'do_sample': True,
[36m(TaskRunner pid=91641)[0m                                    'dtype': 'bfloat16',
[36m(TaskRunner pid=91641)[0m                                    'enable_chunked_prefill': True,
[36m(TaskRunner pid=91641)[0m                                    'enable_prefix_caching': True,
[36m(TaskRunner pid=91641)[0m                                    'enable_rollout_routing_replay': False,
[36m(TaskRunner pid=91641)[0m                                    'enforce_eager': False,
[36m(TaskRunner pid=91641)[0m                                    'engine_kwargs': {'sglang': {},
[36m(TaskRunner pid=91641)[0m                                                      'trtllm': {},
[36m(TaskRunner pid=91641)[0m                                                      'vllm': {}},
[36m(TaskRunner pid=91641)[0m                                    'expert_parallel_size': 1,
[36m(TaskRunner pid=91641)[0m                                    'free_cache_engine': True,
[36m(TaskRunner pid=91641)[0m                                    'gpu_memory_utilization': 0.6,
[36m(TaskRunner pid=91641)[0m                                    'ignore_eos': False,
[36m(TaskRunner pid=91641)[0m                                    'layered_summon': False,
[36m(TaskRunner pid=91641)[0m                                    'load_format': 'dummy',
[36m(TaskRunner pid=91641)[0m                                    'log_prob_max_token_len_per_gpu': 4096,
[36m(TaskRunner pid=91641)[0m                                    'log_prob_micro_batch_size': None,
[36m(TaskRunner pid=91641)[0m                                    'log_prob_micro_batch_size_per_gpu': 1,
[36m(TaskRunner pid=91641)[0m                                    'log_prob_use_dynamic_bsz': False,
[36m(TaskRunner pid=91641)[0m                                    'logprobs_mode': 'processed_logprobs',
[36m(TaskRunner pid=91641)[0m                                    'max_model_len': None,
[36m(TaskRunner pid=91641)[0m                                    'max_num_batched_tokens': 8192,
[36m(TaskRunner pid=91641)[0m                                    'max_num_seqs': 1024,
[36m(TaskRunner pid=91641)[0m                                    'mode': 'async',
[36m(TaskRunner pid=91641)[0m                                    'mtp': {'_target_': 'verl.workers.config.MtpConfig',
[36m(TaskRunner pid=91641)[0m                                            'detach_encoder': False,
[36m(TaskRunner pid=91641)[0m                                            'enable': False,
[36m(TaskRunner pid=91641)[0m                                            'enable_rollout': False,
[36m(TaskRunner pid=91641)[0m                                            'enable_train': False,
[36m(TaskRunner pid=91641)[0m                                            'method': 'mtp',
[36m(TaskRunner pid=91641)[0m                                            'mtp_loss_scaling_factor': 0.1,
[36m(TaskRunner pid=91641)[0m                                            'num_speculative_tokens': 1,
[36m(TaskRunner pid=91641)[0m                                            'speculative_algorithm': 'EAGLE',
[36m(TaskRunner pid=91641)[0m                                            'speculative_eagle_topk': 1,
[36m(TaskRunner pid=91641)[0m                                            'speculative_num_draft_tokens': 4,
[36m(TaskRunner pid=91641)[0m                                            'speculative_num_steps': 3},
[36m(TaskRunner pid=91641)[0m                                    'multi_stage_wake_up': False,
[36m(TaskRunner pid=91641)[0m                                    'multi_turn': {'_target_': 'verl.workers.config.MultiTurnConfig',
[36m(TaskRunner pid=91641)[0m                                                   'enable': False,
[36m(TaskRunner pid=91641)[0m                                                   'format': 'hermes',
[36m(TaskRunner pid=91641)[0m                                                   'function_tool_path': None,
[36m(TaskRunner pid=91641)[0m                                                   'max_assistant_turns': None,
[36m(TaskRunner pid=91641)[0m                                                   'max_parallel_calls': 1,
[36m(TaskRunner pid=91641)[0m                                                   'max_tool_response_length': 256,
[36m(TaskRunner pid=91641)[0m                                                   'max_user_turns': None,
[36m(TaskRunner pid=91641)[0m                                                   'num_repeat_rollouts': None,
[36m(TaskRunner pid=91641)[0m                                                   'tokenization_sanity_check_mode': 'strict',
[36m(TaskRunner pid=91641)[0m                                                   'tool_config_path': None,
[36m(TaskRunner pid=91641)[0m                                                   'tool_response_truncate_side': 'middle',
[36m(TaskRunner pid=91641)[0m                                                   'use_inference_chat_template': False},
[36m(TaskRunner pid=91641)[0m                                    'n': 5,
[36m(TaskRunner pid=91641)[0m                                    'n_gpus_per_node': 8,
[36m(TaskRunner pid=91641)[0m                                    'name': 'vllm',
[36m(TaskRunner pid=91641)[0m                                    'nnodes': 0,
[36m(TaskRunner pid=91641)[0m                                    'over_sample_rate': 0,
[36m(TaskRunner pid=91641)[0m                                    'pipeline_model_parallel_size': 1,
[36m(TaskRunner pid=91641)[0m                                    'profiler': {'_target_': 'verl.utils.profiler.ProfilerConfig',
[36m(TaskRunner pid=91641)[0m                                                 'all_ranks': False,
[36m(TaskRunner pid=91641)[0m                                                 'enable': False,
[36m(TaskRunner pid=91641)[0m                                                 'ranks': [],
[36m(TaskRunner pid=91641)[0m                                                 'save_path': 'outputs/profile',
[36m(TaskRunner pid=91641)[0m                                                 'tool': None,
[36m(TaskRunner pid=91641)[0m                                                 'tool_config': {'npu': {'_target_': 'verl.utils.profiler.config.NPUToolConfig',
[36m(TaskRunner pid=91641)[0m                                                                         'analysis': True,
[36m(TaskRunner pid=91641)[0m                                                                         'contents': [],
[36m(TaskRunner pid=91641)[0m                                                                         'discrete': False,
[36m(TaskRunner pid=91641)[0m                                                                         'level': 'level0'},
[36m(TaskRunner pid=91641)[0m                                                                 'precision_debugger': {'_target_': 'verl.utils.profiler.config.PrecisionDebuggerToolConfig',
[36m(TaskRunner pid=91641)[0m                                                                                        'config_path': None,
[36m(TaskRunner pid=91641)[0m                                                                                        'stages': None,
[36m(TaskRunner pid=91641)[0m                                                                                        'steps': None,
[36m(TaskRunner pid=91641)[0m                                                                                        'strict': False},
[36m(TaskRunner pid=91641)[0m                                                                 'torch': {'_target_': 'verl.utils.profiler.config.TorchProfilerToolConfig',
[36m(TaskRunner pid=91641)[0m                                                                           'contents': [],
[36m(TaskRunner pid=91641)[0m                                                                           'discrete': False}}},
[36m(TaskRunner pid=91641)[0m                                    'prometheus': {'_target_': 'verl.workers.config.PrometheusConfig',
[36m(TaskRunner pid=91641)[0m                                                   'enable': False,
[36m(TaskRunner pid=91641)[0m                                                   'file': '/tmp/ray/session_latest/metrics/prometheus/prometheus.yml',
[36m(TaskRunner pid=91641)[0m                                                   'port': 9090,
[36m(TaskRunner pid=91641)[0m                                                   'served_model_name': '/home/docker/Qwen3.6-35B-A3B'},
[36m(TaskRunner pid=91641)[0m                                    'prompt_length': 1024,
[36m(TaskRunner pid=91641)[0m                                    'qat': {'_target_': 'verl.workers.config.QATEngineConfig',
[36m(TaskRunner pid=91641)[0m                                            'activation_observer': None,
[36m(TaskRunner pid=91641)[0m                                            'enable': False,
[36m(TaskRunner pid=91641)[0m                                            'group_size': 16,
[36m(TaskRunner pid=91641)[0m                                            'ignore_patterns': ['lm_head',
[36m(TaskRunner pid=91641)[0m                                                                '*mlp.gate'],
[36m(TaskRunner pid=91641)[0m                                            'mode': 'w4a16',
[36m(TaskRunner pid=91641)[0m                                            'quantization_config_path': None},
[36m(TaskRunner pid=91641)[0m                                    'quantization': None,
[36m(TaskRunner pid=91641)[0m                                    'quantization_config_file': None,
[36m(TaskRunner pid=91641)[0m                                    'response_length': 2048,
[36m(TaskRunner pid=91641)[0m                                    'scheduling_policy': 'fcfs',
[36m(TaskRunner pid=91641)[0m                                    'skip': {'_target_': 'verl.workers.config.SkipConfig',
[36m(TaskRunner pid=91641)[0m                                             'action': 'cache',
[36m(TaskRunner pid=91641)[0m                                             'dump_dir': '~/.verl/rollout_dump',
[36m(TaskRunner pid=91641)[0m                                             'enable': False,
[36m(TaskRunner pid=91641)[0m                                             'max_dump_step': 1},
[36m(TaskRunner pid=91641)[0m                                    'skip_tokenizer_init': True,
[36m(TaskRunner pid=91641)[0m                                    'temperature': 1.0,
[36m(TaskRunner pid=91641)[0m                                    'tensor_model_parallel_size': 8,
[36m(TaskRunner pid=91641)[0m                                    'top_k': -1,
[36m(TaskRunner pid=91641)[0m                                    'top_p': 1,
[36m(TaskRunner pid=91641)[0m                                    'trace': {'_target_': 'verl.workers.config.TraceConfig',
[36m(TaskRunner pid=91641)[0m                                              'backend': None,
[36m(TaskRunner pid=91641)[0m                                              'experiment_name': 'qwen3_5_35b_megatron',
[36m(TaskRunner pid=91641)[0m                                              'max_samples_per_step_per_worker': None,
[36m(TaskRunner pid=91641)[0m                                              'project_name': 'verl_grpo_qwen3_5_35b_geo3k',
[36m(TaskRunner pid=91641)[0m                                              'token2text': False},
[36m(TaskRunner pid=91641)[0m                                    'val_kwargs': {'_target_': 'verl.workers.config.SamplingConfig',
[36m(TaskRunner pid=91641)[0m                                                   'do_sample': False,
[36m(TaskRunner pid=91641)[0m                                                   'n': 1,
[36m(TaskRunner pid=91641)[0m                                                   'temperature': 0,
[36m(TaskRunner pid=91641)[0m                                                   'top_k': -1,
[36m(TaskRunner pid=91641)[0m                                                   'top_p': 1.0}}},
[36m(TaskRunner pid=91641)[0m  'algorithm': {'_target_': 'verl.trainer.config.AlgoConfig',
[36m(TaskRunner pid=91641)[0m                'adv_estimator': 'grpo',
[36m(TaskRunner pid=91641)[0m                'gamma': 1.0,
[36m(TaskRunner pid=91641)[0m                'kl_ctrl': {'_target_': 'verl.trainer.config.KLControlConfig',
[36m(TaskRunner pid=91641)[0m                            'horizon': 10000,
[36m(TaskRunner pid=91641)[0m                            'kl_coef': 0.001,
[36m(TaskRunner pid=91641)[0m                            'target_kl': 0.1,
[36m(TaskRunner pid=91641)[0m                            'type': 'fixed'},
[36m(TaskRunner pid=91641)[0m                'kl_penalty': 'kl',
[36m(TaskRunner pid=91641)[0m                'lam': 1.0,
[36m(TaskRunner pid=91641)[0m                'norm_adv_by_std_in_grpo': True,
[36m(TaskRunner pid=91641)[0m                'pf_ppo': {'reweight_method': 'pow', 'weight_pow': 2.0},
[36m(TaskRunner pid=91641)[0m                'rollout_correction': {'bypass_mode': False,
[36m(TaskRunner pid=91641)[0m                                       'loss_type': 'ppo_clip',
[36m(TaskRunner pid=91641)[0m                                       'rollout_is': None,
[36m(TaskRunner pid=91641)[0m                                       'rollout_is_batch_normalize': False,
[36m(TaskRunner pid=91641)[0m                                       'rollout_is_threshold': 2.0,
[36m(TaskRunner pid=91641)[0m                                       'rollout_rs': None,
[36m(TaskRunner pid=91641)[0m                                       'rollout_rs_threshold': None},
[36m(TaskRunner pid=91641)[0m                'use_kl_in_reward': False,
[36m(TaskRunner pid=91641)[0m                'use_pf_ppo': False},
[36m(TaskRunner pid=91641)[0m  'critic': {'_target_': 'verl.workers.config.McoreCriticConfig',
[36m(TaskRunner pid=91641)[0m             'checkpoint': {'_target_': 'verl.trainer.config.CheckpointConfig',
[36m(TaskRunner pid=91641)[0m                            'async_save': False,
[36m(TaskRunner pid=91641)[0m                            'load_contents': ['model', 'optimizer', 'extra'],
[36m(TaskRunner pid=91641)[0m                            'mbridge_config': {},
[36m(TaskRunner pid=91641)[0m                            'save_contents': ['model', 'optimizer', 'extra']},
[36m(TaskRunner pid=91641)[0m             'cliprange_value': 0.5,
[36m(TaskRunner pid=91641)[0m             'data_loader_seed': 42,
[36m(TaskRunner pid=91641)[0m             'enable': None,
[36m(TaskRunner pid=91641)[0m             'forward_max_token_len_per_gpu': 32768,
[36m(TaskRunner pid=91641)[0m             'load_weight': True,
[36m(TaskRunner pid=91641)[0m             'loss_agg_mode': 'token-mean',
[36m(TaskRunner pid=91641)[0m             'megatron': {'_target_': 'verl.workers.config.McoreEngineConfig',
[36m(TaskRunner pid=91641)[0m                          'context_parallel_size': 1,
[36m(TaskRunner pid=91641)[0m                          'dist_checkpointing_path': None,
[36m(TaskRunner pid=91641)[0m                          'dist_checkpointing_prefix': '',
[36m(TaskRunner pid=91641)[0m                          'dist_ckpt_optim_fully_reshardable': False,
[36m(TaskRunner pid=91641)[0m                          'distrib_optim_fully_reshardable_mem_efficient': False,
[36m(TaskRunner pid=91641)[0m                          'dtype': 'bfloat16',
[36m(TaskRunner pid=91641)[0m                          'dynamic_context_parallel': False,
[36m(TaskRunner pid=91641)[0m                          'expert_model_parallel_size': 1,
[36m(TaskRunner pid=91641)[0m                          'expert_tensor_parallel_size': None,
[36m(TaskRunner pid=91641)[0m                          'forward_only': False,
[36m(TaskRunner pid=91641)[0m                          'grad_offload': False,
[36m(TaskRunner pid=91641)[0m                          'max_seqlen_per_dp_cp_rank': None,
[36m(TaskRunner pid=91641)[0m                          'optimizer_offload': False,
[36m(TaskRunner pid=91641)[0m                          'override_ddp_config': {},
[36m(TaskRunner pid=91641)[0m                          'override_mcore_model_config': {},
[36m(TaskRunner pid=91641)[0m                          'override_transformer_config': {'attention_backend': 'flash',
[36m(TaskRunner pid=91641)[0m                                                          'recompute_granularity': None,
[36m(TaskRunner pid=91641)[0m                                                          'recompute_method': None,
[36m(TaskRunner pid=91641)[0m                                                          'recompute_modules': ['core_attn'],
[36m(TaskRunner pid=91641)[0m                                                          'recompute_num_layers': None},
[36m(TaskRunner pid=91641)[0m                          'param_offload': False,
[36m(TaskRunner pid=91641)[0m                          'pipeline_model_parallel_size': 1,
[36m(TaskRunner pid=91641)[0m                          'qat': {'_target_': 'verl.workers.config.QATEngineConfig',
[36m(TaskRunner pid=91641)[0m                                  'activation_observer': None,
[36m(TaskRunner pid=91641)[0m                                  'enable': False,
[36m(TaskRunner pid=91641)[0m                                  'group_size': 16,
[36m(TaskRunner pid=91641)[0m                                  'ignore_patterns': ['lm_head', '*mlp.gate'],
[36m(TaskRunner pid=91641)[0m                                  'mode': 'w4a16',
[36m(TaskRunner pid=91641)[0m                                  'quantization_config_path': None},
[36m(TaskRunner pid=91641)[0m                          'router_replay': {'_target_': 'verl.workers.config.EngineRouterReplayConfig',
[36m(TaskRunner pid=91641)[0m                                            'mode': 'disabled',
[36m(TaskRunner pid=91641)[0m                                            'record_file': None,
[36m(TaskRunner pid=91641)[0m                                            'replay_file': None},
[36m(TaskRunner pid=91641)[0m                          'seed': 42,
[36m(TaskRunner pid=91641)[0m                          'sequence_parallel': True,
[36m(TaskRunner pid=91641)[0m                          'tensor_model_parallel_size': 1,
[36m(TaskRunner pid=91641)[0m                          'use_dist_checkpointing': False,
[36m(TaskRunner pid=91641)[0m                          'use_distributed_optimizer': True,
[36m(TaskRunner pid=91641)[0m                          'use_mbridge': True,
[36m(TaskRunner pid=91641)[0m                          'use_megatron_fsdp': False,
[36m(TaskRunner pid=91641)[0m                          'use_remove_padding': True,
[36m(TaskRunner pid=91641)[0m                          'vanilla_mbridge': True,
[36m(TaskRunner pid=91641)[0m                          'virtual_pipeline_model_parallel_size': None},
[36m(TaskRunner pid=91641)[0m             'model': {'_target_': 'verl.workers.config.HFModelConfig',
[36m(TaskRunner pid=91641)[0m                       'custom_chat_template': None,
[36m(TaskRunner pid=91641)[0m                       'enable_activation_offload': False,
[36m(TaskRunner pid=91641)[0m                       'enable_gradient_checkpointing': True,
[36m(TaskRunner pid=91641)[0m                       'exclude_modules': None,
[36m(TaskRunner pid=91641)[0m                       'external_lib': None,
[36m(TaskRunner pid=91641)[0m                       'fused_kernel_options': {'impl_backend': 'torch'},
[36m(TaskRunner pid=91641)[0m                       'hf_config_path': None,
[36m(TaskRunner pid=91641)[0m                       'lora': {'a2a_experimental': False,
[36m(TaskRunner pid=91641)[0m                                'adapter_path': None,
[36m(TaskRunner pid=91641)[0m                                'alpha': 32,
[36m(TaskRunner pid=91641)[0m                                'dropout': 0.0,
[36m(TaskRunner pid=91641)[0m                                'dropout_position': 'pre',
[36m(TaskRunner pid=91641)[0m                                'dtype': None,
[36m(TaskRunner pid=91641)[0m                                'exclude_modules': [],
[36m(TaskRunner pid=91641)[0m                                'freeze_language_model': True,
[36m(TaskRunner pid=91641)[0m                                'freeze_vision_model': True,
[36m(TaskRunner pid=91641)[0m                                'freeze_vision_projection': True,
[36m(TaskRunner pid=91641)[0m                                'lora_A_init_method': 'xavier',
[36m(TaskRunner pid=91641)[0m                                'lora_B_init_method': 'zero',
[36m(TaskRunner pid=91641)[0m                                'merge': False,
[36m(TaskRunner pid=91641)[0m                                'rank': 0,
[36m(TaskRunner pid=91641)[0m                                'target_modules': ['linear_qkv',
[36m(TaskRunner pid=91641)[0m                                                   'linear_proj',
[36m(TaskRunner pid=91641)[0m                                                   'linear_fc1',
[36m(TaskRunner pid=91641)[0m                                                   'linear_fc2'],
[36m(TaskRunner pid=91641)[0m                                'type': 'lora'},
[36m(TaskRunner pid=91641)[0m                       'lora_adapter_path': None,
[36m(TaskRunner pid=91641)[0m                       'lora_alpha': 16,
[36m(TaskRunner pid=91641)[0m                       'lora_rank': 0,
[36m(TaskRunner pid=91641)[0m                       'mtp': {'_target_': 'verl.workers.config.MtpConfig',
[36m(TaskRunner pid=91641)[0m                               'detach_encoder': False,
[36m(TaskRunner pid=91641)[0m                               'enable': False,
[36m(TaskRunner pid=91641)[0m                               'enable_rollout': False,
[36m(TaskRunner pid=91641)[0m                               'enable_train': False,
[36m(TaskRunner pid=91641)[0m                               'method': 'mtp',
[36m(TaskRunner pid=91641)[0m                               'mtp_loss_scaling_factor': 0.1,
[36m(TaskRunner pid=91641)[0m                               'num_speculative_tokens': 1,
[36m(TaskRunner pid=91641)[0m                               'speculative_algorithm': 'EAGLE',
[36m(TaskRunner pid=91641)[0m                               'speculative_eagle_topk': 1,
[36m(TaskRunner pid=91641)[0m                               'speculative_num_draft_tokens': 4,
[36m(TaskRunner pid=91641)[0m                               'speculative_num_steps': 3},
[36m(TaskRunner pid=91641)[0m                       'override_config': {},
[36m(TaskRunner pid=91641)[0m                       'path': '~/models/deepseek-llm-7b-chat',
[36m(TaskRunner pid=91641)[0m                       'target_modules': 'all-linear',
[36m(TaskRunner pid=91641)[0m                       'tiled_mlp': {'enabled': False, 'num_shards': 4},
[36m(TaskRunner pid=91641)[0m                       'tokenizer_path': None,
[36m(TaskRunner pid=91641)[0m                       'trust_remote_code': False,
[36m(TaskRunner pid=91641)[0m                       'use_fused_kernels': False,
[36m(TaskRunner pid=91641)[0m                       'use_liger': False,
[36m(TaskRunner pid=91641)[0m                       'use_remove_padding': True,
[36m(TaskRunner pid=91641)[0m                       'use_shm': False},
[36m(TaskRunner pid=91641)[0m             'nccl_timeout': 600,
[36m(TaskRunner pid=91641)[0m             'optim': {'_target_': 'verl.workers.config.McoreOptimizerConfig',
[36m(TaskRunner pid=91641)[0m                       'betas': [0.9, 0.999],
[36m(TaskRunner pid=91641)[0m                       'clip_grad': 1.0,
[36m(TaskRunner pid=91641)[0m                       'lr': 1e-05,
[36m(TaskRunner pid=91641)[0m                       'lr_decay_steps': None,
[36m(TaskRunner pid=91641)[0m                       'lr_decay_style': 'constant',
[36m(TaskRunner pid=91641)[0m                       'lr_warmup_init': 0.0,
[36m(TaskRunner pid=91641)[0m                       'lr_warmup_steps': -1,
[36m(TaskRunner pid=91641)[0m                       'lr_warmup_steps_ratio': 0.0,
[36m(TaskRunner pid=91641)[0m                       'lr_wsd_decay_steps': None,
[36m(TaskRunner pid=91641)[0m                       'lr_wsd_decay_style': 'exponential',
[36m(TaskRunner pid=91641)[0m                       'min_lr': 0.0,
[36m(TaskRunner pid=91641)[0m                       'optimizer': 'adam',
[36m(TaskRunner pid=91641)[0m                       'override_optimizer_config': {},
[36m(TaskRunner pid=91641)[0m                       'total_training_steps': -1,
[36m(TaskRunner pid=91641)[0m                       'use_checkpoint_opt_param_scheduler': False,
[36m(TaskRunner pid=91641)[0m                       'weight_decay': 0.01,
[36m(TaskRunner pid=91641)[0m                       'weight_decay_incr_style': 'constant'},
[36m(TaskRunner pid=91641)[0m             'ppo_epochs': 1,
[36m(TaskRunner pid=91641)[0m             'ppo_max_token_len_per_gpu': 32768,
[36m(TaskRunner pid=91641)[0m             'ppo_micro_batch_size': None,
[36m(TaskRunner pid=91641)[0m             'ppo_micro_batch_size_per_gpu': None,
[36m(TaskRunner pid=91641)[0m             'ppo_mini_batch_size': 32,
[36m(TaskRunner pid=91641)[0m             'profiler': {'_target_': 'verl.utils.profiler.ProfilerConfig',
[36m(TaskRunner pid=91641)[0m                          'all_ranks': False,
[36m(TaskRunner pid=91641)[0m                          'enable': False,
[36m(TaskRunner pid=91641)[0m                          'ranks': [],
[36m(TaskRunner pid=91641)[0m                          'save_path': 'outputs/profile',
[36m(TaskRunner pid=91641)[0m                          'tool': None,
[36m(TaskRunner pid=91641)[0m                          'tool_config': {'npu': {'_target_': 'verl.utils.profiler.config.NPUToolConfig',
[36m(TaskRunner pid=91641)[0m                                                  'analysis': True,
[36m(TaskRunner pid=91641)[0m                                                  'contents': [],
[36m(TaskRunner pid=91641)[0m                                                  'discrete': False,
[36m(TaskRunner pid=91641)[0m                                                  'level': 'level0'},
[36m(TaskRunner pid=91641)[0m                                          'nsys': {'_target_': 'verl.utils.profiler.config.NsightToolConfig',
[36m(TaskRunner pid=91641)[0m                                                   'discrete': False},
[36m(TaskRunner pid=91641)[0m                                          'precision_debugger': {'_target_': 'verl.utils.profiler.config.PrecisionDebuggerToolConfig',
[36m(TaskRunner pid=91641)[0m                                                                 'config_path': None,
[36m(TaskRunner pid=91641)[0m                                                                 'stages': None,
[36m(TaskRunner pid=91641)[0m                                                                 'steps': None,
[36m(TaskRunner pid=91641)[0m                                                                 'strict': False},
[36m(TaskRunner pid=91641)[0m                                          'torch': {'_target_': 'verl.utils.profiler.config.TorchProfilerToolConfig',
[36m(TaskRunner pid=91641)[0m                                                    'contents': [],
[36m(TaskRunner pid=91641)[0m                                                    'discrete': False},
[36m(TaskRunner pid=91641)[0m                                          'torch_memory': {'_target_': 'verl.utils.profiler.config.TorchMemoryToolConfig',
[36m(TaskRunner pid=91641)[0m                                                           'stack_depth': 32,
[36m(TaskRunner pid=91641)[0m                                                           'trace_alloc_max_entries': 100000}}},
[36m(TaskRunner pid=91641)[0m             'rollout_n': 5,
[36m(TaskRunner pid=91641)[0m             'shuffle': False,
[36m(TaskRunner pid=91641)[0m             'strategy': 'megatron',
[36m(TaskRunner pid=91641)[0m             'use_dynamic_bsz': False},
[36m(TaskRunner pid=91641)[0m  'data': {'apply_chat_template_kwargs': {},
[36m(TaskRunner pid=91641)[0m           'audio_key': 'audios',
[36m(TaskRunner pid=91641)[0m           'custom_cls': {'name': None, 'path': None},
[36m(TaskRunner pid=91641)[0m           'dataloader_num_workers': 8,
[36m(TaskRunner pid=91641)[0m           'filter_overlong_prompts': True,
[36m(TaskRunner pid=91641)[0m           'filter_overlong_prompts_workers': 1,
[36m(TaskRunner pid=91641)[0m           'function_tool_path': None,
[36m(TaskRunner pid=91641)[0m           'image_key': 'images',
[36m(TaskRunner pid=91641)[0m           'image_patch_size': 14,
[36m(TaskRunner pid=91641)[0m           'max_prompt_length': 1024,
[36m(TaskRunner pid=91641)[0m           'max_response_length': 2048,
[36m(TaskRunner pid=91641)[0m           'mm_processor_kwargs': {},
[36m(TaskRunner pid=91641)[0m           'prompt_key': 'prompt',
[36m(TaskRunner pid=91641)[0m           'return_full_prompt': False,
[36m(TaskRunner pid=91641)[0m           'return_multi_modal_inputs': True,
[36m(TaskRunner pid=91641)[0m           'return_raw_chat': True,
[36m(TaskRunner pid=91641)[0m           'return_raw_input_ids': False,
[36m(TaskRunner pid=91641)[0m           'reward_fn_key': 'data_source',
[36m(TaskRunner pid=91641)[0m           'seed': None,
[36m(TaskRunner pid=91641)[0m           'shuffle': True,
[36m(TaskRunner pid=91641)[0m           'tokenizer': None,
[36m(TaskRunner pid=91641)[0m           'tool_config_path': None,
[36m(TaskRunner pid=91641)[0m           'train_batch_size': 32,
[36m(TaskRunner pid=91641)[0m           'train_files': '/workspace/datasets/geo3k/train.parquet',
[36m(TaskRunner pid=91641)[0m           'train_max_samples': -1,
[36m(TaskRunner pid=91641)[0m           'truncation': 'error',
[36m(TaskRunner pid=91641)[0m           'trust_remote_code': False,
[36m(TaskRunner pid=91641)[0m           'use_shm': False,
[36m(TaskRunner pid=91641)[0m           'val_batch_size': None,
[36m(TaskRunner pid=91641)[0m           'val_files': '/workspace/datasets/geo3k/test.parquet',
[36m(TaskRunner pid=91641)[0m           'val_max_samples': -1,
[36m(TaskRunner pid=91641)[0m           'validation_shuffle': False,
[36m(TaskRunner pid=91641)[0m           'video_key': 'videos'},
[36m(TaskRunner pid=91641)[0m  'distillation': {'_target_': 'verl.workers.config.DistillationConfig',
[36m(TaskRunner pid=91641)[0m                   'distillation_loss': {'_target_': 'verl.workers.config.DistillationLossConfig',
[36m(TaskRunner pid=91641)[0m                                         'clip_ratio': 0.2,
[36m(TaskRunner pid=91641)[0m                                         'clip_ratio_high': 0.2,
[36m(TaskRunner pid=91641)[0m                                         'clip_ratio_low': 0.2,
[36m(TaskRunner pid=91641)[0m                                         'distillation_loss_coef': 1.0,
[36m(TaskRunner pid=91641)[0m                                         'log_prob_min_clamp': None,
[36m(TaskRunner pid=91641)[0m                                         'loss_max_clamp': None,
[36m(TaskRunner pid=91641)[0m                                         'loss_mode': 'k3',
[36m(TaskRunner pid=91641)[0m                                         'policy_loss_mode': 'vanilla',
[36m(TaskRunner pid=91641)[0m                                         'topk': 32,
[36m(TaskRunner pid=91641)[0m                                         'use_policy_gradient': False,
[36m(TaskRunner pid=91641)[0m                                         'use_task_rewards': True},
[36m(TaskRunner pid=91641)[0m                   'enabled': False,
[36m(TaskRunner pid=91641)[0m                   'n_gpus_per_node': 8,
[36m(TaskRunner pid=91641)[0m                   'nnodes': 0,
[36m(TaskRunner pid=91641)[0m                   'teacher_key': 'data_source',
[36m(TaskRunner pid=91641)[0m                   'teacher_models': {'teacher_model': {'_target_': 'verl.workers.config.DistillationTeacherModelConfig',
[36m(TaskRunner pid=91641)[0m                                                        'inference': {'_target_': 'verl.workers.config.RolloutConfig',
[36m(TaskRunner pid=91641)[0m                                                                      'cudagraph_capture_sizes': None,
[36m(TaskRunner pid=91641)[0m                                                                      'data_parallel_size': 1,
[36m(TaskRunner pid=91641)[0m                                                                      'disable_log_stats': True,
[36m(TaskRunner pid=91641)[0m                                                                      'dtype': 'bfloat16',
[36m(TaskRunner pid=91641)[0m                                                                      'enable_chunked_prefill': True,
[36m(TaskRunner pid=91641)[0m                                                                      'enable_prefix_caching': True,
[36m(TaskRunner pid=91641)[0m                                                                      'enforce_eager': True,
[36m(TaskRunner pid=91641)[0m                                                                      'engine_kwargs': {},
[36m(TaskRunner pid=91641)[0m                                                                      'expert_parallel_size': 1,
[36m(TaskRunner pid=91641)[0m                                                                      'free_cache_engine': True,
[36m(TaskRunner pid=91641)[0m                                                                      'gpu_memory_utilization': 0.5,
[36m(TaskRunner pid=91641)[0m                                                                      'limit_images': None,
[36m(TaskRunner pid=91641)[0m                                                                      'load_format': 'auto',
[36m(TaskRunner pid=91641)[0m                                                                      'max_model_len': None,
[36m(TaskRunner pid=91641)[0m                                                                      'max_num_batched_tokens': 8192,
[36m(TaskRunner pid=91641)[0m                                                                      'max_num_seqs': 1024,
[36m(TaskRunner pid=91641)[0m                                                                      'name': 'vllm',
[36m(TaskRunner pid=91641)[0m                                                                      'prompt_length': 1024,
[36m(TaskRunner pid=91641)[0m                                                                      'response_length': 2048,
[36m(TaskRunner pid=91641)[0m                                                                      'skip_tokenizer_init': True,
[36m(TaskRunner pid=91641)[0m                                                                      'temperature': 1.0,
[36m(TaskRunner pid=91641)[0m                                                                      'tensor_model_parallel_size': 2},
[36m(TaskRunner pid=91641)[0m                                                        'key': None,
[36m(TaskRunner pid=91641)[0m                                                        'model_path': None,
[36m(TaskRunner pid=91641)[0m                                                        'num_replicas': 0}}},
[36m(TaskRunner pid=91641)[0m  'global_profiler': {'_target_': 'verl.utils.profiler.ProfilerConfig',
[36m(TaskRunner pid=91641)[0m                      'global_tool_config': {'nsys': {'_target_': 'verl.utils.profiler.config.NsightToolConfig',
[36m(TaskRunner pid=91641)[0m                                                      'controller_nsight_options': {'cuda-graph-trace': 'graph',
[36m(TaskRunner pid=91641)[0m                                                                                    'cuda-memory-usage': 'true',
[36m(TaskRunner pid=91641)[0m                                                                                    'trace': 'cuda,nvtx,cublas,ucx'},
[36m(TaskRunner pid=91641)[0m                                                      'discrete': False,
[36m(TaskRunner pid=91641)[0m                                                      'worker_nsight_options': {'capture-range': 'cudaProfilerApi',
[36m(TaskRunner pid=91641)[0m                                                                                'capture-range-end': None,
[36m(TaskRunner pid=91641)[0m                                                                                'cuda-graph-trace': 'graph',
[36m(TaskRunner pid=91641)[0m                                                                                'cuda-memory-usage': 'true',
[36m(TaskRunner pid=91641)[0m                                                                                'kill': 'none',
[36m(TaskRunner pid=91641)[0m                                                                                'trace': 'cuda,nvtx,cublas,ucx'}},
[36m(TaskRunner pid=91641)[0m                                             'precision_debugger': {'_target_': 'verl.utils.profiler.config.PrecisionDebuggerToolConfig',
[36m(TaskRunner pid=91641)[0m                                                                    'config_path': None,
[36m(TaskRunner pid=91641)[0m                                                                    'stages': None,
[36m(TaskRunner pid=91641)[0m                                                                    'steps': None,
[36m(TaskRunner pid=91641)[0m                                                                    'strict': False},
[36m(TaskRunner pid=91641)[0m                                             'torch_memory': {'context': 'all',
[36m(TaskRunner pid=91641)[0m                                                              'kw_args': {},
[36m(TaskRunner pid=91641)[0m                                                              'stack_depth': 32,
[36m(TaskRunner pid=91641)[0m                                                              'stacks': 'all',
[36m(TaskRunner pid=91641)[0m                                                              'trace_alloc_max_entries': 100000}},
[36m(TaskRunner pid=91641)[0m                      'profile_continuous_steps': False,
[36m(TaskRunner pid=91641)[0m                      'save_path': 'outputs/profile',
[36m(TaskRunner pid=91641)[0m                      'steps': None,
[36m(TaskRunner pid=91641)[0m                      'tool': None},
[36m(TaskRunner pid=91641)[0m  'model_engine': 'megatron',
[36m(TaskRunner pid=91641)[0m  'ray_kwargs': {'ray_init': {'num_cpus': None}, 'timeline_json_file': None},
[36m(TaskRunner pid=91641)[0m  'reward': {'_target_': 'verl.workers.config.RewardConfig',
[36m(TaskRunner pid=91641)[0m             'custom_reward_function': {'name': 'compute_score', 'path': None},
[36m(TaskRunner pid=91641)[0m             'num_workers': 8,
[36m(TaskRunner pid=91641)[0m             'reward_manager': {'_target_': 'verl.workers.config.reward.RewardManagerConfig',
[36m(TaskRunner pid=91641)[0m                                'module': {'_target_': 'verl.trainer.config.config.ModuleConfig',
[36m(TaskRunner pid=91641)[0m                                           'name': 'custom_reward_manager',
[36m(TaskRunner pid=91641)[0m                                           'path': None},
[36m(TaskRunner pid=91641)[0m                                'name': 'naive',
[36m(TaskRunner pid=91641)[0m                                'source': 'register'},
[36m(TaskRunner pid=91641)[0m             'reward_model': {'_target_': 'verl.workers.config.RewardModelConfig',
[36m(TaskRunner pid=91641)[0m                              'enable': False,
[36m(TaskRunner pid=91641)[0m                              'enable_resource_pool': False,
[36m(TaskRunner pid=91641)[0m                              'model_path': None,
[36m(TaskRunner pid=91641)[0m                              'n_gpus_per_node': 8,
[36m(TaskRunner pid=91641)[0m                              'nnodes': 0,
[36m(TaskRunner pid=91641)[0m                              'rollout': {'_target_': 'verl.workers.config.RolloutConfig',
[36m(TaskRunner pid=91641)[0m                                          'cudagraph_capture_sizes': None,
[36m(TaskRunner pid=91641)[0m                                          'data_parallel_size': 1,
[36m(TaskRunner pid=91641)[0m                                          'disable_log_stats': True,
[36m(TaskRunner pid=91641)[0m                                          'disaggregation': {'bootstrap_port': None,
[36m(TaskRunner pid=91641)[0m                                                             'decode_replicas': 1,
[36m(TaskRunner pid=91641)[0m                                                             'decode_tensor_model_parallel_size': None,
[36m(TaskRunner pid=91641)[0m                                                             'enabled': False,
[36m(TaskRunner pid=91641)[0m                                                             'ib_device': None,
[36m(TaskRunner pid=91641)[0m                                                             'prefill_replicas': 1,
[36m(TaskRunner pid=91641)[0m                                                             'transfer_backend': 'nixl'},
[36m(TaskRunner pid=91641)[0m                                          'do_sample': True,
[36m(TaskRunner pid=91641)[0m                                          'dtype': 'bfloat16',
[36m(TaskRunner pid=91641)[0m                                          'enable_chunked_prefill': True,
[36m(TaskRunner pid=91641)[0m                                          'enable_prefix_caching': True,
[36m(TaskRunner pid=91641)[0m                                          'enforce_eager': True,
[36m(TaskRunner pid=91641)[0m                                          'engine_kwargs': {},
[36m(TaskRunner pid=91641)[0m                                          'expert_parallel_size': 1,
[36m(TaskRunner pid=91641)[0m                                          'free_cache_engine': True,
[36m(TaskRunner pid=91641)[0m                                          'gpu_memory_utilization': 0.5,
[36m(TaskRunner pid=91641)[0m                                          'ignore_eos': False,
[36m(TaskRunner pid=91641)[0m                                          'layered_summon': False,
[36m(TaskRunner pid=91641)[0m                                          'limit_images': None,
[36m(TaskRunner pid=91641)[0m                                          'load_format': 'auto',
[36m(TaskRunner pid=91641)[0m                                          'max_model_len': None,
[36m(TaskRunner pid=91641)[0m                                          'max_num_batched_tokens': 8192,
[36m(TaskRunner pid=91641)[0m                                          'max_num_seqs': 1024,
[36m(TaskRunner pid=91641)[0m                                          'mtp': None,
[36m(TaskRunner pid=91641)[0m                                          'multi_stage_wake_up': False,
[36m(TaskRunner pid=91641)[0m                                          'n': 1,
[36m(TaskRunner pid=91641)[0m                                          'name': '???',
[36m(TaskRunner pid=91641)[0m                                          'pipeline_model_parallel_size': 1,
[36m(TaskRunner pid=91641)[0m                                          'prompt_length': 2048,
[36m(TaskRunner pid=91641)[0m                                          'quantization': None,
[36m(TaskRunner pid=91641)[0m                                          'quantization_config_file': None,
[36m(TaskRunner pid=91641)[0m                                          'response_length': 2048,
[36m(TaskRunner pid=91641)[0m                                          'scheduling_policy': 'fcfs',
[36m(TaskRunner pid=91641)[0m                                          'skip_tokenizer_init': False,
[36m(TaskRunner pid=91641)[0m                                          'temperature': 1.0,
[36m(TaskRunner pid=91641)[0m                                          'tensor_model_parallel_size': 2,
[36m(TaskRunner pid=91641)[0m                                          'top_k': -1,
[36m(TaskRunner pid=91641)[0m                                          'top_p': 1}},
[36m(TaskRunner pid=91641)[0m             'sandbox_fusion': {'_target_': 'verl.workers.config.SandboxFusionConfig',
[36m(TaskRunner pid=91641)[0m                                'max_concurrent': 64,
[36m(TaskRunner pid=91641)[0m                                'memory_limit_mb': 1024,
[36m(TaskRunner pid=91641)[0m                                'url': None}},
[36m(TaskRunner pid=91641)[0m  'trainer': {'balance_batch': True,
[36m(TaskRunner pid=91641)[0m              'critic_warmup': 0,
[36m(TaskRunner pid=91641)[0m              'default_hdfs_dir': None,
[36m(TaskRunner pid=91641)[0m              'default_local_dir': 'checkpoints/verl_grpo_qwen3_5_35b_geo3k/qwen3_5_35b_megatron',
[36m(TaskRunner pid=91641)[0m              'del_local_ckpt_after_load': False,
[36m(TaskRunner pid=91641)[0m              'device': 'npu',
[36m(TaskRunner pid=91641)[0m              'esi_redundant_time': 0,
[36m(TaskRunner pid=91641)[0m              'experiment_name': 'qwen3_5_35b_megatron',
[36m(TaskRunner pid=91641)[0m              'log_val_generations': 0,
[36m(TaskRunner pid=91641)[0m              'logger': ['console'],
[36m(TaskRunner pid=91641)[0m              'max_actor_ckpt_to_keep': None,
[36m(TaskRunner pid=91641)[0m              'max_critic_ckpt_to_keep': None,
[36m(TaskRunner pid=91641)[0m              'n_gpus_per_node': 8,
[36m(TaskRunner pid=91641)[0m              'nnodes': 1,
[36m(TaskRunner pid=91641)[0m              'project_name': 'verl_grpo_qwen3_5_35b_geo3k',
[36m(TaskRunner pid=91641)[0m              'ray_wait_register_center_timeout': 300,
[36m(TaskRunner pid=91641)[0m              'resume_from_path': None,
[36m(TaskRunner pid=91641)[0m              'resume_mode': 'auto',
[36m(TaskRunner pid=91641)[0m              'rollout_data_dir': None,
[36m(TaskRunner pid=91641)[0m              'save_freq': 20,
[36m(TaskRunner pid=91641)[0m              'test_freq': 5,
[36m(TaskRunner pid=91641)[0m              'total_epochs': 15,
[36m(TaskRunner pid=91641)[0m              'total_training_steps': None,
[36m(TaskRunner pid=91641)[0m              'val_before_train': False,
[36m(TaskRunner pid=91641)[0m              'val_only': False,
[36m(TaskRunner pid=91641)[0m              'validation_data_dir': None},
[36m(TaskRunner pid=91641)[0m  'transfer_queue': {'backend': {'MooncakeStore': {'auto_init': False,
[36m(TaskRunner pid=91641)[0m                                                   'device_name': '',
[36m(TaskRunner pid=91641)[0m                                                   'global_segment_size': 4294967296,
[36m(TaskRunner pid=91641)[0m                                                   'local_buffer_size': 1073741824,
[36m(TaskRunner pid=91641)[0m                                                   'local_hostname': 'localhost',
[36m(TaskRunner pid=91641)[0m                                                   'master_server_address': 'localhost:50124',
[36m(TaskRunner pid=91641)[0m                                                   'metadata_server': 'localhost:50123',
[36m(TaskRunner pid=91641)[0m                                                   'protocol': 'tcp'},
[36m(TaskRunner pid=91641)[0m                                 'SimpleStorage': {'num_data_storage_units': 8,
[36m(TaskRunner pid=91641)[0m                                                   'total_storage_size': 100000},
[36m(TaskRunner pid=91641)[0m                                 'storage_backend': 'SimpleStorage'},[36m(TaskRunner pid=91641)[0m /workspace/verl/verl/trainer/main_ppo.py:258: UserWarning: Disabled critic as algorithm.adv_estimator != gae. If it is not intended, please set critic.enable=True
[36m(TaskRunner pid=91641)[0m   use_critic=need_critic(config),
[36m(TaskRunner pid=91641)[0m Setting TOKENIZERS_PARALLELISM=false for forked processes.
[36m(TaskRunner pid=91641)[0m Filtering prompts longer than 1024 tokens (num_proc=1):   0%|          | 0/2101 [00:00<?, ? examples/s]
[36m(TaskRunner pid=91641)[0m Filtering prompts longer than 1024 tokens (num_proc=1):  48%|████▊     | 1000/2101 [00:22<00:25, 43.80 examples/s]
[36m(TaskRunner pid=91641)[0m Filtering prompts longer than 1024 tokens (num_proc=1):  48%|████▊     | 1000/2101 [00:39<00:25, 43.80 examples/s]
[36m(TaskRunner pid=91641)[0m Filtering prompts longer than 1024 tokens (num_proc=1):  95%|█████████▌| 2000/2101 [00:40<00:02, 50.15 examples/s]
[36m(TaskRunner pid=91641)[0m Filtering prompts longer than 1024 tokens (num_proc=1): 100%|██████████| 2101/2101 [00:43<00:00, 49.25 examples/s]
[36m(TaskRunner pid=91641)[0m Filtering prompts longer than 1024 tokens (num_proc=1): 100%|██████████| 2101/2101 [00:43<00:00, 48.20 examples/s]
[36m(TaskRunner pid=91641)[0m Setting TOKENIZERS_PARALLELISM=false for forked processes.
[36m(TaskRunner pid=91641)[0m Filtering prompts longer than 1024 tokens (num_proc=1):   0%|          | 0/601 [00:00<?, ? examples/s]
[36m(TaskRunner pid=91641)[0m Filtering prompts longer than 1024 tokens (num_proc=1): 100%|██████████| 601/601 [00:14<00:00, 41.10 examples/s]
[36m(TaskRunner pid=91641)[0m Filtering prompts longer than 1024 tokens (num_proc=1): 100%|██████████| 601/601 [00:14<00:00, 40.26 examples/s]
[36m(TaskRunner pid=91641)[0m /workspace/verl/verl/trainer/main_ppo.py:299: FutureWarning: Warning: Class 'verl.trainer.ppo.ray_trainer.RayPPOTrainer' is deprecated. Please use 'main_ppo.py is deprecated, and wil be replaced by main_ppo_sync.py in v0.8.0, please use main_ppo_sync.py instead.' instead.
[36m(TaskRunner pid=91641)[0m   trainer = RayPPOTrainer(
[36m(TaskRunner pid=91641)[0m /workspace/verl/verl/trainer/ppo/ray_trainer.py:300: UserWarning: Disabled critic as algorithm.adv_estimator != gae. If it is not intended, please set critic.enable=True
[36m(TaskRunner pid=91641)[0m   self.use_critic = need_critic(self.config)
[36m(WorkerDict pid=96390)[0m /usr/local/lib/python3.11/site-packages/torch_npu/contrib/transfer_to_npu.py:345: ImportWarning: 
[36m(WorkerDict pid=96390)[0m     *************************************************************************************************************
[36m(WorkerDict pid=96390)[0m     The torch.Tensor.cuda and torch.nn.Module.cuda are replaced with torch.Tensor.npu and torch.nn.Module.npu now..
[36m(WorkerDict pid=96390)[0m     The torch.cuda.DoubleTensor is replaced with torch.npu.FloatTensor cause the double type is not supported now..
[36m(WorkerDict pid=96390)[0m     The backend in torch.distributed.init_process_group set to hccl now..
[36m(WorkerDict pid=96390)[0m     The torch.cuda.* and torch.cuda.amp.* are replaced with torch.npu.* and torch.npu.amp.* now..
[36m(WorkerDict pid=96390)[0m     The device parameters have been replaced with npu in the function below:
[36m(WorkerDict pid=96390)[0m     torch.logspace, torch.randint, torch.hann_window, torch.rand, torch.full_like, torch.ones_like, torch.rand_like, torch.randperm, torch.arange, torch.frombuffer, torch.normal, torch._empty_per_channel_affine_quantized, torch.empty_strided, torch.empty_like, torch.scalar_tensor, torch.tril_indices, torch.bartlett_window, torch.ones, torch.sparse_coo_tensor, torch.randn, torch.kaiser_window, torch.tensor, torch.triu_indices, torch.as_tensor, torch.zeros, torch.randint_like, torch.full, torch.eye, torch._sparse_csr_tensor_unsafe, torch.empty, torch._sparse_coo_tensor_unsafe, torch.blackman_window, torch.zeros_like, torch.range, torch.sparse_csr_tensor, torch.randn_like, torch.from_file, torch._cudnn_init_dropout_state, torch._empty_affine_quantized, torch.linspace, torch.hamming_window, torch.empty_quantized, torch._pin_memory, torch.load, torch.set_default_device, torch.get_device_module, torch.sparse_compressed_tensor, torch.Tensor.new_empty, torch.Tensor.new_empty_strided, torch.Tensor.new_full, torch.Tensor.new_ones, torch.Tensor.new_tensor, torch.Tensor.new_zeros, torch.Tensor.to, torch.Tensor.pin_memory, torch.nn.Module.to, torch.nn.Module.to_empty
[36m(WorkerDict pid=96390)[0m     *************************************************************************************************************
[36m(WorkerDict pid=96390)[0m     
[36m(WorkerDict pid=96390)[0m   warnings.warn(msg, ImportWarning)
[36m(WorkerDict pid=96390)[0m /usr/local/lib/python3.11/site-packages/torch_npu/contrib/transfer_to_npu.py:276: RuntimeWarning: torch.jit.script and torch.jit.script_method will be disabled by transfer_to_npu, which currently does not support them, if you need to enable them, please do not use transfer_to_npu.
[36m(WorkerDict pid=96390)[0m   warnings.warn(msg, RuntimeWarning)
[36m(WorkerDict pid=96390)[0m /usr/local/lib/python3.11/site-packages/torch_npu/dynamo/torchair/__init__.py:8: UserWarning: pkg_resources is deprecated as an API. See https://setuptools.pypa.io/en/latest/pkg_resources.html. The pkg_resources package is slated for removal as early as 2025-11-30. Refrain from using this package or pin to Setuptools<81.
[36m(WorkerDict pid=96390)[0m   import pkg_resources
[36m(WorkerDict pid=96395)[0m /usr/local/lib/python3.11/site-packages/fla/ops/nsa/parallel.py:25: ImportWarning: Flash Attention is not installed. Please install it via `pip install flash-attn --no-build-isolation`
[36m(WorkerDict pid=96395)[0m   warnings.warn(
[36m(WorkerDict pid=96395)[0m /workspace/Megatron-LM/megatron/core/inference/contexts/__init__.py:9: DeprecationWarning: The following imports from `dynamic_context.py` will be removed in this file in `megatron-core` 0.14. The imports here result in a cyclic import issue that causes rotary embeddings to import from Apex rather than Transformer Engine.
[36m(WorkerDict pid=96395)[0m /usr/local/lib/python3.11/site-packages/tvm_ffi/_optional_torch_c_dlpack.py:181: UserWarning: Failed to JIT torch c dlpack extension, EnvTensorAllocator will not be enabled.
[36m(WorkerDict pid=96395)[0m We recommend installing via `pip install torch-c-dlpack-ext`
[36m(WorkerDict pid=96395)[0m /usr/local/lib/python3.11/site-packages/flashinfer/gemm/kernels/grouped_gemm_masked_blackwell.py:2059: DeprecationWarning: tcgen05.OperandMajorMode is deprecated, use cute.nvgpu.OperandMajorMode instead
[36m(WorkerDict pid=96395)[0m   a_major_mode: tcgen05.OperandMajorMode,
[36m(WorkerDict pid=96395)[0m /workspace/Megatron-LM/megatron/core/transformer/multi_latent_attention.py:36: DeprecationWarning: The 'megatron.core.transformer.custom_layers.transformer_engine' 
[36m(WorkerDict pid=96395)[0m     module is deprecated and will be removed in 0.10.0. Please use 
[36m(WorkerDict pid=96395)[0m     'megatron.core.extensions.transformer_engine' instead.
[36m(WorkerDict pid=96395)[0m   from megatron.core.transformer.custom_layers.transformer_engine import (
[36m(WorkerDict pid=96395)[0m /usr/local/lib/python3.11/site-packages/modelopt/torch/utils/logging.py:115: UserWarning: Failed to import modelopt transformer engine plugin due to: AttributeError("module 'transformer_engine.pytorch' has no attribute 'RMSNorm'"). You may ignore this warning if you do not need this plugin.
[36m(WorkerDict pid=96395)[0m   warnings.warn(message, *args, **kwargs)
[36m(WorkerDict pid=96395)[0m /usr/local/lib/python3.11/site-packages/modelopt/torch/__init__.py:36: UserWarning: transformers version 5.3.0 is not tested with nvidia-modelopt and may cause issues. Please install recommended version with `pip install nvidia-modelopt[hf]` if working with HF models.
[36m(WorkerDict pid=96395)[0m   _warnings.warn(
[36m(WorkerDict pid=96395)[0m Import of MixedFusedLayerNorm from apex.normalization.fused_layer_norm failed with: Traceback (most recent call last):
[36m(WorkerDict pid=96395)[0m   File "/workspace/Megatron-Bridge/src/megatron/bridge/utils/import_utils.py", line 324, in safe_import_from
[36m(WorkerDict pid=96395)[0m     return getattr(imported_module, symbol), True
[36m(WorkerDict pid=96395)[0m            ^^^^^^^^^^^^^^^^^^^^^^^^^^^^^^^^
[36m(WorkerDict pid=96395)[0m AttributeError: module 'apex.normalization.fused_layer_norm' has no attribute 'MixedFusedLayerNorm'
[36m(WorkerDict pid=96395)[0m 
[36m(WorkerDict pid=96396)[0m /usr/local/lib/python3.11/site-packages/fla/ops/nsa/parallel.py:25: ImportWarning: Flash Attention is not installed. Please install it via `pip install flash-attn --no-build-isolation`[32m [repeated 7x across cluster][0m
[36m(WorkerDict pid=96397)[0m   warnings.warn([32m [repeated 23x across cluster][0m
[36m(WorkerDict pid=96390)[0m 
[36m(WorkerDict pid=96391)[0m 
[36m(WorkerDict pid=96394)[0m 
[36m(WorkerDict pid=96392)[0m 
[36m(WorkerDict pid=96396)[0m 
[36m(WorkerDict pid=96393)[0m 
[36m(WorkerDict pid=96397)[0m 
[36m(WorkerDict pid=96390)[0m /workspace/Megatron-LM/megatron/core/models/mimo/config/base_configs.py:11: UserWarning: MimoModelConfig is experimental and still under active development. The API may change without notice in future releases.
[36m(WorkerDict pid=96390)[0m   class MimoModelConfig:
[36m(WorkerDict pid=96397)[0m /workspace/Megatron-LM/megatron/core/inference/contexts/__init__.py:9: DeprecationWarning: The following imports from `dynamic_context.py` will be removed in this file in `megatron-core` 0.14. The imports here result in a cyclic import issue that causes rotary embeddings to import from Apex rather than Transformer Engine.[32m [repeated 7x across cluster][0m
[36m(WorkerDict pid=96397)[0m /usr/local/lib/python3.11/site-packages/tvm_ffi/_optional_torch_c_dlpack.py:181: UserWarning: Failed to JIT torch c dlpack extension, EnvTensorAllocator will not be enabled.[32m [repeated 7x across cluster][0m
[36m(WorkerDict pid=96397)[0m We recommend installing via `pip install torch-c-dlpack-ext`[32m [repeated 7x across cluster][0m
[36m(WorkerDict pid=96397)[0m /usr/local/lib/python3.11/site-packages/flashinfer/gemm/kernels/grouped_gemm_masked_blackwell.py:2059: DeprecationWarning: tcgen05.OperandMajorMode is deprecated, use cute.nvgpu.OperandMajorMode instead[32m [repeated 7x across cluster][0m
[36m(WorkerDict pid=96397)[0m   a_major_mode: tcgen05.OperandMajorMode,[32m [repeated 7x across cluster][0m

[36m(TaskRunner pid=91641)[0m                     'enable': False,
[36m(TaskRunner pid=91641)[0m                     'metrics': {'enabled': False, 'port': 0}}}
[36m(TaskRunner pid=91641)[0m [validate_config] All configuration checks passed successfully!
[36m(TaskRunner pid=91641)[0m Using dataset class: RLHFDataset
[36m(TaskRunner pid=91641)[0m [Rank 0 | Local Rank 0] 2026-05-25 01:30:47,594 INFO [httpx:1025] => HTTP Request: HEAD https://s3.amazonaws.com/datasets.huggingface.co/datasets/datasets/parquet/parquet.py "HTTP/1.1 404 Not Found"
[36m(TaskRunner pid=91641)[0m dataset len: 2101
[36m(TaskRunner pid=91641)[0m [Rank 0 | Local Rank 0] 2026-05-25 01:30:48,254 WARNING [datasets.arrow_dataset:3550] => Setting TOKENIZERS_PARALLELISM=false for forked processes.
[36m(TaskRunner pid=91641)[0m filter dataset len: 2101
[36m(TaskRunner pid=91641)[0m Using dataset class: RLHFDataset
[36m(TaskRunner pid=91641)[0m [Rank 0 | Local Rank 0] 2026-05-25 01:31:33,370 INFO [httpx:1025] => HTTP Request: HEAD https://s3.amazonaws.com/datasets.huggingface.co/datasets/datasets/parquet/parquet.py "HTTP/1.1 404 Not Found"
[36m(TaskRunner pid=91641)[0m dataset len: 601
[36m(TaskRunner pid=91641)[0m [Rank 0 | Local Rank 0] 2026-05-25 01:31:34,204 WARNING [datasets.arrow_dataset:3550] => Setting TOKENIZERS_PARALLELISM=false for forked processes.
[36m(TaskRunner pid=91641)[0m filter dataset len: 601
[36m(TaskRunner pid=91641)[0m Size of train dataloader: 65, Size of val dataloader: 1
[36m(TaskRunner pid=91641)[0m Total training steps: 975
[36m(TaskRunner pid=91641)[0m colocated worker base class <class 'verl.single_controller.base.worker.Worker'>
[36m(WorkerDict pid=96395)[0m [DIAG rank=5 pid=96395] ====== BEFORE importing mindspeed.megatron_adaptor ======
[36m(WorkerDict pid=96395)[0m [DIAG rank=5 pid=96395] argv = ['/usr/local/lib/python3.11/site-packages/ray/_private/workers/default_worker.py', '--node-ip-address=80.48.5.65', '--node-manager-port=40123', '--object-store-name=/tmp/ray/session_2026-05-25_01-30-04_002513_78756/sockets/plasma_store', '--raylet-name=/tmp/ray/session_2026-05-25_01-30-04_002513_78756/sockets/raylet', '--redis-address=None', '--metrics-agent-port=0', '--logging-rotate-bytes=536870912', '--logging-rotate-backup-count=5', '--runtime-env-agent-port=0', '--gcs-address=80.48.5.65:39543', '--session-name=session_2026-05-25_01-30-04_002513_78756', '--temp-dir=/tmp/ray', '--webui=127.0.0.1:8265', '--cluster-id=8ad12d861e94eca06a8409653838e4eb997ce5b7c4f2e60ebf33bd39', '--worker-id=14f6490ca807027b1296995206db3263fa1324ed0d0ff98f15d84ab3', '--worker-launch-time-ms=1779672711440', '--node-id=f29136b372af45e2830f82754576188e0e6816c31332f648a7a2a62a', '--runtime-env-hash=-2130912882']
[36m(WorkerDict pid=96395)[0m [DIAG rank=5 pid=96395] 'mindspeed' in sys.modules: False
[36m(WorkerDict pid=96395)[0m [Rank 5 | Local Rank 0] 2026-05-25 01:32:10,978 INFO [mindspeed.megatron_adaptor:33] => start to patch features in megatron adaptor.
[36m(WorkerDict pid=96395)[0m [Rank 5 | Local Rank 0] 2026-05-25 01:32:11,809 WARNING [fla.utils:66] => Current Triton version 3.2.0 is below the recommended 3.3.0 version. Errors may occur and these issues will not be fixed. Please consider upgrading Triton.
[36m(WorkerDict pid=96395)[0m [Rank 5 | Local Rank 0] 2026-05-25 01:32:14,542 INFO [megatron.core.distributed.fsdp.src.megatron_fsdp.mixed_precision:34] => Using Megatron-FSDP without Transformer Engine.
[36m(WorkerDict pid=96395)[0m [Rank 5 | Local Rank 0] 2026-05-25 01:32:14,568 INFO [megatron.core.distributed.fsdp.src.megatron_fsdp.param_and_grad_buffer:69] => Detected Megatron Core, using Megatron-FSDP with Megatron.
[36m(WorkerDict pid=96395)[0m [Rank 5 | Local Rank 0] 2026-05-25 01:32:14,571 INFO [megatron.core.distributed.fsdp.src.megatron_fsdp.megatron_fsdp:47] => Detected Megatron Core, using Megatron-FSDP with Megatron.
[36m(WorkerDict pid=96395)[0m [Rank 5 | Local Rank 0] 2026-05-25 01:32:18,332 INFO [megatron.bridge.utils.import_utils:333] => Import of MixedFusedLayerNorm from apex.normalization.fused_layer_norm failed with: Traceback (most recent call last):
[36m(WorkerDict pid=96395)[0m   File "/workspace/Megatron-Bridge/src/megatron/bridge/utils/import_utils.py", line 324, in safe_import_from
[36m(WorkerDict pid=96395)[0m     return getattr(imported_module, symbol), True
[36m(WorkerDict pid=96395)[0m            ^^^^^^^^^^^^^^^^^^^^^^^^^^^^^^^^
[36m(WorkerDict pid=96395)[0m AttributeError: module 'apex.normalization.fused_layer_norm' has no attribute 'MixedFusedLayerNorm'
[36m(WorkerDict pid=96395)[0m 
[36m(WorkerDict pid=96395)[0m [Rank 5 | Local Rank 0] 2026-05-25 01:32:18,382 WARNING [mindspeed.args_utils:70] => Failed from megatron.training import get_args, use mindspeed arguments.
[36m(WorkerDict pid=96397)[0m [DIAG rank=7 pid=96397] ====== BEFORE importing mindspeed.megatron_adaptor ======[32m [repeated 7x across cluster] (Ray deduplicates logs by default. Set RAY_DEDUP_LOGS=0 to disable log deduplication, or see https://docs.ray.io/en/master/ray-observability/user-guides/configure-logging.html#log-deduplication for more options.)[0m
[36m(WorkerDict pid=96397)[0m [DIAG rank=7 pid=96397] argv = ['/usr/local/lib/python3.11/site-packages/ray/_private/workers/default_worker.py', '--node-ip-address=80.48.5.65', '--node-manager-port=40123', '--object-store-name=/tmp/ray/session_2026-05-25_01-30-04_002513_78756/sockets/plasma_store', '--raylet-name=/tmp/ray/session_2026-05-25_01-30-04_002513_78756/sockets/raylet', '--redis-address=None', '--metrics-agent-port=0', '--logging-rotate-bytes=536870912', '--logging-rotate-backup-count=5', '--runtime-env-agent-port=0', '--gcs-address=80.48.5.65:39543', '--session-name=session_2026-05-25_01-30-04_002513_78756', '--temp-dir=/tmp/ray', '--webui=127.0.0.1:8265', '--cluster-id=8ad12d861e94eca06a8409653838e4eb997ce5b7c4f2e60ebf33bd39', '--worker-id=efc61e4d9c65cf4290b6a7d8b865a5a5b50c8d2503b1872f4a939ae5', '--worker-launch-time-ms=1779672711454', '--node-id=f29136b372af45e2830f82754576188e0e6816c31332f648a7a2a62a', '--runtime-env-hash=826206074'][32m [repeated 7x across cluster][0m
[36m(WorkerDict pid=96397)[0m [DIAG rank=7 pid=96397] 'mindspeed' in sys.modules: False[32m [repeated 7x across cluster][0m
[36m(WorkerDict pid=96397)[0m [Rank 7 | Local Rank 0] 2026-05-25 01:32:11,892 INFO [mindspeed.megatron_adaptor:33] => start to patch features in megatron adaptor.[32m [repeated 7x across cluster][0m
[36m(WorkerDict pid=96396)[0m [Rank 6 | Local Rank 0] 2026-05-25 01:32:12,652 WARNING [fla.utils:66] => Current Triton version 3.2.0 is below the recommended 3.3.0 version. Errors may occur and these issues will not be fixed. Please consider upgrading Triton.[32m [repeated 7x across cluster][0m
[36m(WorkerDict pid=96390)[0m 
[36m(WorkerDict pid=96391)[0m 
[36m(WorkerDict pid=96394)[0m 
[36m(WorkerDict pid=96392)[0m 
[36m(WorkerDict pid=96396)[0m 
[36m(WorkerDict pid=96393)[0m 
[36m(WorkerDict pid=96397)[0m 
[36m(WorkerDict pid=96390)[0m [DIAG rank=0 pid=96390] OK: mindspeed.megatron_adaptor imported
[36m(WorkerDict pid=96390)[0m [DIAG rank=0 pid=96390] _IS_FEATURES_PATCHED = True
[36m(WorkerDict pid=96390)[0m [DIAG rank=0 pid=96390] repatch = <function repatch at 0x7f38b4aa20c0>
[36m(WorkerDict pid=96390)[0m [DIAG rank=0 pid=96390] patches_info count = 102
[36m(WorkerDict pid=96390)[0m [DIAG rank=0 pid=96390] _set_cuda_rng_state PATCH FOUND: is_applied=True
[36m(WorkerDict pid=96390)[0m [DIAG rank=0 pid=96390]   patch_func = mindspeed.core.megatron_basic.megatron_basic._set_cuda_rng_state
[36m(WorkerDict pid=96390)[0m [DIAG rank=0 pid=96390]   final_patch_func = mindspeed.core.megatron_basic.megatron_basic
[36m(WorkerDict pid=96390)[0m [DIAG rank=0 pid=96390]   orig_func = megatron.core.tensor_parallel.random
[36m(WorkerDict pid=96390)[0m [DIAG rank=0 pid=96390] 'transformer_engine' in sys.modules: True
[36m(WorkerDict pid=96390)[0m [DIAG rank=0 pid=96390] 'transformer_engine.pytorch' in sys.modules: True
[36m(WorkerDict pid=96390)[0m [DIAG rank=0 pid=96390]   te.Linear = <class 'torch.nn.modules.module.Module'>[36m(WorkerDict pid=96392)[0m /workspace/MindSpeed/mindspeed/features_manager/fusions/fused_moe_permute.py:70: UserWarning: Parameters --moe-permute-fusion and --use-fused-moe-token-permute-and-unpermute are equivalent. Use only one; prefer --moe-permute-fusion.
[36m(WorkerDict pid=96393)[0m /workspace/Megatron-LM/megatron/core/transformer/multi_latent_attention.py:36: DeprecationWarning: The 'megatron.core.transformer.custom_layers.transformer_engine' [32m [repeated 7x across cluster][0m
[36m(WorkerDict pid=96393)[0m     module is deprecated and will be removed in 0.10.0. Please use [32m [repeated 7x across cluster][0m
[36m(WorkerDict pid=96393)[0m     'megatron.core.extensions.transformer_engine' instead.[32m [repeated 7x across cluster][0m
[36m(WorkerDict pid=96393)[0m   from megatron.core.transformer.custom_layers.transformer_engine import ([32m [repeated 7x across cluster][0m
[36m(WorkerDict pid=96397)[0m /usr/local/lib/python3.11/site-packages/modelopt/torch/utils/logging.py:115: UserWarning: Failed to import modelopt transformer engine plugin due to: AttributeError("module 'transformer_engine.pytorch' has no attribute 'RMSNorm'"). You may ignore this warning if you do not need this plugin.[32m [repeated 7x across cluster][0m
[36m(WorkerDict pid=96397)[0m   warnings.warn(message, *args, **kwargs)[32m [repeated 7x across cluster][0m
[36m(WorkerDict pid=96397)[0m /usr/local/lib/python3.11/site-packages/modelopt/torch/__init__.py:36: UserWarning: transformers version 5.3.0 is not tested with nvidia-modelopt and may cause issues. Please install recommended version with `pip install nvidia-modelopt[hf]` if working with HF models.[32m [repeated 7x across cluster][0m
[36m(WorkerDict pid=96397)[0m   _warnings.warn([32m [repeated 7x across cluster][0m
[36m(WorkerDict pid=96397)[0m Import of MixedFusedLayerNorm from apex.normalization.fused_layer_norm failed with: Traceback (most recent call last):[32m [repeated 7x across cluster][0m
[36m(WorkerDict pid=96397)[0m   File "/workspace/Megatron-Bridge/src/megatron/bridge/utils/import_utils.py", line 324, in safe_import_from[32m [repeated 7x across cluster][0m
[36m(WorkerDict pid=96397)[0m     return getattr(imported_module, symbol), True[32m [repeated 7x across cluster][0m
[36m(WorkerDict pid=96397)[0m            ^^^^^^^^^^^^^^^^^^^^^^^^^^^^^^^^[32m [repeated 7x across cluster][0m
[36m(WorkerDict pid=96397)[0m AttributeError: module 'apex.normalization.fused_layer_norm' has no attribute 'MixedFusedLayerNorm'[32m [repeated 7x across cluster][0m
[36m(WorkerDict pid=96392)[0m   warnings.warn(
[36m(WorkerDict pid=96397)[0m /workspace/Megatron-LM/megatron/core/models/mimo/config/base_configs.py:11: UserWarning: MimoModelConfig is experimental and still under active development. The API may change without notice in future releases.[32m [repeated 7x across cluster][0m
[36m(WorkerDict pid=96397)[0m   class MimoModelConfig:[32m [repeated 7x across cluster][0m
[36m(WorkerDict pid=96392)[0m /workspace/MindSpeed/mindspeed/features_manager/fusions/fused_moe_permute.py:84: UserWarning: Currently, fused_sort_chunks_by_index is not supported
[36m(WorkerDict pid=96392)[0m   warnings.warn("Currently, fused_sort_chunks_by_index is not supported")
[36m(WorkerDict pid=96390)[0m   warnings.warn(
[36m(WorkerDict pid=96395)[0m `torch_dtype` is deprecated! Use `dtype` instead!
[36m(WorkerDict pid=96395)[0m /workspace/Megatron-LM/megatron/core/transformer/transformer_config.py:1705: UserWarning: full scope is deprecated. Use empty cuda_graph_scope to capture the whole layer.
[36m(WorkerDict pid=96392)[0m /workspace/Megatron-LM/megatron/core/transformer/spec_utils.py:119: DeprecationWarning: MLP requires ffn_hidden_size, but it was not provided. Using                     config.ffn_hidden_size by default.
[36m(WorkerDict pid=96392)[0m   return module(
[36m(WorkerDict pid=96395)[0m   super().__init__(config=config, submodules=submodules, tp_group=pg_collection.tp)
[36m(WorkerDict pid=96390)[0m /workspace/Megatron-Bridge/src/megatron/bridge/models/qwen_vl/modelling_qwen3_vl/utils.py:131: DeprecationWarning: Warning: tp_group is None, using default tp group. Passing tp_group will be mandatory soon
[36m(WorkerDict pid=96390)[0m   self.tp_group = get_tensor_model_parallel_group_if_none(tp_group, is_expert=False)
[36m(WorkerDict pid=96390)[0m /workspace/Megatron-LM/megatron/core/tensor_parallel/layers.py:836: DeprecationWarning: Warning: tp_group is None, using default tp group. Passing tp_group will be mandatory soon
[36m(WorkerDict pid=96390)[0m   self.tp_group = get_tensor_model_parallel_group_if_none(

[36m(WorkerDict pid=96390)[0m [DIAG rank=0 pid=96390]   te.ops = <module 'transformer_engine.pytorch.ops'>
[36m(WorkerDict pid=96390)[0m [DIAG rank=0 pid=96390] FEATURES_LIST: ['requirements_basic', 'megatron_basic', 'transformer_engine_basic', 'context_parallel_size', 'context_parallel_size', 'context_parallel_kv_cache_policy', 'context_parallel_size', 'gated_delta_net', 'async_log_allreduce', 'grouped_matmul', 'use_swiglu', 'fused_softmax', 'use_fused_rotary_pos_emb', 'moe_permute_fusion', 'affinity', 'profiler_default', 'npu_deterministic', 'op_cal_tflops', 'profile', 'recompute_activation_function', 'recompute_norm', 'enable_recompute_layers_per_pp_rank', 'recompute_method', 'unaligned_linear', 'use_ascend_mc2', 'use_ascend_coc', 'tp_2d', 'vocab_parallel', 'recompute_in_bubble', 'recompute_in_advance', 'noop_layers', 'pipeline_model_parallel_size', 'variable_seq_lengths', 'use_multiparameter_pipeline_model_parallel', 'optimize_send_recv_comm', 'pipeline_num_transformer_layers', 'schedules_method', 'moe_grouped_gemm', 'moe_tp_extend_ep', 'n_shared_experts', 'moe_allgather_overlap_comm', 'moe_alltoall_overlap_comm', 'moe_zero_memory', 'moe_fb_overlap', 'balanced_moe_experts', 'enable_expert_placement', 'hccl_group_buffer', 'hccl_group_buffer_adaptive', 'optimizer_selection', 'virtual_optimizer', 'low_precision_optimizer', 'llava_multimodal', 'dist_train', 'tokenizer_type', 'param_and_grad_buffer_pad', 'layerzero', 'use_torch_fsdp2', 'use_megatron_fsdp', 'reset_bucket_group_order', 'reuse_fp32_param', 'smart_swap', 'swap_attention', 'compress_dense', 'disable_gloo_group', 'swap_optimizer', 'use_flash_attn', 'use_fusion_attn_v2', 'position_embedding_type', 'no_create_attention_mask_in_dataloader', 'reset_attention_mask', 'multi_latent_attention', 'mcore_rearrange', 'dsa', 'mindspore_patch', 'auto_settings']
[36m(WorkerDict pid=96390)[0m [DIAG rank=0 pid=96390] current _set_cuda_rng_state.__module__ = mindspeed.core.megatron_basic.megatron_basic
[36m(WorkerDict pid=96390)[0m [DIAG rank=0 pid=96390] ====== END diagnostic ======
[36m(WorkerDict pid=96397)[0m [Rank 7 | Local Rank 0] 2026-05-25 01:32:15,618 INFO [megatron.core.distributed.fsdp.src.megatron_fsdp.mixed_precision:34] => Using Megatron-FSDP without Transformer Engine.[32m [repeated 7x across cluster][0m
[36m(WorkerDict pid=96397)[0m [Rank 7 | Local Rank 0] 2026-05-25 01:32:15,648 INFO [megatron.core.distributed.fsdp.src.megatron_fsdp.megatron_fsdp:47] => Detected Megatron Core, using Megatron-FSDP with Megatron.[32m [repeated 14x across cluster][0m
[36m(WorkerDict pid=96395)[0m [Gloo] Rank 5 is connected to 7 peer ranks. Expected number of connected peer ranks is : 7
[36m(WorkerDict pid=96397)[0m [Rank 7 | Local Rank 0] 2026-05-25 01:32:19,448 INFO [megatron.bridge.utils.import_utils:333] => Import of MixedFusedLayerNorm from apex.normalization.fused_layer_norm failed with: Traceback (most recent call last):[32m [repeated 7x across cluster][0m
[36m(WorkerDict pid=96397)[0m   File "/workspace/Megatron-Bridge/src/megatron/bridge/utils/import_utils.py", line 324, in safe_import_from[32m [repeated 7x across cluster][0m
[36m(WorkerDict pid=96397)[0m     return getattr(imported_module, symbol), True[32m [repeated 7x across cluster][0m
[36m(WorkerDict pid=96397)[0m            ^^^^^^^^^^^^^^^^^^^^^^^^^^^^^^^^[32m [repeated 7x across cluster][0m
[36m(WorkerDict pid=96397)[0m AttributeError: module 'apex.normalization.fused_layer_norm' has no attribute 'MixedFusedLayerNorm'[32m [repeated 7x across cluster][0m
[36m(WorkerDict pid=96397)[0m [Rank 7 | Local Rank 0] 2026-05-25 01:32:19,490 WARNING [mindspeed.args_utils:70] => Failed from megatron.training import get_args, use mindspeed arguments.[32m [repeated 7x across cluster][0m
[36m(WorkerDict pid=96397)[0m [DIAG rank=7 pid=96397] OK: mindspeed.megatron_adaptor imported[32m [repeated 7x across cluster][0m
[36m(WorkerDict pid=96397)[0m [DIAG rank=7 pid=96397] _IS_FEATURES_PATCHED = True[32m [repeated 7x across cluster][0m
[36m(WorkerDict pid=96397)[0m [DIAG rank=7 pid=96397] repatch = <function repatch at 0x7eff842a1800>[32m [repeated 7x across cluster][0m
[36m(WorkerDict pid=96397)[0m [DIAG rank=7 pid=96397] patches_info count = 102[32m [repeated 7x across cluster][0m
[36m(WorkerDict pid=96397)[0m [DIAG rank=7 pid=96397] _set_cuda_rng_state PATCH FOUND: is_applied=True[32m [repeated 7x across cluster][0m
[36m(WorkerDict pid=96397)[0m [DIAG rank=7 pid=96397]   patch_func = mindspeed.core.megatron_basic.megatron_basic._set_cuda_rng_state[32m [repeated 7x across cluster][0m
[36m(WorkerDict pid=96397)[0m [DIAG rank=7 pid=96397]   final_patch_func = mindspeed.core.megatron_basic.megatron_basic[32m [repeated 7x across cluster][0m
[36m(WorkerDict pid=96397)[0m [DIAG rank=7 pid=96397]   orig_func = megatron.core.tensor_parallel.random[32m [repeated 7x across cluster][0m
[36m(WorkerDict pid=96397)[0m [DIAG rank=7 pid=96397] 'transformer_engine' in sys.modules: True[32m [repeated 7x across cluster][0m
[36m(WorkerDict pid=96397)[0m [DIAG rank=7 pid=96397] 'transformer_engine.pytorch' in sys.modules: True[32m [repeated 7x across cluster][0m
[36m(WorkerDict pid=96397)[0m [DIAG rank=7 pid=96397]   te.Linear = <class 'torch.nn.modules.module.Module'>[32m [repeated 7x across cluster][0m
[36m(WorkerDict pid=96397)[0m [DIAG rank=7 pid=96397]   te.ops = <module 'transformer_engine.pytorch.ops'>[32m [repeated 7x across cluster][0m
[36m(WorkerDict pid=96397)[0m [DIAG rank=7 pid=96397] FEATURES_LIST: ['requirements_basic', 'megatron_basic', 'transformer_engine_basic', 'context_parallel_size', 'context_parallel_size', 'context_parallel_kv_cache_policy', 'context_parallel_size', 'gated_delta_net', 'async_log_allreduce', 'grouped_matmul', 'use_swiglu', 'fused_softmax', 'use_fused_rotary_pos_emb', 'moe_permute_fusion', 'affinity', 'profiler_default', 'npu_deterministic', 'op_cal_tflops', 'profile', 'recompute_activation_function', 'recompute_norm', 'enable_recompute_layers_per_pp_rank', 'recompute_method', 'unaligned_linear', 'use_ascend_mc2', 'use_ascend_coc', 'tp_2d', 'vocab_parallel', 'recompute_in_bubble', 'recompute_in_advance', 'noop_layers', 'pipeline_model_parallel_size', 'variable_seq_lengths', 'use_multiparameter_pipeline_model_parallel', 'optimize_send_recv_comm', 'pipeline_num_transformer_layers', 'schedules_method', 'moe_grouped_gemm', 'moe_tp_extend_ep', 'n_shared_experts', 'moe_allgather_overlap_comm', 'moe_alltoall_overlap_comm', 'moe_zero_memory', 'moe_fb_overlap', 'balanced_moe_experts', 'enable_expert_placement', 'hccl_group_buffer', 'hccl_group_buffer_adaptive', 'optimizer_selection', 'virtual_optimizer', 'low_precision_optimizer', 'llava_multimodal', 'dist_train', 'tokenizer_type', 'param_and_grad_buffer_pad', 'layerzero', 'use_torch_fsdp2', 'use_megatron_fsdp', 'reset_bucket_group_order', 'reuse_fp32_param', 'smart_swap', 'swap_attention', 'compress_dense', 'disable_gloo_group', 'swap_optimizer', 'use_flash_attn', 'use_fusion_attn_v2', 'position_embedding_type', 'no_create_attention_mask_in_dataloader', 'reset_attention_mask', 'multi_latent_attention', 'mcore_rearrange', 'dsa', 'mindspore_patch', 'auto_settings'][32m [repeated 7x across cluster][0m
[36m(WorkerDict pid=96397)[0m [DIAG rank=7 pid=96397] current _set_cuda_rng_state.__module__ = mindspeed.core.megatron_basic.megatron_basic[32m [repeated 7x across cluster][0m
[36m(WorkerDict pid=96397)[0m [DIAG rank=7 pid=96397] ====== END diagnostic ======[32m [repeated 7x across cluster][0m
[36m(WorkerDict pid=96395)[0m Only support config type of dict_keys(['qwen2', 'llama', 'qwen2_moe', 'qwen2_vl', 'qwen2_5_vl', 'qwen3', 'qwen3_moe', 'qwen3_vl', 'qwen3_vl_moe', 'deepseek_v3', 'minicpmv', 'minicpmo', 'mistral', 'gemma3_text', 'seed_oss', 'apertus', 'glm4v', 'gpt_oss', 'mimo']), but got qwen3_5_moe. MFU will always be zero.
[36m(WorkerDict pid=96391)[0m [Gloo] Rank 1 is connected to 7 peer ranks. Expected number of connected peer ranks is : 7[32m [repeated 163x across cluster][0m
[36m(WorkerDict pid=96394)[0m  > number of parameters on (tensor, pipeline) model parallel rank (0, 1): 4643928928
[36m(WorkerDict pid=96394)[0m [Rank 4 | Local Rank 0] 2026-05-25 01:32:30,611 INFO [megatron.core.distributed.param_and_grad_buffer:843] => Number of buckets for gradient all-reduce / reduce-scatter: 1
[36m(WorkerDict pid=96394)[0m Params for bucket 1 (617397088 elements, 617398528 padded size):
[36m(WorkerDict pid=96394)[0m 	module.language_model.decoder.layers.7.self_attention.linear_qkv.weight
[36m(WorkerDict pid=96394)[0m 	module.language_model.decoder.final_layernorm.weight
[36m(WorkerDict pid=96394)[0m 	module.language_model.decoder.layers.18.self_attention.in_proj.weight
[36m(WorkerDict pid=96394)[0m 	module.language_model.decoder.layers.15.self_attention.q_layernorm.weight
[36m(WorkerDict pid=96394)[0m 	module.language_model.decoder.layers.13.mlp.shared_experts.gate_weight
[36m(WorkerDict pid=96394)[0m 	module.language_model.decoder.layers.13.self_attention.in_proj.weight
[36m(WorkerDict pid=96394)[0m 	module.language_model.decoder.layers.12.self_attention.conv1d.weight
[36m(WorkerDict pid=96394)[0m 	module.language_model.decoder.layers.11.mlp.router.weight
[36m(WorkerDict pid=96394)[0m 	module.language_model.decoder.layers.9.mlp.shared_experts.linear_fc2.weight
[36m(WorkerDict pid=96394)[0m 	module.language_model.decoder.layers.9.self_attention.out_norm.weight
[36m(WorkerDict pid=96394)[0m 	module.language_model.decoder.layers.8.self_attention.in_proj.layer_norm_weight
[36m(WorkerDict pid=96394)[0m 	module.language_model.decoder.layers.5.self_attention.in_proj.layer_norm_weight
[36m(WorkerDict pid=96394)[0m 	module.language_model.decoder.layers.1.self_attention.in_proj.layer_norm_weight
[36m(WorkerDict pid=96394)[0m 	module.language_model.decoder.layers.2.self_attention.out_proj.weight
[36m(WorkerDict pid=96394)[0m 	module.language_model.decoder.layers.4.mlp.router.weight
[36m(WorkerDict pid=96394)[0m 	module.language_model.decoder.layers.2.self_attention.in_proj.weight
[36m(WorkerDict pid=96394)[0m 	module.language_model.decoder.layers.14.mlp.router.weight
[36m(WorkerDict pid=96394)[0m 	module.language_model.decoder.layers.18.mlp.shared_experts.linear_fc1.weight
[36m(WorkerDict pid=96394)[0m 	module.language_model.decoder.layers.19.mlp.shared_experts.gate_weight
[36m(WorkerDict pid=96394)[0m 	module.language_model.decoder.layers.18.self_attention.in_proj.layer_norm_weight
[36m(WorkerDict pid=96394)[0m 	module.language_model.decoder.layers.17.pre_mlp_layernorm.weight
[36m(WorkerDict pid=96394)[0m 	module.language_model.decoder.layers.13.mlp.router.weight
[36m(WorkerDict pid=96394)[0m 	module.language_model.decoder.layers.9.self_attention.dt_bias
[36m(WorkerDict pid=96394)[0m 	module.language_model.decoder.layers.8.self_attention.out_proj.weight
[36m(WorkerDict pid=96394)[0m 	module.language_model.decoder.layers.5.self_attention.A_log
[36m(WorkerDict pid=96394)[0m 	module.language_model.decoder.layers.4.mlp.shared_experts.gate_weight
[36m(WorkerDict pid=96394)[0m 	module.language_model.decoder.layers.3.self_attention.linear_proj.weight
[36m(WorkerDict pid=96394)[0m 	module.language_model.decoder.layers.1.self_attention.dt_bias
[36m(WorkerDict pid=96394)[0m 	module.language_model.decoder.layers.2.mlp.router.weight
[36m(WorkerDict pid=96394)[0m 	module.language_model.decoder.layers.4.self_attention.out_norm.weight
[36m(WorkerDict pid=96394)[0m 	module.language_model.decoder.layers.2.mlp.shared_experts.linear_fc1.weight
[36m(WorkerDict pid=96394)[0m 	module.language_model.decoder.layers.6.mlp.shared_experts.linear_fc2.weight
[36m(WorkerDict pid=96394)[0m 	module.language_model.decoder.layers.16.self_attention.out_norm.weight
[36m(WorkerDict pid=96394)[0m 	module.language_model.decoder.layers.14.self_attention.in_proj.weight
[36m(WorkerDict pid=96394)[0m 	module.language_model.decoder.layers.18.self_attention.out_proj.weight
[36m(WorkerDict pid=96394)[0m 	module.language_model.decoder.layers.19.self_attention.linear_qkv.weight
[36m(WorkerDict pid=96394)[0m 	module.language_model.decoder.layers.16.mlp.shared_experts.linear_fc2.weight
[36m(WorkerDict pid=96394)[0m 	module.language_model.decoder.layers.13.self_attention.out_proj.weight
[36m(WorkerDict pid=96394)[0m 	module.language_model.decoder.layers.10.self_attention.A_log
[36m(WorkerDict pid=96394)[0m 	module.language_model.decoder.layers.8.mlp.shared_experts.gate_weight
[36m(WorkerDict pid=96394)[0m 	module.language_model.decoder.layers.8.self_attention.conv1d.weight
[36m(WorkerDict pid=96394)[0m 	module.language_model.decoder.layers.7.mlp.router.weight
[36m(WorkerDict pid=96394)[0m 	module.language_model.decoder.layers.2.mlp.shared_experts.gate_weight
[36m(WorkerDict pid=96394)[0m 	module.language_model.decoder.layers.2.self_attention.out_norm.weight
[36m(WorkerDict pid=96394)[0m 	module.language_model.decoder.layers.4.self_attention.A_log
[36m(WorkerDict pid=96394)[0m 	module.language_model.decoder.layers.7.mlp.shared_experts.linear_fc1.weight
[36m(WorkerDict pid=96394)[0m 	module.language_model.decoder.layers.11.mlp.shared_experts.linear_fc1.weight
[36m(WorkerDict pid=96394)[0m 	module.language_model.decoder.layers.10.mlp.shared_experts.linear_fc1.weight
[36m(WorkerDict pid=96394)[0m 	module.language_model.decoder.layers.16.self_attention.dt_bias
[36m(WorkerDict pid=96394)[0m 	module.language_model.decoder.layers.14.self_attention.in_proj.layer_norm_weight
[36m(WorkerDict pid=96394)[0m 	module.language_model.decoder.layers.18.self_attention.conv1d.weight
[36m(WorkerDict pid=96394)[0m 	module.language_model.decoder.layers.13.self_attention.conv1d.weight
[36m(WorkerDict pid=96394)[0m 	module.language_model.decoder.layers.12.pre_mlp_layernorm.weight
[36m(WorkerDict pid=96394)[0m 	module.language_model.decoder.layers.9.mlp.shared_experts.linear_fc1.weight
[36m(WorkerDict pid=96394)[0m 	module.language_model.decoder.layers.9.mlp.router.weight
[36m(WorkerDict pid=96394)[0m 	module.language_model.decoder.layers.8.mlp.shared_experts.linear_fc1.weight
[36m(WorkerDict pid=96394)[0m 	module.language_model.decoder.layers.5.mlp.shared_experts.gate_weight
[36m(WorkerDict pid=96394)[0m 	module.language_model.decoder.layers.4.self_attention.in_proj.weight
[36m(WorkerDict pid=96394)[0m 	module.language_model.decoder.layers.4.pre_mlp_layernorm.weight
[36m(WorkerDict pid=96394)[0m 	module.language_model.decoder.layers.2.self_attention.A_log
[36m(WorkerDict pid=96394)[0m 	module.language_model.decoder.layers.0.mlp.router.weight
[36m(WorkerDict pid=96394)[0m 	module.language_model.decoder.layers.12.self_attention.in_proj.weight
[36m(WorkerDict pid=96394)[0m 	module.language_model.decoder.layers.15.self_attention.linear_qkv.weight
[36m(WorkerDict pid=96394)[0m 	module.language_model.decoder.layers.19.pre_mlp_layernorm.weight
[36m(WorkerDict pid=96394)[0m 	module.language_model.decoder.layers.17.self_attention.A_log
[36m(WorkerDict pid=96394)[0m 	module.language_model.decoder.layers.15.mlp.shared_experts.gate_weight
[36m(WorkerDict pid=96394)[0m 	module.language_model.decoder.layers.14.self_attention.out_proj.weight
[36m(WorkerDict pid=96394)[0m 	module.language_model.decoder.layers.11.mlp.shared_experts.linear_fc2.weight
[36m(WorkerDict pid=96394)[0m 	module.language_model.decoder.layers.11.self_attention.k_layernorm.weight
[36m(WorkerDict pid=96394)[0m 	module.language_model.decoder.layers.9.self_attention.in_proj.weight
[36m(WorkerDict pid=96394)[0m 	module.language_model.decoder.layers.6.self_attention.A_log
[36m(WorkerDict pid=96394)[0m 	module.language_model.decoder.layers.5.self_attention.out_norm.weight
[36m(WorkerDict pid=96394)[0m 	module.language_model.decoder.layers.4.self_attention.conv1d.weight
[36m(WorkerDict pid=96394)[0m 	module.language_model.decoder.layers.2.pre_mlp_layernorm.weight
[36m(WorkerDict pid=96394)[0m 	module.language_model.decoder.layers.0.self_attention.out_proj.weight
[36m(WorkerDict pid=96394)[0m 	module.language_model.decoder.layers.6.self_attention.out_norm.weight
[36m(WorkerDict pid=96394)[0m 	module.language_model.decoder.layers.1.mlp.router.weight
[36m(WorkerDict pid=96394)[0m 	module.language_model.decoder.layers.14.mlp.shared_experts.gate_weight
[36m(WorkerDict pid=96394)[0m 	module.language_model.decoder.layers.19.self_attention.linear_proj.weight
[36m(WorkerDict pid=96394)[0m 	module.language_model.decoder.layers.16.mlp.router.weight
[36m(WorkerDict pid=96394)[0m 	module.language_model.decoder.layers.14.self_attention.conv1d.weight
[36m(WorkerDict pid=96394)[0m 	module.language_model.decoder.layers.10.mlp.shared_experts.linear_fc2.weight
[36m(WorkerDict pid=96394)[0m 	module.language_model.decoder.layers.10.self_attention.out_norm.weight
[36m(WorkerDict pid=96394)[0m 	module.language_model.decoder.layers.9.self_attention.in_proj.layer_norm_weight
[36m(WorkerDict pid=96394)[0m 	module.language_model.decoder.layers.8.pre_mlp_layernorm.weight
[36m(WorkerDict pid=96394)[0m 	module.language_model.decoder.layers.5.self_attention.dt_bias
[36m(WorkerDict pid=96394)[0m 	module.language_model.decoder.layers.4.self_attention.out_proj.weight
[36m(WorkerDict pid=96394)[0m 	module.language_model.decoder.layers.3.mlp.shared_experts.linear_fc1.weight
[36m(WorkerDict pid=96394)[0m 	module.language_model.decoder.layers.2.self_attention.conv1d.weight
[36m(WorkerDict pid=96394)[0m 	module.language_model.decoder.layers.0.mlp.shared_experts.gate_weight
[36m(WorkerDict pid=96394)[0m 	module.language_model.decoder.layers.0.self_attention.out_norm.weight
[36m(WorkerDict pid=96394)[0m 	module.language_model.decoder.layers.16.self_attention.in_proj.weight
[36m(WorkerDict pid=96394)[0m 	module.language_model.decoder.layers.18.pre_mlp_layernorm.weight
[36m(WorkerDict pid=96394)[0m 	module.language_model.output_layer.weight
[36m(WorkerDict pid=96394)[0m 	module.language_model.decoder.layers.15.pre_mlp_layernorm.weight
[36m(WorkerDict pid=96394)[0m 	module.language_model.decoder.layers.12.self_attention.A_log
[36m(WorkerDict pid=96394)[0m 	module.language_model.decoder.layers.10.self_attention.dt_bias
[36m(WorkerDict pid=96394)[0m 	module.language_model.decoder.layers.9.self_attention.out_proj.weight
[36m(WorkerDict pid=96394)[0m 	module.language_model.decoder.layers.7.mlp.shared_experts.linear_fc2.weight
[36m(WorkerDict pid=96394)[0m 	module.language_model.decoder.layers.7.self_attention.k_layernorm.weight
[36m(WorkerDict pid=96394)[0m 	module.language_model.decoder.layers.6.self_attention.in_proj.layer_norm_weight
[36m(WorkerDict pid=96394)[0m 	module.language_model.decoder.layers.4.self_attention.dt_bias
[36m(WorkerDict pid=96394)[0m 	module.language_model.decoder.layers.0.self_attention.A_log
[36m(WorkerDict pid=96394)[0m 	module.language_model.decoder.layers.2.self_attention.dt_bias
[36m(WorkerDict pid=96394)[0m 	module.language_model.decoder.layers.11.pre_mlp_layernorm.weight
[36m(WorkerDict pid=96394)[0m 	module.language_model.decoder.layers.15.self_attention.linear_qkv.layer_norm_weight
[36m(WorkerDict pid=96394)[0m 	module.language_model.decoder.layers.19.mlp.shared_experts.linear_fc1.weight
[36m(WorkerDict pid=96394)[0m 	module.language_model.decoder.layers.19.mlp.router.weight
[36m(WorkerDict pid=96394)[0m 	module.language_model.decoder.layers.17.mlp.shared_experts.linear_fc2.weight
[36m(WorkerDict pid=96394)[0m 	module.language_model.decoder.layers.17.self_attention.out_norm.weight
[36m(WorkerDict pid=96394)[0m 	module.language_model.decoder.layers.16.self_attention.in_proj.layer_norm_weight
[36m(WorkerDict pid=96394)[0m 	module.language_model.decoder.layers.12.mlp.shared_experts.linear_fc2.weight
[36m(WorkerDict pid=96394)[0m 	module.language_model.decoder.layers.11.self_attention.q_layernorm.weight
[36m(WorkerDict pid=96394)[0m 	module.language_model.decoder.layers.9.mlp.shared_experts.gate_weight
[36m(WorkerDict pid=96394)[0m 	module.language_model.decoder.layers.9.self_attention.conv1d.weight
[36m(WorkerDict pid=96394)[0m 	module.language_model.decoder.layers.5.mlp.router.weight
[36m(WorkerDict pid=96394)[0m 	module.language_model.decoder.layers.3.mlp.router.weight
[36m(WorkerDict pid=96394)[0m 	module.language_model.decoder.layers.6.self_attention.conv1d.weight
[36m(WorkerDict pid=96394)[0m 	module.language_model.decoder.layers.0.pre_mlp_layernorm.weight
[36m(WorkerDict pid=96394)[0m 	module.language_model.decoder.layers.19.self_attention.linear_qkv.layer_norm_weight
[36m(WorkerDict pid=96394)[0m 	module.language_model.decoder.layers.17.self_attention.dt_bias
[36m(WorkerDict pid=96394)[0m 	module.language_model.decoder.layers.16.self_attention.out_proj.weight
[36m(WorkerDict pid=96394)[0m 	module.language_model.decoder.layers.15.self_attention.linear_proj.weight
[36m(WorkerDict pid=96394)[0m 	module.language_model.decoder.layers.14.pre_mlp_layernorm.weight
[36m(WorkerDict pid=96394)[0m 	module.language_model.decoder.layers.12.mlp.shared_experts.gate_weight
[36m(WorkerDict pid=96394)[0m 	module.language_model.decoder.layers.10.mlp.router.weight
[36m(WorkerDict pid=96394)[0m 	module.language_model.decoder.layers.8.self_attention.A_log
[36m(WorkerDict pid=96394)[0m 	module.language_model.decoder.layers.6.mlp.shared_experts.gate_weight
[36m(WorkerDict pid=96394)[0m 	module.language_model.decoder.layers.6.self_attention.dt_bias
[36m(WorkerDict pid=96394)[0m 	module.language_model.decoder.layers.3.pre_mlp_layernorm.weight
[36m(WorkerDict pid=96394)[0m 	module.language_model.decoder.layers.6.self_attention.in_proj.weight
[36m(WorkerDict pid=96394)[0m 	module.language_model.decoder.layers.0.self_attention.conv1d.weight
[36m(WorkerDict pid=96394)[0m 	module.language_model.decoder.layers.1.mlp.shared_experts.linear_fc2.weight
[36m(WorkerDict pid=96394)[0m 	module.language_model.decoder.layers.19.mlp.shared_experts.linear_fc2.weight
[36m(WorkerDict pid=96394)[0m 	module.language_model.decoder.layers.18.self_attention.A_log
[36m(WorkerDict pid=96394)[0m 	module.language_model.decoder.layers.15.mlp.router.weight
[36m(WorkerDict pid=96394)[0m 	module.language_model.decoder.layers.16.self_attention.conv1d.weight
[36m(WorkerDict pid=96394)[0m 	module.language_model.decoder.layers.13.mlp.shared_experts.linear_fc2.weight
[36m(WorkerDict pid=96394)[0m 	module.language_model.decoder.layers.16.mlp.shared_experts.gate_weight
[36m(WorkerDict pid=96394)[0m 	module.language_model.decoder.layers.13.self_attention.A_log
[36m(WorkerDict pid=96394)[0m 	module.language_model.decoder.layers.12.self_attention.out_norm.weight
[36m(WorkerDict pid=96394)[0m 	module.language_model.decoder.layers.10.self_attention.in_proj.weight
[36m(WorkerDict pid=96394)[0m 	module.language_model.decoder.layers.7.self_attention.q_layernorm.weight
[36m(WorkerDict pid=96394)[0m 	module.language_model.decoder.layers.0.mlp.shared_experts.linear_fc1.weight
[36m(WorkerDict pid=96394)[0m 	module.language_model.decoder.layers.0.self_attention.in_proj.layer_norm_weight
[36m(WorkerDict pid=96394)[0m 	module.language_model.decoder.layers.4.self_attention.in_proj.layer_norm_weight
[36m(WorkerDict pid=96394)[0m 	module.language_model.decoder.layers.4.mlp.shared_experts.linear_fc1.weight
[36m(WorkerDict pid=96394)[0m 	module.language_model.decoder.layers.1.self_attention.out_proj.weight
[36m(WorkerDict pid=96394)[0m 	module.language_model.decoder.layers.3.self_attention.q_layernorm.weight
[36m(WorkerDict pid=96394)[0m 	module.language_model.decoder.layers.5.pre_mlp_layernorm.weight
[36m(WorkerDict pid=96394)[0m 	module.language_model.decoder.layers.18.mlp.shared_experts.linear_fc2.weight
[36m(WorkerDict pid=96394)[0m 	module.language_model.decoder.layers.17.mlp.router.weight
[36m(WorkerDict pid=96394)[0m 	module.language_model.decoder.layers.12.self_attention.dt_bias
[36m(WorkerDict pid=96394)[0m 	module.language_model.decoder.layers.10.self_attention.in_proj.layer_norm_weight
[36m(WorkerDict pid=96394)[0m 	module.language_model.decoder.layers.9.pre_mlp_layernorm.weight
[36m(WorkerDict pid=96394)[0m 	module.language_model.decoder.layers.5.self_attention.out_proj.weight
[36m(WorkerDict pid=96394)[0m 	module.language_model.decoder.layers.3.mlp.shared_experts.linear_fc2.weight
[36m(WorkerDict pid=96394)[0m 	module.language_model.decoder.layers.3.self_attention.k_layernorm.weight
[36m(WorkerDict pid=96394)[0m 	module.language_model.decoder.layers.1.self_attention.in_proj.weight
[36m(WorkerDict pid=96394)[0m 	module.language_model.decoder.layers.0.self_attention.in_proj.weight
[36m(WorkerDict pid=96394)[0m 	module.language_model.decoder.layers.2.self_attention.in_proj.layer_norm_weight
[36m(WorkerDict pid=96394)[0m 	module.language_model.decoder.layers.3.mlp.shared_experts.gate_weight
[36m(WorkerDict pid=96394)[0m 	module.language_model.decoder.layers.1.pre_mlp_layernorm.weight
[36m(WorkerDict pid=96394)[0m 	module.language_model.decoder.layers.5.self_attention.conv1d.weight
[36m(WorkerDict pid=96394)[0m 	module.language_model.decoder.layers.14.self_attention.A_log
[36m(WorkerDict pid=96394)[0m 	module.language_model.decoder.layers.19.self_attention.k_layernorm.weight
[36m(WorkerDict pid=96394)[0m 	module.language_model.decoder.layers.18.mlp.shared_experts.gate_weight
[36m(WorkerDict pid=96394)[0m 	module.language_model.decoder.layers.17.self_attention.in_proj.weight
[36m(WorkerDict pid=96394)[0m 	module.language_model.decoder.layers.13.self_attention.in_proj.layer_norm_weight
[36m(WorkerDict pid=96394)[0m 	module.language_model.decoder.layers.11.mlp.shared_experts.gate_weight
[36m(WorkerDict pid=96394)[0m 	module.language_model.decoder.layers.11.self_attention.linear_qkv.weight
[36m(WorkerDict pid=96394)[0m 	module.language_model.decoder.layers.10.self_attention.out_proj.weight
[36m(WorkerDict pid=96394)[0m 	module.language_model.decoder.layers.8.mlp.shared_experts.linear_fc2.weight
[36m(WorkerDict pid=96394)[0m 	module.language_model.decoder.layers.8.self_attention.out_norm.weight
[36m(WorkerDict pid=96394)[0m 	module.language_model.decoder.layers.5.mlp.shared_experts.linear_fc2.weight
[36m(WorkerDict pid=96394)[0m 	module.language_model.decoder.layers.0.self_attention.dt_bias
[36m(WorkerDict pid=96394)[0m 	module.language_model.decoder.layers.9.self_attention.A_log
[36m(WorkerDict pid=96394)[0m 	module.language_model.decoder.layers.1.mlp.shared_experts.gate_weight
[36m(WorkerDict pid=96394)[0m 	module.language_model.decoder.layers.1.self_attention.out_norm.weight
[36m(WorkerDict pid=96394)[0m 	module.language_model.decoder.layers.5.self_attention.in_proj.weight
[36m(WorkerDict pid=96394)[0m 	module.language_model.decoder.layers.18.self_attention.out_norm.weight
[36m(WorkerDict pid=96394)[0m 	module.language_model.decoder.layers.17.self_attention.in_proj.layer_norm_weight
[36m(WorkerDict pid=96394)[0m 	module.language_model.decoder.layers.16.pre_mlp_layernorm.weight
[36m(WorkerDict pid=96394)[0m 	module.language_model.decoder.layers.13.self_attention.out_norm.weight
[36m(WorkerDict pid=96394)[0m 	module.language_model.decoder.layers.12.mlp.router.weight
[36m(WorkerDict pid=96394)[0m 	module.language_model.decoder.layers.10.mlp.shared_experts.gate_weight
[36m(WorkerDict pid=96394)[0m 	module.language_model.decoder.layers.10.self_attention.conv1d.weight
[36m(WorkerDict pid=96394)[0m 	module.language_model.decoder.layers.8.self_attention.dt_bias
[36m(WorkerDict pid=96394)[0m 	module.language_model.decoder.layers.6.mlp.shared_experts.linear_fc1.weight
[36m(WorkerDict pid=96394)[0m 	module.language_model.decoder.layers.6.mlp.router.weight
[36m(WorkerDict pid=96394)[0m 	module.language_model.decoder.layers.1.self_attention.A_log
[36m(WorkerDict pid=96394)[0m 	module.language_model.decoder.layers.3.self_attention.linear_qkv.layer_norm_weight
[36m(WorkerDict pid=96394)[0m 	module.language_model.decoder.layers.6.pre_mlp_layernorm.weight
[36m(WorkerDict pid=96394)[0m 	module.language_model.decoder.layers.7.mlp.shared_experts.gate_weight
[36m(WorkerDict pid=96394)[0m 	module.language_model.decoder.layers.13.mlp.shared_experts.linear_fc1.weight
[36m(WorkerDict pid=96394)[0m 	module.language_model.decoder.layers.14.mlp.shared_experts.linear_fc1.weight
[36m(WorkerDict pid=96394)[0m 	module.language_model.decoder.layers.15.self_attention.k_layernorm.weight
[36m(WorkerDict pid=96394)[0m 	module.language_model.decoder.layers.18.self_attention.dt_bias
[36m(WorkerDict pid=96394)[0m 	module.language_model.decoder.layers.17.mlp.shared_experts.linear_fc1.weight
[36m(WorkerDict pid=96394)[0m 	module.language_model.decoder.layers.17.self_attention.out_proj.weight
[36m(WorkerDict pid=96394)[0m 	module.language_model.decoder.layers.15.mlp.shared_experts.linear_fc2.weight
[36m(WorkerDict pid=96394)[0m 	module.language_model.decoder.layers.16.mlp.shared_experts.linear_fc1.weight
[36m(WorkerDict pid=96394)[0m 	module.language_model.decoder.layers.15.mlp.shared_experts.linear_fc1.weight
[36m(WorkerDict pid=96394)[0m 	module.language_model.decoder.layers.13.self_attention.dt_bias
[36m(WorkerDict pid=96394)[0m 	module.language_model.decoder.layers.3.self_attention.linear_qkv.weight
[36m(WorkerDict pid=96394)[0m 	module.language_model.decoder.layers.1.mlp.shared_experts.linear_fc1.weight
[36m(WorkerDict pid=96394)[0m 	module.language_model.decoder.layers.0.mlp.shared_experts.linear_fc2.weight
[36m(WorkerDict pid=96394)[0m 	module.language_model.decoder.layers.5.mlp.shared_experts.linear_fc1.weight
[36m(WorkerDict pid=96394)[0m 	module.language_model.decoder.layers.14.self_attention.out_norm.weight
[36m(WorkerDict pid=96394)[0m 	module.language_model.decoder.layers.14.mlp.shared_experts.linear_fc2.weight
[36m(WorkerDict pid=96394)[0m 	module.language_model.decoder.layers.19.self_attention.q_layernorm.weight
[36m(WorkerDict pid=96394)[0m 	module.language_model.decoder.layers.17.mlp.shared_experts.gate_weight
[36m(WorkerDict pid=96394)[0m 	module.language_model.decoder.layers.17.self_attention.conv1d.weight
[36m(WorkerDict pid=96394)[0m 	module.language_model.decoder.layers.12.mlp.shared_experts.linear_fc1.weight
[36m(WorkerDict pid=96394)[0m 	module.language_model.decoder.layers.12.self_attention.in_proj.layer_norm_weight
[36m(WorkerDict pid=96394)[0m 	module.language_model.decoder.layers.11.self_attention.linear_qkv.layer_norm_weight
[36m(WorkerDict pid=96394)[0m 	module.language_model.decoder.layers.8.mlp.router.weight
[36m(WorkerDict pid=96394)[0m 	module.language_model.decoder.layers.7.self_attention.linear_proj.weight
[36m(WorkerDict pid=96394)[0m 	module.language_model.decoder.layers.6.self_attention.out_proj.weight
[36m(WorkerDict pid=96394)[0m 	module.language_model.decoder.layers.1.self_attention.conv1d.weight
[36m(WorkerDict pid=96394)[0m 	module.language_model.decoder.layers.4.mlp.shared_experts.linear_fc2.weight
[36m(WorkerDict pid=96394)[0m 	module.language_model.decoder.layers.16.self_attention.A_log
[36m(WorkerDict pid=96394)[0m 	module.language_model.decoder.layers.13.pre_mlp_layernorm.weight
[36m(WorkerDict pid=96394)[0m 	module.language_model.decoder.layers.14.self_attention.dt_bias
[36m(WorkerDict pid=96394)[0m 	module.language_model.decoder.layers.18.mlp.router.weight
[36m(WorkerDict pid=96394)[0m 	module.language_model.decoder.layers.12.self_attention.out_proj.weight
[36m(WorkerDict pid=96394)[0m 	module.language_model.decoder.layers.11.self_attention.linear_proj.weight
[36m(WorkerDict pid=96394)[0m 	module.language_model.decoder.layers.10.pre_mlp_layernorm.weight
[36m(WorkerDict pid=96394)[0m 	module.language_model.decoder.layers.8.self_attention.in_proj.weight
[36m(WorkerDict pid=96394)[0m 	module.language_model.decoder.layers.7.pre_mlp_layernorm.weight
[36m(WorkerDict pid=96394)[0m 	module.language_model.decoder.layers.7.self_attention.linear_qkv.layer_norm_weight
[36m(WorkerDict pid=96394)[0m 	module.language_model.decoder.layers.2.mlp.shared_experts.linear_fc2.weight
[36m(WorkerDict pid=96390)[0m [Rank 0 | Local Rank 0] 2026-05-25 01:32:30,831 INFO [megatron.core.distributed.distributed_data_parallel:43] => Setting up DistributedDataParallel with config DistributedDataParallelConfig(grad_reduce_in_fp32=False, overlap_grad_reduce=False, overlap_param_gather=False, align_param_gather=False, use_distributed_optimizer=True, num_distributed_optimizer_instances=1, check_for_nan_in_grad=False, check_for_large_grads=False, bucket_size=None, pad_buckets_for_high_nccl_busbw=False, reduce_scatter_with_fp32_accumulation=False, average_in_collective=False, fp8_param_gather=False, reuse_grad_buf_for_mxfp8_param_ag=False, use_megatron_fsdp=False, use_custom_fsdp=False, data_parallel_sharding_strategy='no_shard', gradient_reduce_div_fusion=True, suggested_communication_unit_size=None, preserve_fp32_weights=True, keep_fp8_transpose_cache=False, nccl_ub=False, fsdp_double_buffer=False, outer_dp_sharding_strategy='no_shard', disable_symmetric_registration=False, fsdp_manual_registration=False, delay_wgrad_compute=False)
[36m(WorkerDict pid=96390)[0m 	module.language_model.decoder.layers.7.self_attention.linear_qkv.weight
[36m(WorkerDict pid=96390)[0m 	module.language_model.decoder.layers.3.self_attention.q_layernorm.weight
[36m(WorkerDict pid=96390)[0m 	module.vision_model.decoder.layers.18.mlp.linear_fc1.bias
[36m(WorkerDict pid=96390)[0m 	module.vision_model.decoder.layers.6.self_attention.linear_qkv.weight
[36m(WorkerDict pid=96390)[0m 	module.vision_model.decoder.layers.0.mlp.linear_fc1.layer_norm_bias
[36m(WorkerDict pid=96390)[0m 	module.language_model.decoder.layers.17.self_attention.in_proj.weight
[36m(WorkerDict pid=96390)[0m 	module.language_model.decoder.layers.12.self_attention.conv1d.weight
[36m(WorkerDict pid=96390)[0m 	module.language_model.decoder.layers.8.mlp.router.weight
[36m(WorkerDict pid=96390)[0m 	module.vision_model.decoder.layers.25.self_attention.linear_proj.weight
[36m(WorkerDict pid=96390)[0m 	module.vision_model.decoder.layers.22.self_attention.linear_proj.weight
[36m(WorkerDict pid=96390)[0m 	module.language_model.decoder.layers.0.mlp.shared_experts.linear_fc2.weight
[36m(WorkerDict pid=96390)[0m 	module.language_model.decoder.layers.4.mlp.shared_experts.gate_weight
[36m(WorkerDict pid=96390)[0m 	module.vision_model.decoder.layers.17.self_attention.linear_proj.bias
[36m(WorkerDict pid=96390)[0m 	module.vision_model.decoder.layers.12.self_attention.linear_qkv.layer_norm_bias
[36m(WorkerDict pid=96390)[0m 	module.vision_model.decoder.layers.10.mlp.linear_fc1.bias
[36m(WorkerDict pid=96390)[0m 	module.vision_model.decoder.layers.23.self_attention.linear_qkv.bias
[36m(WorkerDict pid=96390)[0m 	module.language_model.decoder.layers.13.mlp.router.weight
[36m(WorkerDict pid=96390)[0m 	module.language_model.decoder.layers.18.self_attention.out_norm.weight
[36m(WorkerDict pid=96390)[0m 	module.language_model.decoder.layers.11.self_attention.linear_proj.weight
[36m(WorkerDict pid=96390)[0m 	module.language_model.decoder.layers.2.self_attention.in_proj.weight
[36m(WorkerDict pid=96390)[0m 	module.vision_model.decoder.layers.15.mlp.linear_fc1.bias
[36m(WorkerDict pid=96390)[0m 	module.vision_model.decoder.layers.11.self_attention.linear_qkv.bias
[36m(WorkerDict pid=96390)[0m 	module.vision_model.decoder.layers.7.mlp.linear_fc2.weight
[36m(WorkerDict pid=96390)[0m 	module.vision_model.decoder.layers.2.mlp.linear_fc1.bias
[36m(WorkerDict pid=96390)[0m 	module.language_model.decoder.layers.12.mlp.shared_experts.linear_fc1.weight
[36m(WorkerDict pid=96390)[0m 	module.language_model.decoder.layers.6.mlp.shared_experts.linear_fc1.weight
[36m(WorkerDict pid=96390)[0m 	module.language_model.decoder.layers.15.mlp.shared_experts.linear_fc2.weight
[36m(WorkerDict pid=96390)[0m 	module.language_model.decoder.layers.7.self_attention.linear_qkv.layer_norm_weight
[36m(WorkerDict pid=96390)[0m 	module.vision_model.decoder.layers.26.self_attention.linear_qkv.layer_norm_weight
[36m(WorkerDict pid=96390)[0m 	module.language_model.decoder.layers.0.self_attention.in_proj.layer_norm_weight
[36m(WorkerDict pid=96390)[0m 	module.language_model.decoder.layers.2.mlp.shared_experts.linear_fc1.weight
[36m(WorkerDict pid=96390)[0m 	module.vision_model.decoder.layers.19.self_attention.linear_proj.weight
[36m(WorkerDict pid=96390)[0m 	module.vision_model.decoder.layers.14.self_attention.linear_qkv.bias
[36m(WorkerDict pid=96390)[0m 	module.vision_model.decoder.layers.6.self_attention.linear_qkv.bias
[36m(WorkerDict pid=96390)[0m 	module.vision_model.decoder.layers.0.mlp.linear_fc2.bias
[36m(WorkerDict pid=96390)[0m 	module.language_model.decoder.layers.17.self_attention.conv1d.weight
[36m(WorkerDict pid=96390)[0m 	module.language_model.decoder.layers.8.self_attention.out_proj.weight
[36m(WorkerDict pid=96390)[0m 	module.language_model.decoder.layers.5.self_attention.in_proj.layer_norm_weight
[36m(WorkerDict pid=96390)[0m 	module.vision_model.decoder.layers.21.mlp.linear_fc1.layer_norm_bias
[36m(WorkerDict pid=96390)[0m 	module.vision_model.decoder.layers.24.mlp.linear_fc1.layer_norm_bias
[36m(WorkerDict pid=96390)[0m 	module.vision_model.decoder.layers.12.mlp.linear_fc1.bias
[36m(WorkerDict pid=96390)[0m 	module.vision_model.decoder.layers.4.mlp.linear_fc1.layer_norm_weight
[36m(WorkerDict pid=96390)[0m 	module.vision_model.decoder.layers.0.self_attention.linear_qkv.layer_norm_bias
[36m(WorkerDict pid=96390)[0m 	module.vision_model.decoder.layers.3.mlp.linear_fc2.bias
[36m(WorkerDict pid=96390)[0m 	module.language_model.decoder.layers.2.self_attention.conv1d.weight
[36m(WorkerDict pid=96390)[0m 	module.language_model.decoder.layers.18.pre_mlp_layernorm.weight
[36m(WorkerDict pid=96390)[0m 	module.language_model.decoder.layers.13.self_attention.out_proj.weight
[36m(WorkerDict pid=96390)[0m 	module.language_model.decoder.layers.5.mlp.shared_experts.linear_fc2.weight
[36m(WorkerDict pid=96390)[0m 	module.vision_model.decoder.layers.23.self_attention.linear_qkv.layer_norm_weight
[36m(WorkerDict pid=96390)[0m 	module.vision_model.decoder.layers.20.self_attention.linear_qkv.layer_norm_weight
[36m(WorkerDict pid=96390)[0m 	module.vision_model.decoder.layers.16.self_attention.linear_proj.weight
[36m(WorkerDict pid=96390)[0m 	module.vision_model.decoder.layers.11.self_attention.linear_proj.weight
[36m(WorkerDict pid=96390)[0m 	module.vision_model.decoder.layers.8.self_attention.linear_proj.weight
[36m(WorkerDict pid=96390)[0m 	module.vision_model.decoder.layers.3.self_attention.linear_proj.bias
[36m(WorkerDict pid=96390)[0m 	module.vision_model.decoder.layers.0.self_attention.linear_qkv.layer_norm_weight
[36m(WorkerDict pid=96390)[0m 	module.vision_model.decoder.layers.26.self_attention.linear_qkv.weight
[36m(WorkerDict pid=96390)[0m 	module.language_model.decoder.layers.19.mlp.shared_experts.gate_weight
[36m(WorkerDict pid=96390)[0m 	module.language_model.decoder.layers.3.pre_mlp_layernorm.weight
[36m(WorkerDict pid=96390)[0m 	module.vision_model.decoder.layers.18.mlp.linear_fc1.layer_norm_bias
[36m(WorkerDict pid=96390)[0m 	module.vision_model.decoder.layers.14.self_attention.linear_proj.bias
[36m(WorkerDict pid=96390)[0m 	module.vision_model.decoder.layers.6.self_attention.linear_qkv.layer_norm_weight
[36m(WorkerDict pid=96390)[0m 	module.vision_model.decoder.layers.0.mlp.linear_fc2.weight
[36m(WorkerDict pid=96390)[0m 	module.vision_model.decoder.layers.0.mlp.linear_fc1.bias
[36m(WorkerDict pid=96390)[0m 	module.vision_model.decoder.layers.21.mlp.linear_fc2.bias
[36m(WorkerDict pid=96390)[0m 	module.language_model.decoder.layers.17.pre_mlp_layernorm.weight
[36m(WorkerDict pid=96390)[0m 	module.language_model.decoder.layers.12.self_attention.A_log
[36m(WorkerDict pid=96390)[0m 	module.language_model.decoder.layers.4.mlp.shared_experts.linear_fc1.weight
[36m(WorkerDict pid=96390)[0m 	module.vision_model.decoder.layers.24.mlp.linear_fc2.bias
[36m(WorkerDict pid=96390)[0m 	module.language_model.decoder.layers.1.self_attention.dt_bias
[36m(WorkerDict pid=96390)[0m 	module.vision_model.decoder.layers.17.self_attention.linear_qkv.layer_norm_weight
[36m(WorkerDict pid=96390)[0m 	module.vision_model.decoder.layers.13.mlp.linear_fc1.bias
[36m(WorkerDict pid=96390)[0m 	module.vision_model.decoder.layers.9.mlp.linear_fc1.layer_norm_bias
[36m(WorkerDict pid=96390)[0m 	module.vision_model.decoder.layers.4.self_attention.linear_qkv.layer_norm_bias
[36m(WorkerDict pid=96390)[0m 	module.language_model.decoder.layers.2.pre_mlp_layernorm.weight
[36m(WorkerDict pid=96390)[0m 	module.language_model.decoder.layers.18.self_attention.out_proj.weight
[36m(WorkerDict pid=96390)[0m 	module.language_model.decoder.layers.10.mlp.shared_experts.linear_fc2.weight
[36m(WorkerDict pid=96390)[0m 	module.vision_model.decoder.layers.23.self_attention.linear_qkv.weight
[36m(WorkerDict pid=96390)[0m 	module.vision_model.decoder.layers.20.self_attention.linear_qkv.weight
[36m(WorkerDict pid=96390)[0m 	module.vision_model.decoder.layers.15.mlp.linear_fc1.layer_norm_bias
[36m(WorkerDict pid=96390)[0m 	module.vision_model.decoder.layers.11.self_attention.linear_proj.bias
[36m(WorkerDict pid=96390)[0m 	module.vision_model.decoder.layers.8.self_attention.linear_qkv.weight
[36m(WorkerDict pid=96390)[0m 	module.vision_model.decoder.layers.2.mlp.linear_fc1.layer_norm_bias
[36m(WorkerDict pid=96390)[0m 	module.language_model.decoder.layers.3.mlp.router.weight
[36m(WorkerDict pid=96390)[0m 	module.vision_model.decoder.layers.26.mlp.linear_fc1.weight
[36m(WorkerDict pid=96390)[0m 	module.language_model.decoder.layers.16.self_attention.dt_bias
[36m(WorkerDict pid=96390)[0m 	module.language_model.decoder.layers.7.self_attention.k_layernorm.weight
[36m(WorkerDict pid=96390)[0m 	module.vision_model.decoder.layers.18.mlp.linear_fc2.bias
[36m(WorkerDict pid=96390)[0m 	module.vision_model.decoder.layers.6.mlp.linear_fc1.weight
[36m(WorkerDict pid=96390)[0m 	module.vision_model.decoder.layers.1.self_attention.linear_proj.weight
[36m(WorkerDict pid=96390)[0m 	module.language_model.decoder.layers.5.mlp.router.weight
[36m(WorkerDict pid=96390)[0m 	module.vision_model.decoder.layers.21.mlp.linear_fc2.weight
[36m(WorkerDict pid=96390)[0m 	module.vision_model.merger.linear_fc2.weight
[36m(WorkerDict pid=96390)[0m 	module.vision_model.decoder.layers.24.mlp.linear_fc2.weight
[36m(WorkerDict pid=96390)[0m 	module.language_model.decoder.layers.17.self_attention.A_log
[36m(WorkerDict pid=96390)[0m 	module.language_model.decoder.layers.12.self_attention.out_norm.weight
[36m(WorkerDict pid=96390)[0m 	module.language_model.decoder.layers.9.mlp.shared_experts.gate_weight
[36m(WorkerDict pid=96390)[0m 	module.language_model.decoder.layers.1.self_attention.in_proj.layer_norm_weight
[36m(WorkerDict pid=96390)[0m 	module.vision_model.decoder.layers.17.self_attention.linear_qkv.weight
[36m(WorkerDict pid=96390)[0m 	module.vision_model.decoder.layers.12.mlp.linear_fc1.layer_norm_bias
[36m(WorkerDict pid=96390)[0m 	module.vision_model.decoder.layers.9.self_attention.linear_qkv.bias
[36m(WorkerDict pid=96390)[0m 	module.language_model.decoder.layers.6.self_attention.dt_bias
[36m(WorkerDict pid=96390)[0m 	module.vision_model.decoder.layers.23.mlp.linear_fc1.weight
[36m(WorkerDict pid=96390)[0m 	module.language_model.decoder.layers.18.mlp.router.weight
[36m(WorkerDict pid=96390)[0m 	module.language_model.decoder.layers.14.mlp.shared_experts.gate_weight
[36m(WorkerDict pid=96390)[0m 	module.language_model.decoder.layers.10.mlp.shared_experts.gate_weight
[36m(WorkerDict pid=96390)[0m 	module.language_model.decoder.layers.2.self_attention.A_log
[36m(WorkerDict pid=96390)[0m 	module.vision_model.decoder.layers.20.mlp.linear_fc1.weight
[36m(WorkerDict pid=96390)[0m 	module.vision_model.decoder.layers.15.mlp.linear_fc2.bias
[36m(WorkerDict pid=96390)[0m 	module.vision_model.decoder.layers.11.self_attention.linear_qkv.layer_norm_weight
[36m(WorkerDict pid=96390)[0m 	module.vision_model.decoder.layers.8.self_attention.linear_qkv.bias
[36m(WorkerDict pid=96390)[0m 	module.vision_model.decoder.layers.26.mlp.linear_fc1.layer_norm_weight
[36m(WorkerDict pid=96390)[0m 	module.language_model.decoder.layers.16.self_attention.in_proj.weight
[36m(WorkerDict pid=96390)[0m 	module.language_model.decoder.layers.7.self_attention.q_layernorm.weight
[36m(WorkerDict pid=96390)[0m 	module.vision_model.decoder.layers.18.mlp.linear_fc2.weight
[36m(WorkerDict pid=96390)[0m 	module.vision_model.decoder.layers.14.self_attention.linear_qkv.layer_norm_weight
[36m(WorkerDict pid=96390)[0m 	module.vision_model.decoder.layers.6.mlp.linear_fc1.layer_norm_weight
[36m(WorkerDict pid=96390)[0m 	module.vision_model.decoder.layers.1.self_attention.linear_qkv.weight
[36m(WorkerDict pid=96390)[0m 	module.vision_model.decoder.layers.4.mlp.linear_fc1.bias
[36m(WorkerDict pid=96390)[0m 	module.vision_model.decoder.layers.6.self_attention.linear_proj.weight
[36m(WorkerDict pid=96390)[0m 	module.language_model.decoder.layers.12.pre_mlp_layernorm.weight
[36m(WorkerDict pid=96390)[0m 	module.language_model.decoder.layers.10.self_attention.in_proj.layer_norm_weight
[36m(WorkerDict pid=96390)[0m 	module.vision_model.merger.linear_fc2.bias
[36m(WorkerDict pid=96390)[0m 	module.language_model.decoder.layers.1.self_attention.in_proj.weight
[36m(WorkerDict pid=96390)[0m 	module.language_model.decoder.layers.17.self_attention.out_norm.weight
[36m(WorkerDict pid=96390)[0m 	module.vision_model.decoder.layers.17.mlp.linear_fc1.weight
[36m(WorkerDict pid=96390)[0m 	module.vision_model.decoder.layers.12.mlp.linear_fc2.bias
[36m(WorkerDict pid=96390)[0m 	module.vision_model.decoder.layers.9.mlp.linear_fc2.weight
[36m(WorkerDict pid=96390)[0m 	module.vision_model.decoder.layers.5.self_attention.linear_proj.bias
[36m(WorkerDict pid=96390)[0m 	module.vision_model.decoder.layers.23.mlp.linear_fc1.layer_norm_weight
[36m(WorkerDict pid=96390)[0m 	module.language_model.decoder.layers.15.self_attention.linear_proj.weight
[36m(WorkerDict pid=96390)[0m 	module.language_model.decoder.layers.11.self_attention.linear_qkv.weight
[36m(WorkerDict pid=96390)[0m 	module.language_model.decoder.layers.6.self_attention.in_proj.weight
[36m(WorkerDict pid=96390)[0m 	module.language_model.decoder.layers.2.self_attention.out_norm.weight
[36m(WorkerDict pid=96390)[0m 	module.vision_model.decoder.layers.20.mlp.linear_fc1.layer_norm_weight
[36m(WorkerDict pid=96390)[0m 	module.vision_model.decoder.layers.15.mlp.linear_fc2.weight
[36m(WorkerDict pid=96390)[0m 	module.vision_model.decoder.layers.11.self_attention.linear_qkv.weight
[36m(WorkerDict pid=96390)[0m 	module.vision_model.decoder.layers.8.self_attention.linear_qkv.layer_norm_weight
[36m(WorkerDict pid=96390)[0m 	module.vision_model.decoder.layers.2.mlp.linear_fc2.weight
[36m(WorkerDict pid=96390)[0m 	module.vision_model.decoder.layers.26.self_attention.linear_qkv.layer_norm_bias
[36m(WorkerDict pid=96390)[0m 	module.language_model.decoder.layers.0.self_attention.dt_bias
[36m(WorkerDict pid=96390)[0m 	module.language_model.decoder.layers.16.self_attention.conv1d.weight
[36m(WorkerDict pid=96390)[0m 	module.language_model.decoder.layers.19.mlp.shared_experts.linear_fc2.weight
[36m(WorkerDict pid=96390)[0m 	module.vision_model.decoder.layers.14.self_attention.linear_qkv.weight
[36m(WorkerDict pid=96390)[0m 	module.vision_model.decoder.layers.6.self_attention.linear_qkv.layer_norm_bias
[36m(WorkerDict pid=96390)[0m 	module.vision_model.decoder.layers.1.self_attention.linear_qkv.bias
[36m(WorkerDict pid=96390)[0m 	module.vision_model.decoder.layers.2.mlp.linear_fc2.bias
[36m(WorkerDict pid=96390)[0m 	module.language_model.decoder.layers.17.mlp.router.weight
[36m(WorkerDict pid=96390)[0m 	module.language_model.decoder.layers.12.self_attention.out_proj.weight
[36m(WorkerDict pid=96390)[0m 	module.language_model.decoder.layers.4.mlp.shared_experts.linear_fc2.weight
[36m(WorkerDict pid=96390)[0m 	module.vision_model.decoder.layers.22.self_attention.linear_qkv.bias
[36m(WorkerDict pid=96390)[0m 	module.vision_model.decoder.layers.25.self_attention.linear_qkv.bias
[36m(WorkerDict pid=96390)[0m 	module.language_model.decoder.layers.1.self_attention.conv1d.weight
[36m(WorkerDict pid=96390)[0m 	module.vision_model.decoder.layers.17.mlp.linear_fc1.layer_norm_weight
[36m(WorkerDict pid=96390)[0m 	module.vision_model.decoder.layers.12.mlp.linear_fc2.weight
[36m(WorkerDict pid=96390)[0m 	module.vision_model.decoder.layers.10.self_attention.linear_proj.weight
[36m(WorkerDict pid=96390)[0m 	module.vision_model.decoder.layers.4.mlp.linear_fc1.layer_norm_bias
[36m(WorkerDict pid=96390)[0m 	module.language_model.decoder.layers.18.mlp.shared_experts.gate_weight
[36m(WorkerDict pid=96390)[0m 	module.language_model.decoder.layers.11.self_attention.linear_qkv.layer_norm_weight
[36m(WorkerDict pid=96390)[0m 	module.language_model.decoder.layers.6.self_attention.conv1d.weight
[36m(WorkerDict pid=96390)[0m 	module.vision_model.decoder.layers.23.self_attention.linear_qkv.layer_norm_bias
[36m(WorkerDict pid=96390)[0m 	module.language_model.decoder.layers.2.mlp.router.weight
[36m(WorkerDict pid=96390)[0m 	module.vision_model.decoder.layers.20.self_attention.linear_qkv.layer_norm_bias
[36m(WorkerDict pid=96390)[0m 	module.vision_model.decoder.layers.11.mlp.linear_fc1.weight
[36m(WorkerDict pid=96390)[0m 	module.vision_model.decoder.layers.8.mlp.linear_fc1.weight
[36m(WorkerDict pid=96390)[0m 	module.vision_model.decoder.layers.3.self_attention.linear_proj.weight
[36m(WorkerDict pid=96390)[0m 	module.vision_model.decoder.layers.26.mlp.linear_fc1.bias
[36m(WorkerDict pid=96390)[0m 	module.language_model.decoder.layers.16.pre_mlp_layernorm.weight
[36m(WorkerDict pid=96390)[0m 	module.language_model.decoder.layers.7.pre_mlp_layernorm.weight
[36m(WorkerDict pid=96390)[0m 	module.vision_model.decoder.layers.19.self_attention.linear_qkv.bias
[36m(WorkerDict pid=96390)[0m 	module.vision_model.decoder.layers.14.mlp.linear_fc1.weight
[36m(WorkerDict pid=96390)[0m 	module.vision_model.decoder.layers.6.mlp.linear_fc1.bias
[36m(WorkerDict pid=96390)[0m 	module.vision_model.decoder.layers.1.self_attention.linear_qkv.layer_norm_weight
[36m(WorkerDict pid=96390)[0m 	module.vision_model.decoder.layers.9.mlp.linear_fc2.bias
[36m(WorkerDict pid=96390)[0m 	module.language_model.decoder.layers.13.mlp.shared_experts.linear_fc1.weight
[36m(WorkerDict pid=96390)[0m 	module.language_model.decoder.layers.15.mlp.shared_experts.linear_fc1.weight
[36m(WorkerDict pid=96390)[0m 	module.vision_model.decoder.layers.22.self_attention.linear_proj.bias
[36m(WorkerDict pid=96390)[0m 	module.language_model.decoder.layers.17.self_attention.out_proj.weight
[36m(WorkerDict pid=96390)[0m 	module.language_model.decoder.layers.9.mlp.shared_experts.linear_fc2.weight
[36m(WorkerDict pid=96390)[0m 	module.language_model.embedding.word_embeddings.weight
[36m(WorkerDict pid=96390)[0m 	module.vision_model.decoder.layers.25.self_attention.linear_proj.bias
[36m(WorkerDict pid=96390)[0m 	module.language_model.decoder.layers.14.mlp.shared_experts.linear_fc1.weight
[36m(WorkerDict pid=96390)[0m 	module.vision_model.decoder.layers.17.self_attention.linear_qkv.layer_norm_bias
[36m(WorkerDict pid=96390)[0m 	module.vision_model.decoder.layers.4.mlp.linear_fc2.bias
[36m(WorkerDict pid=96390)[0m 	module.language_model.decoder.layers.14.mlp.shared_experts.linear_fc2.weight
[36m(WorkerDict pid=96390)[0m 	module.language_model.decoder.layers.6.pre_mlp_layernorm.weight
[36m(WorkerDict pid=96390)[0m 	module.language_model.decoder.layers.3.mlp.shared_experts.gate_weight
[36m(WorkerDict pid=96390)[0m 	module.vision_model.decoder.layers.23.mlp.linear_fc1.bias
[36m(WorkerDict pid=96390)[0m 	module.language_model.decoder.layers.2.self_attention.out_proj.weight
[36m(WorkerDict pid=96390)[0m 	module.vision_model.decoder.layers.20.mlp.linear_fc1.bias
[36m(WorkerDict pid=96390)[0m 	module.vision_model.decoder.layers.16.self_attention.linear_qkv.bias
[36m(WorkerDict pid=96390)[0m 	module.vision_model.decoder.layers.11.mlp.linear_fc1.layer_norm_weight
[36m(WorkerDict pid=96390)[0m 	module.vision_model.decoder.layers.8.mlp.linear_fc1.layer_norm_weight
[36m(WorkerDict pid=96390)[0m 	module.vision_model.decoder.layers.3.self_attention.linear_qkv.weight
[36m(WorkerDict pid=96390)[0m 	module.vision_model.merger.patch_norm.weight
[36m(WorkerDict pid=96390)[0m 	module.language_model.decoder.layers.16.self_attention.A_log
[36m(WorkerDict pid=96390)[0m 	module.language_model.decoder.layers.8.mlp.shared_experts.gate_weight
[36m(WorkerDict pid=96390)[0m 	module.language_model.decoder.layers.7.mlp.router.weight
[36m(WorkerDict pid=96390)[0m 	module.language_model.decoder.layers.0.self_attention.conv1d.weight
[36m(WorkerDict pid=96390)[0m 	module.vision_model.decoder.layers.19.self_attention.linear_proj.bias
[36m(WorkerDict pid=96390)[0m 	module.vision_model.decoder.layers.14.mlp.linear_fc1.layer_norm_weight
[36m(WorkerDict pid=96390)[0m 	module.vision_model.decoder.layers.7.self_attention.linear_proj.bias
[36m(WorkerDict pid=96390)[0m 	module.vision_model.decoder.layers.1.mlp.linear_fc1.weight
[36m(WorkerDict pid=96390)[0m 	module.language_model.decoder.layers.13.mlp.shared_experts.gate_weight
[36m(WorkerDict pid=96390)[0m 	module.language_model.decoder.layers.5.self_attention.dt_bias
[36m(WorkerDict pid=96390)[0m 	module.language_model.decoder.layers.1.self_attention.A_log
[36m(WorkerDict pid=96390)[0m 	module.vision_model.decoder.layers.17.mlp.linear_fc1.bias
[36m(WorkerDict pid=96390)[0m 	module.vision_model.decoder.layers.13.self_attention.linear_qkv.bias
[36m(WorkerDict pid=96390)[0m 	module.vision_model.decoder.layers.10.self_attention.linear_proj.bias
[36m(WorkerDict pid=96390)[0m 	module.vision_model.decoder.layers.4.mlp.linear_fc2.weight
[36m(WorkerDict pid=96390)[0m 	module.language_model.decoder.layers.16.self_attention.in_proj.layer_norm_weight
[36m(WorkerDict pid=96390)[0m 	module.language_model.decoder.layers.4.self_attention.in_proj.layer_norm_weight
[36m(WorkerDict pid=96390)[0m 	module.vision_model.decoder.layers.24.self_attention.linear_proj.weight
[36m(WorkerDict pid=96390)[0m 	module.language_model.decoder.layers.19.self_attention.linear_proj.weight
[36m(WorkerDict pid=96390)[0m 	module.language_model.decoder.layers.11.self_attention.k_layernorm.weight
[36m(WorkerDict pid=96390)[0m 	module.language_model.decoder.layers.6.self_attention.A_log
[36m(WorkerDict pid=96390)[0m 	module.vision_model.decoder.layers.21.self_attention.linear_proj.weight
[36m(WorkerDict pid=96390)[0m 	module.vision_model.decoder.layers.16.self_attention.linear_proj.bias
[36m(WorkerDict pid=96390)[0m 	module.vision_model.decoder.layers.11.self_attention.linear_qkv.layer_norm_bias
[36m(WorkerDict pid=96390)[0m 	module.vision_model.decoder.layers.8.self_attention.linear_qkv.layer_norm_bias
[36m(WorkerDict pid=96390)[0m 	module.vision_model.decoder.layers.3.self_attention.linear_qkv.bias
[36m(WorkerDict pid=96390)[0m 	module.language_model.decoder.layers.0.self_attention.in_proj.weight
[36m(WorkerDict pid=96390)[0m 	module.language_model.decoder.layers.16.self_attention.out_norm.weight
[36m(WorkerDict pid=96390)[0m 	module.language_model.decoder.layers.9.self_attention.in_proj.layer_norm_weight
[36m(WorkerDict pid=96390)[0m 	module.vision_model.decoder.layers.26.mlp.linear_fc1.layer_norm_bias
[36m(WorkerDict pid=96390)[0m 	module.vision_model.decoder.layers.14.self_attention.linear_qkv.layer_norm_bias
[36m(WorkerDict pid=96390)[0m 	module.vision_model.decoder.layers.6.mlp.linear_fc1.layer_norm_bias
[36m(WorkerDict pid=96390)[0m 	module.vision_model.decoder.layers.1.mlp.linear_fc1.layer_norm_weight
[36m(WorkerDict pid=96390)[0m 	module.vision_model.decoder.layers.25.self_attention.linear_qkv.layer_norm_weight
[36m(WorkerDict pid=96390)[0m 	module.language_model.decoder.layers.1.self_attention.out_norm.weight
[36m(WorkerDict pid=96390)[0m 	module.language_model.decoder.layers.14.self_attention.in_proj.layer_norm_weight
[36m(WorkerDict pid=96390)[0m 	module.language_model.decoder.layers.10.self_attention.dt_bias
[36m(WorkerDict pid=96390)[0m 	module.language_model.decoder.layers.5.self_attention.in_proj.weight
[36m(WorkerDict pid=96390)[0m 	module.vision_model.decoder.layers.22.self_attention.linear_qkv.layer_norm_weight
[36m(WorkerDict pid=96390)[0m 	module.vision_model.decoder.layers.18.self_attention.linear_proj.weight
[36m(WorkerDict pid=96390)[0m 	module.vision_model.decoder.layers.13.self_attention.linear_proj.weight
[36m(WorkerDict pid=96390)[0m 	module.vision_model.decoder.layers.5.self_attention.linear_proj.weight
[36m(WorkerDict pid=96390)[0m 	module.vision_model.decoder.layers.0.mlp.linear_fc1.layer_norm_weight
[36m(WorkerDict pid=96390)[0m 	module.language_model.decoder.layers.6.self_attention.out_norm.weight
[36m(WorkerDict pid=96390)[0m 	module.vision_model.decoder.layers.23.mlp.linear_fc1.layer_norm_bias
[36m(WorkerDict pid=96390)[0m 	module.language_model.decoder.layers.15.self_attention.linear_qkv.weight
[36m(WorkerDict pid=96390)[0m 	module.language_model.decoder.layers.11.self_attention.q_layernorm.weight
[36m(WorkerDict pid=96390)[0m 	module.vision_model.decoder.layers.20.mlp.linear_fc1.layer_norm_bias
[36m(WorkerDict pid=96390)[0m 	module.vision_model.decoder.layers.11.mlp.linear_fc1.bias
[36m(WorkerDict pid=96390)[0m 	module.vision_model.decoder.layers.8.mlp.linear_fc1.bias
[36m(WorkerDict pid=96390)[0m 	module.vision_model.decoder.layers.3.self_attention.linear_qkv.layer_norm_weight
[36m(WorkerDict pid=96390)[0m 	module.vision_model.decoder.layers.0.self_attention.linear_proj.bias
[36m(WorkerDict pid=96390)[0m 	module.language_model.decoder.layers.0.pre_mlp_layernorm.weight
[36m(WorkerDict pid=96390)[0m 	module.language_model.decoder.layers.16.mlp.router.weight
[36m(WorkerDict pid=96390)[0m 	module.vision_model.decoder.layers.26.mlp.linear_fc2.bias
[36m(WorkerDict pid=96390)[0m 	module.vision_model.decoder.layers.19.self_attention.linear_qkv.layer_norm_weight
[36m(WorkerDict pid=96390)[0m 	module.vision_model.decoder.layers.15.self_attention.linear_proj.weight
[36m(WorkerDict pid=96390)[0m 	module.vision_model.decoder.layers.6.mlp.linear_fc2.bias
[36m(WorkerDict pid=96390)[0m 	module.vision_model.decoder.layers.1.self_attention.linear_qkv.layer_norm_bias
[36m(WorkerDict pid=96390)[0m 	module.vision_model.decoder.layers.25.self_attention.linear_qkv.weight
[36m(WorkerDict pid=96390)[0m 	module.language_model.decoder.layers.1.pre_mlp_layernorm.weight
[36m(WorkerDict pid=96390)[0m 	module.language_model.decoder.layers.17.mlp.shared_experts.gate_weight
[36m(WorkerDict pid=96390)[0m 	module.language_model.decoder.layers.10.self_attention.in_proj.weight
[36m(WorkerDict pid=96390)[0m 	module.language_model.decoder.layers.5.self_attention.conv1d.weight
[36m(WorkerDict pid=96390)[0m 	module.vision_model.decoder.layers.22.self_attention.linear_qkv.weight
[36m(WorkerDict pid=96390)[0m 	module.vision_model.decoder.layers.17.mlp.linear_fc1.layer_norm_bias
[36m(WorkerDict pid=96390)[0m 	module.vision_model.decoder.layers.13.self_attention.linear_proj.bias
[36m(WorkerDict pid=96390)[0m 	module.vision_model.decoder.layers.10.self_attention.linear_qkv.layer_norm_weight
[36m(WorkerDict pid=96390)[0m 	module.vision_model.decoder.layers.5.self_attention.linear_qkv.weight
[36m(WorkerDict pid=96390)[0m 	module.language_model.decoder.layers.6.mlp.router.weight
[36m(WorkerDict pid=96390)[0m 	module.language_model.decoder.layers.11.mlp.shared_experts.gate_weight
[36m(WorkerDict pid=96390)[0m 	module.language_model.decoder.layers.3.mlp.shared_experts.linear_fc2.weight
[36m(WorkerDict pid=96390)[0m 	module.vision_model.decoder.layers.23.mlp.linear_fc2.bias
[36m(WorkerDict pid=96390)[0m 	module.language_model.decoder.layers.15.self_attention.linear_qkv.layer_norm_weight
[36m(WorkerDict pid=96390)[0m 	module.vision_model.decoder.layers.20.mlp.linear_fc2.bias
[36m(WorkerDict pid=96390)[0m 	module.vision_model.decoder.layers.16.self_attention.linear_qkv.layer_norm_weight
[36m(WorkerDict pid=96390)[0m 	module.vision_model.decoder.layers.12.self_attention.linear_proj.weight
[36m(WorkerDict pid=96390)[0m 	module.vision_model.decoder.layers.9.self_attention.linear_proj.bias
[36m(WorkerDict pid=96390)[0m 	module.vision_model.decoder.layers.3.mlp.linear_fc1.weight
[36m(WorkerDict pid=96390)[0m 	module.language_model.decoder.layers.0.self_attention.A_log
[36m(WorkerDict pid=96390)[0m 	module.vision_model.decoder.layers.26.mlp.linear_fc2.weight
[36m(WorkerDict pid=96390)[0m 	module.vision_model.merger.linear_fc1.bias
[36m(WorkerDict pid=96390)[0m 	module.language_model.decoder.layers.16.self_attention.out_proj.weight
[36m(WorkerDict pid=96390)[0m 	module.language_model.decoder.layers.8.mlp.shared_experts.linear_fc2.weight
[36m(WorkerDict pid=96390)[0m 	module.vision_model.decoder.layers.19.self_attention.linear_qkv.weight
[36m(WorkerDict pid=96390)[0m 	module.vision_model.decoder.layers.15.self_attention.linear_proj.bias
[36m(WorkerDict pid=96390)[0m 	module.vision_model.decoder.layers.6.mlp.linear_fc2.weight
[36m(WorkerDict pid=96390)[0m 	module.vision_model.decoder.layers.1.mlp.linear_fc1.bias
[36m(WorkerDict pid=96390)[0m 	module.vision_model.decoder.layers.22.mlp.linear_fc1.weight
[36m(WorkerDict pid=96390)[0m 	module.vision_model.decoder.layers.25.mlp.linear_fc1.weight
[36m(WorkerDict pid=96390)[0m 	module.language_model.decoder.layers.1.self_attention.out_proj.weight
[36m(WorkerDict pid=96390)[0m 	module.language_model.decoder.layers.13.mlp.shared_experts.linear_fc2.weight
[36m(WorkerDict pid=96390)[0m 	module.language_model.decoder.layers.18.self_attention.in_proj.layer_norm_weight
[36m(WorkerDict pid=96390)[0m 	module.language_model.decoder.layers.10.self_attention.conv1d.weight
[36m(WorkerDict pid=96390)[0m 	module.vision_model.decoder.layers.17.mlp.linear_fc2.bias
[36m(WorkerDict pid=96390)[0m 	module.vision_model.decoder.layers.10.self_attention.linear_qkv.bias
[36m(WorkerDict pid=96390)[0m 	module.vision_model.decoder.layers.5.self_attention.linear_qkv.bias
[36m(WorkerDict pid=96390)[0m 	module.vision_model.decoder.layers.4.mlp.linear_fc1.weight
[36m(WorkerDict pid=96390)[0m 	module.language_model.decoder.layers.18.mlp.shared_experts.linear_fc2.weight
[36m(WorkerDict pid=96390)[0m 	module.language_model.decoder.layers.11.pre_mlp_layernorm.weight
[36m(WorkerDict pid=96390)[0m 	module.language_model.decoder.layers.7.mlp.shared_experts.gate_weight
[36m(WorkerDict pid=96390)[0m 	module.language_model.decoder.layers.6.self_attention.out_proj.weight
[36m(WorkerDict pid=96390)[0m 	module.vision_model.decoder.layers.23.mlp.linear_fc2.weight
[36m(WorkerDict pid=96390)[0m 	module.vision_model.decoder.layers.20.mlp.linear_fc2.weight
[36m(WorkerDict pid=96390)[0m 	module.vision_model.decoder.layers.16.self_attention.linear_qkv.weight
[36m(WorkerDict pid=96390)[0m 	module.vision_model.decoder.layers.11.mlp.linear_fc1.layer_norm_bias
[36m(WorkerDict pid=96390)[0m 	module.vision_model.decoder.layers.8.mlp.linear_fc1.layer_norm_bias
[36m(WorkerDict pid=96390)[0m 	module.vision_model.decoder.layers.3.mlp.linear_fc1.layer_norm_weight
[36m(WorkerDict pid=96390)[0m 	module.language_model.decoder.layers.12.mlp.shared_experts.gate_weight
[36m(WorkerDict pid=96390)[0m 	module.language_model.decoder.layers.0.self_attention.out_norm.weight
[36m(WorkerDict pid=96390)[0m 	module.vision_model.merger.linear_fc1.weight
[36m(WorkerDict pid=96390)[0m 	module.vision_model.decoder.layers.19.mlp.linear_fc1.weight
[36m(WorkerDict pid=96390)[0m 	module.vision_model.decoder.layers.14.mlp.linear_fc1.layer_norm_bias
[36m(WorkerDict pid=96390)[0m 	module.vision_model.decoder.layers.7.self_attention.linear_proj.weight
[36m(WorkerDict pid=96390)[0m 	module.vision_model.decoder.layers.2.self_attention.linear_proj.bias
[36m(WorkerDict pid=96390)[0m 	module.vision_model.decoder.layers.25.mlp.linear_fc1.layer_norm_weight
[36m(WorkerDict pid=96390)[0m 	module.language_model.decoder.layers.17.mlp.shared_experts.linear_fc1.weight
[36m(WorkerDict pid=96390)[0m 	module.language_model.decoder.layers.10.pre_mlp_layernorm.weight
[36m(WorkerDict pid=96390)[0m 	module.language_model.decoder.layers.5.self_attention.A_log
[36m(WorkerDict pid=96390)[0m 	module.vision_model.decoder.layers.22.mlp.linear_fc1.layer_norm_weight
[36m(WorkerDict pid=96390)[0m 	module.vision_model.decoder.layers.17.mlp.linear_fc2.weight
[36m(WorkerDict pid=96390)[0m 	module.vision_model.decoder.layers.13.self_attention.linear_qkv.layer_norm_weight
[36m(WorkerDict pid=96390)[0m 	module.vision_model.decoder.layers.10.self_attention.linear_qkv.weight
[36m(WorkerDict pid=96390)[0m 	module.vision_model.decoder.layers.5.self_attention.linear_qkv.layer_norm_weight
[36m(WorkerDict pid=96390)[0m 	module.language_model.decoder.layers.18.self_attention.A_log
[36m(WorkerDict pid=96390)[0m 	module.language_model.decoder.layers.16.mlp.shared_experts.linear_fc1.weight
[36m(WorkerDict pid=96390)[0m 	module.language_model.decoder.layers.4.self_attention.dt_bias
[36m(WorkerDict pid=96390)[0m 	module.language_model.decoder.layers.15.self_attention.k_layernorm.weight
[36m(WorkerDict pid=96390)[0m 	module.language_model.decoder.layers.11.mlp.router.weight
[36m(WorkerDict pid=96390)[0m 	module.language_model.decoder.layers.8.self_attention.in_proj.layer_norm_weight
[36m(WorkerDict pid=96390)[0m 	module.vision_model.decoder.layers.16.mlp.linear_fc1.weight
[36m(WorkerDict pid=96390)[0m 	module.vision_model.decoder.layers.11.mlp.linear_fc2.bias
[36m(WorkerDict pid=96390)[0m 	module.vision_model.decoder.layers.8.mlp.linear_fc2.bias
[36m(WorkerDict pid=96390)[0m 	module.vision_model.decoder.layers.3.self_attention.linear_qkv.layer_norm_bias
[36m(WorkerDict pid=96390)[0m 	module.vision_model.decoder.layers.0.self_attention.linear_qkv.weight
[36m(WorkerDict pid=96390)[0m 	module.vision_model.decoder.layers.5.mlp.linear_fc1.layer_norm_weight
[36m(WorkerDict pid=96390)[0m 	module.vision_model.pos_embed.weight
[36m(WorkerDict pid=96390)[0m 	module.language_model.decoder.layers.0.mlp.router.weight
[36m(WorkerDict pid=96390)[0m 	module.language_model.decoder.layers.13.self_attention.in_proj.layer_norm_weight
[36m(WorkerDict pid=96390)[0m 	module.language_model.decoder.layers.9.self_attention.dt_bias
[36m(WorkerDict pid=96390)[0m 	module.vision_model.decoder.layers.19.mlp.linear_fc1.layer_norm_weight
[36m(WorkerDict pid=96390)[0m 	module.vision_model.decoder.layers.14.mlp.linear_fc2.bias
[36m(WorkerDict pid=96390)[0m 	module.vision_model.decoder.layers.7.self_attention.linear_qkv.weight
[36m(WorkerDict pid=96390)[0m 	module.vision_model.decoder.layers.1.mlp.linear_fc1.layer_norm_bias
[36m(WorkerDict pid=96390)[0m 	module.language_model.decoder.layers.14.self_attention.dt_bias
[36m(WorkerDict pid=96390)[0m 	module.language_model.decoder.layers.10.self_attention.A_log
[36m(WorkerDict pid=96390)[0m 	module.language_model.decoder.layers.5.self_attention.out_norm.weight
[36m(WorkerDict pid=96390)[0m 	module.vision_model.decoder.layers.22.self_attention.linear_qkv.layer_norm_bias
[36m(WorkerDict pid=96390)[0m 	module.language_model.decoder.layers.2.mlp.shared_experts.gate_weight
[36m(WorkerDict pid=96390)[0m 	module.vision_model.decoder.layers.25.self_attention.linear_qkv.layer_norm_bias
[36m(WorkerDict pid=96390)[0m 	module.vision_model.decoder.layers.13.self_attention.linear_qkv.weight
[36m(WorkerDict pid=96390)[0m 	module.vision_model.decoder.layers.10.mlp.linear_fc1.weight
[36m(WorkerDict pid=96390)[0m 	module.vision_model.decoder.layers.5.mlp.linear_fc1.weight
[36m(WorkerDict pid=96390)[0m 	module.vision_model.decoder.layers.24.self_attention.linear_qkv.bias
[36m(WorkerDict pid=96390)[0m 	module.language_model.decoder.layers.19.self_attention.linear_qkv.weight
[36m(WorkerDict pid=96390)[0m 	module.language_model.decoder.layers.15.self_attention.q_layernorm.weight
[36m(WorkerDict pid=96390)[0m 	module.language_model.decoder.layers.4.self_attention.in_proj.weight
[36m(WorkerDict pid=96390)[0m 	module.vision_model.decoder.layers.21.self_attention.linear_qkv.bias
[36m(WorkerDict pid=96390)[0m 	module.vision_model.decoder.layers.16.mlp.linear_fc1.layer_norm_weight
[36m(WorkerDict pid=96390)[0m 	module.vision_model.decoder.layers.11.mlp.linear_fc2.weight
[36m(WorkerDict pid=96390)[0m 	module.vision_model.decoder.layers.8.mlp.linear_fc2.weight
[36m(WorkerDict pid=96390)[0m 	module.vision_model.decoder.layers.3.mlp.linear_fc1.bias
[36m(WorkerDict pid=96390)[0m 	module.vision_model.patch_embed.proj.bias
[36m(WorkerDict pid=96390)[0m 	module.language_model.decoder.layers.0.self_attention.out_proj.weight
[36m(WorkerDict pid=96390)[0m 	module.language_model.decoder.layers.9.self_attention.in_proj.weight
[36m(WorkerDict pid=96390)[0m 	module.vision_model.decoder.layers.19.self_attention.linear_qkv.layer_norm_bias
[36m(WorkerDict pid=96390)[0m 	module.vision_model.decoder.layers.14.mlp.linear_fc2.weight
[36m(WorkerDict pid=96390)[0m 	module.vision_model.decoder.layers.7.self_attention.linear_qkv.bias
[36m(WorkerDict pid=96390)[0m 	module.vision_model.decoder.layers.1.mlp.linear_fc2.bias
[36m(WorkerDict pid=96390)[0m 	module.language_model.decoder.layers.18.mlp.shared_experts.linear_fc1.weight
[36m(WorkerDict pid=96390)[0m 	module.language_model.decoder.layers.14.self_attention.in_proj.weight
[36m(WorkerDict pid=96390)[0m 	module.language_model.decoder.layers.10.self_attention.out_norm.weight
[36m(WorkerDict pid=96390)[0m 	module.language_model.decoder.layers.5.pre_mlp_layernorm.weight
[36m(WorkerDict pid=96390)[0m 	module.vision_model.decoder.layers.22.mlp.linear_fc1.bias
[36m(WorkerDict pid=96390)[0m 	module.language_model.decoder.layers.3.self_attention.linear_proj.weight
[36m(WorkerDict pid=96390)[0m 	module.vision_model.decoder.layers.25.mlp.linear_fc1.bias
[36m(WorkerDict pid=96390)[0m 	module.vision_model.decoder.layers.18.self_attention.linear_qkv.bias
[36m(WorkerDict pid=96390)[0m 	module.vision_model.decoder.layers.13.mlp.linear_fc1.weight
[36m(WorkerDict pid=96390)[0m 	module.vision_model.decoder.layers.10.mlp.linear_fc1.layer_norm_weight
[36m(WorkerDict pid=96390)[0m 	module.language_model.decoder.layers.4.self_attention.conv1d.weight
[36m(WorkerDict pid=96390)[0m 	module.vision_model.decoder.layers.24.self_attention.linear_proj.bias
[36m(WorkerDict pid=96390)[0m 	module.language_model.decoder.layers.19.self_attention.linear_qkv.layer_norm_weight
[36m(WorkerDict pid=96390)[0m 	module.language_model.decoder.layers.12.self_attention.in_proj.layer_norm_weight
[36m(WorkerDict pid=96390)[0m 	module.language_model.decoder.layers.7.mlp.shared_experts.linear_fc2.weight
[36m(WorkerDict pid=96390)[0m 	module.vision_model.decoder.layers.21.self_attention.linear_proj.bias
[36m(WorkerDict pid=96390)[0m 	module.vision_model.decoder.layers.16.self_attention.linear_qkv.layer_norm_bias
[36m(WorkerDict pid=96390)[0m 	module.vision_model.decoder.layers.9.self_attention.linear_proj.weight
[36m(WorkerDict pid=96390)[0m 	module.vision_model.decoder.layers.4.self_attention.linear_proj.bias
[36m(WorkerDict pid=96390)[0m 	module.vision_model.merger.patch_norm.bias
[36m(WorkerDict pid=96390)[0m 	module.language_model.decoder.layers.12.mlp.shared_experts.linear_fc2.weight
[36m(WorkerDict pid=96390)[0m 	module.language_model.decoder.layers.9.self_attention.conv1d.weight
[36m(WorkerDict pid=96390)[0m 	module.vision_model.decoder.layers.19.mlp.linear_fc1.bias
[36m(WorkerDict pid=96390)[0m 	module.vision_model.decoder.layers.7.self_attention.linear_qkv.layer_norm_weight
[36m(WorkerDict pid=96390)[0m 	module.vision_model.decoder.layers.1.mlp.linear_fc2.weight
[36m(WorkerDict pid=96390)[0m 	module.language_model.decoder.layers.5.self_attention.out_proj.weight
[36m(WorkerDict pid=96390)[0m 	module.vision_model.decoder.layers.23.self_attention.linear_proj.weight
[36m(WorkerDict pid=96390)[0m 	module.language_model.decoder.layers.14.self_attention.conv1d.weight
[36m(WorkerDict pid=96390)[0m 	module.language_model.decoder.layers.17.mlp.shared_experts.linear_fc2.weight
[36m(WorkerDict pid=96390)[0m 	module.language_model.decoder.layers.10.mlp.router.weight
[36m(WorkerDict pid=96390)[0m 	module.vision_model.decoder.layers.26.self_attention.linear_proj.weight
[36m(WorkerDict pid=96390)[0m 	module.vision_model.decoder.layers.18.self_attention.linear_proj.bias
[36m(WorkerDict pid=96390)[0m 	module.vision_model.decoder.layers.13.mlp.linear_fc1.layer_norm_weight
[36m(WorkerDict pid=96390)[0m 	module.vision_model.decoder.layers.10.self_attention.linear_qkv.layer_norm_bias
[36m(WorkerDict pid=96390)[0m 	module.vision_model.decoder.layers.5.self_attention.linear_qkv.layer_norm_bias
[36m(WorkerDict pid=96390)[0m 	module.vision_model.patch_embed.proj.weight
[36m(WorkerDict pid=96390)[0m 	module.language_model.decoder.layers.15.pre_mlp_layernorm.weight
[36m(WorkerDict pid=96390)[0m 	module.language_model.decoder.layers.11.mlp.shared_experts.linear_fc1.weight
[36m(WorkerDict pid=96390)[0m 	module.language_model.decoder.layers.4.pre_mlp_layernorm.weight
[36m(WorkerDict pid=96390)[0m 	module.vision_model.decoder.layers.16.mlp.linear_fc1.bias
[36m(WorkerDict pid=96390)[0m 	module.vision_model.decoder.layers.12.self_attention.linear_qkv.bias
[36m(WorkerDict pid=96390)[0m 	module.vision_model.decoder.layers.9.self_attention.linear_qkv.weight
[36m(WorkerDict pid=96390)[0m 	module.vision_model.decoder.layers.3.mlp.linear_fc1.layer_norm_bias
[36m(WorkerDict pid=96390)[0m 	module.language_model.decoder.layers.9.pre_mlp_layernorm.weight
[36m(WorkerDict pid=96390)[0m 	module.vision_model.decoder.layers.20.self_attention.linear_proj.weight
[36m(WorkerDict pid=96390)[0m 	module.vision_model.decoder.layers.15.self_attention.linear_qkv.bias
[36m(WorkerDict pid=96390)[0m 	module.vision_model.decoder.layers.7.mlp.linear_fc1.weight
[36m(WorkerDict pid=96390)[0m 	module.vision_model.decoder.layers.2.self_attention.linear_proj.weight
[36m(WorkerDict pid=96390)[0m 	module.vision_model.decoder.layers.22.mlp.linear_fc1.layer_norm_bias
[36m(WorkerDict pid=96390)[0m 	module.language_model.decoder.layers.2.mlp.shared_experts.linear_fc2.weight
[36m(WorkerDict pid=96390)[0m 	module.vision_model.decoder.layers.25.mlp.linear_fc1.layer_norm_bias
[36m(WorkerDict pid=96390)[0m 	module.language_model.decoder.layers.14.pre_mlp_layernorm.weight
[36m(WorkerDict pid=96390)[0m 	module.language_model.decoder.layers.10.self_attention.out_proj.weight
[36m(WorkerDict pid=96390)[0m 	module.vision_model.decoder.layers.13.self_attention.linear_qkv.layer_norm_bias
[36m(WorkerDict pid=96390)[0m 	module.vision_model.decoder.layers.5.mlp.linear_fc1.bias
[36m(WorkerDict pid=96390)[0m 	module.language_model.decoder.layers.8.self_attention.dt_bias
[36m(WorkerDict pid=96390)[0m 	module.vision_model.decoder.layers.21.self_attention.linear_qkv.layer_norm_weight
[36m(WorkerDict pid=96390)[0m 	module.language_model.decoder.layers.4.self_attention.A_log
[36m(WorkerDict pid=96390)[0m 	module.vision_model.decoder.layers.24.self_attention.linear_qkv.layer_norm_weight
[36m(WorkerDict pid=96390)[0m 	module.language_model.decoder.layers.15.mlp.router.weight
[36m(WorkerDict pid=96390)[0m 	module.language_model.decoder.layers.16.mlp.shared_experts.gate_weight
[36m(WorkerDict pid=96390)[0m 	module.language_model.decoder.layers.19.self_attention.k_layernorm.weight
[36m(WorkerDict pid=96390)[0m 	module.language_model.decoder.layers.12.mlp.router.weight
[36m(WorkerDict pid=96390)[0m 	module.vision_model.decoder.layers.17.self_attention.linear_proj.weight
[36m(WorkerDict pid=96390)[0m 	module.vision_model.decoder.layers.12.self_attention.linear_proj.bias
[36m(WorkerDict pid=96390)[0m 	module.language_model.decoder.layers.13.self_attention.dt_bias
[36m(WorkerDict pid=96390)[0m 	module.language_model.decoder.layers.9.self_attention.A_log
[36m(WorkerDict pid=96390)[0m 	module.language_model.decoder.layers.1.mlp.shared_experts.gate_weight
[36m(WorkerDict pid=96390)[0m 	module.vision_model.decoder.layers.19.mlp.linear_fc1.layer_norm_bias
[36m(WorkerDict pid=96390)[0m 	module.vision_model.decoder.layers.7.mlp.linear_fc1.layer_norm_weight
[36m(WorkerDict pid=96390)[0m 	module.vision_model.decoder.layers.2.self_attention.linear_qkv.weight
[36m(WorkerDict pid=96390)[0m 	module.language_model.decoder.layers.14.self_attention.A_log
[36m(WorkerDict pid=96390)[0m 	module.language_model.decoder.layers.18.self_attention.dt_bias
[36m(WorkerDict pid=96390)[0m 	module.language_model.decoder.layers.6.mlp.shared_experts.gate_weight
[36m(WorkerDict pid=96390)[0m 	module.vision_model.decoder.layers.22.mlp.linear_fc2.bias
[36m(WorkerDict pid=96390)[0m 	module.vision_model.decoder.layers.25.mlp.linear_fc2.bias
[36m(WorkerDict pid=96390)[0m 	module.vision_model.decoder.layers.18.self_attention.linear_qkv.layer_norm_weight
[36m(WorkerDict pid=96390)[0m 	module.vision_model.decoder.layers.14.mlp.linear_fc1.bias
[36m(WorkerDict pid=96390)[0m 	module.vision_model.decoder.layers.6.self_attention.linear_proj.bias
[36m(WorkerDict pid=96390)[0m 	module.vision_model.decoder.layers.4.self_attention.linear_qkv.weight
[36m(WorkerDict pid=96390)[0m 	module.language_model.decoder.layers.19.self_attention.q_layernorm.weight
[36m(WorkerDict pid=96390)[0m 	module.language_model.decoder.layers.17.self_attention.in_proj.layer_norm_weight
[36m(WorkerDict pid=96390)[0m 	module.language_model.decoder.layers.8.self_attention.in_proj.weight
[36m(WorkerDict pid=96390)[0m 	module.vision_model.decoder.layers.21.self_attention.linear_qkv.weight
[36m(WorkerDict pid=96390)[0m 	module.language_model.decoder.layers.4.self_attention.out_norm.weight
[36m(WorkerDict pid=96390)[0m 	module.vision_model.decoder.layers.24.self_attention.linear_qkv.weight
[36m(WorkerDict pid=96390)[0m 	module.vision_model.decoder.layers.16.mlp.linear_fc1.layer_norm_bias
[36m(WorkerDict pid=96390)[0m 	module.vision_model.decoder.layers.9.self_attention.linear_qkv.layer_norm_weight
[36m(WorkerDict pid=96390)[0m 	module.vision_model.decoder.layers.3.mlp.linear_fc2.weight
[36m(WorkerDict pid=96390)[0m 	module.language_model.decoder.layers.13.self_attention.in_proj.weight
[36m(WorkerDict pid=96390)[0m 	module.language_model.decoder.layers.9.self_attention.out_norm.weight
[36m(WorkerDict pid=96390)[0m 	module.language_model.decoder.layers.2.self_attention.in_proj.layer_norm_weight
[36m(WorkerDict pid=96390)[0m 	module.vision_model.decoder.layers.19.mlp.linear_fc2.bias
[36m(WorkerDict pid=96390)[0m 	module.vision_model.decoder.layers.15.self_attention.linear_qkv.layer_norm_weight
[36m(WorkerDict pid=96390)[0m 	module.vision_model.decoder.layers.7.self_attention.linear_qkv.layer_norm_bias
[36m(WorkerDict pid=96390)[0m 	module.vision_model.decoder.layers.2.self_attention.linear_qkv.bias
[36m(WorkerDict pid=96390)[0m 	module.vision_model.decoder.layers.0.self_attention.linear_proj.weight
[36m(WorkerDict pid=96390)[0m 	module.language_model.decoder.layers.14.self_attention.out_norm.weight
[36m(WorkerDict pid=96390)[0m 	module.language_model.decoder.layers.18.self_attention.in_proj.weight
[36m(WorkerDict pid=96390)[0m 	module.language_model.decoder.layers.7.self_attention.linear_proj.weight
[36m(WorkerDict pid=96390)[0m 	module.vision_model.decoder.layers.22.mlp.linear_fc2.weight
[36m(WorkerDict pid=96390)[0m 	module.language_model.decoder.layers.3.self_attention.linear_qkv.weight
[36m(WorkerDict pid=96390)[0m 	module.vision_model.decoder.layers.25.mlp.linear_fc2.weight
[36m(WorkerDict pid=96390)[0m 	module.vision_model.decoder.layers.18.self_attention.linear_qkv.weight
[36m(WorkerDict pid=96390)[0m 	module.vision_model.decoder.layers.14.self_attention.linear_proj.weight
[36m(WorkerDict pid=96390)[0m 	module.vision_model.decoder.layers.10.mlp.linear_fc1.layer_norm_bias
[36m(WorkerDict pid=96390)[0m 	module.vision_model.decoder.layers.5.mlp.linear_fc1.layer_norm_bias
[36m(WorkerDict pid=96390)[0m 	module.language_model.decoder.layers.11.mlp.shared_experts.linear_fc2.weight
[36m(WorkerDict pid=96390)[0m 	module.language_model.decoder.layers.8.self_attention.conv1d.weight
[36m(WorkerDict pid=96390)[0m 	module.vision_model.decoder.layers.21.mlp.linear_fc1.weight
[36m(WorkerDict pid=96390)[0m 	module.language_model.decoder.layers.4.mlp.router.weight
[36m(WorkerDict pid=96390)[0m 	module.vision_model.decoder.layers.24.mlp.linear_fc1.weight
[36m(WorkerDict pid=96390)[0m 	module.vision_model.decoder.layers.16.mlp.linear_fc2.bias
[36m(WorkerDict pid=96390)[0m 	module.vision_model.decoder.layers.12.self_attention.linear_qkv.layer_norm_weight
[36m(WorkerDict pid=96390)[0m 	module.vision_model.decoder.layers.9.mlp.linear_fc1.bias
[36m(WorkerDict pid=96390)[0m 	module.vision_model.decoder.layers.4.self_attention.linear_proj.weight
[36m(WorkerDict pid=96390)[0m 	module.vision_model.decoder.layers.0.self_attention.linear_qkv.bias
[36m(WorkerDict pid=96390)[0m 	module.language_model.decoder.layers.13.self_attention.conv1d.weight
[36m(WorkerDict pid=96390)[0m 	module.language_model.decoder.layers.9.mlp.router.weight
[36m(WorkerDict pid=96390)[0m 	module.vision_model.decoder.layers.19.mlp.linear_fc2.weight
[36m(WorkerDict pid=96390)[0m 	module.vision_model.decoder.layers.15.self_attention.linear_qkv.weight
[36m(WorkerDict pid=96390)[0m 	module.vision_model.decoder.layers.7.mlp.linear_fc1.bias
[36m(WorkerDict pid=96390)[0m 	module.vision_model.decoder.layers.2.self_attention.linear_qkv.layer_norm_weight
[36m(WorkerDict pid=96390)[0m 	module.vision_model.decoder.layers.13.mlp.linear_fc2.weight
[36m(WorkerDict pid=96390)[0m 	module.language_model.decoder.layers.14.mlp.router.weight
[36m(WorkerDict pid=96390)[0m 	module.language_model.decoder.layers.18.self_attention.conv1d.weight
[36m(WorkerDict pid=96390)[0m 	module.language_model.decoder.layers.5.mlp.shared_experts.linear_fc1.weight
[36m(WorkerDict pid=96390)[0m 	module.language_model.decoder.layers.3.self_attention.linear_qkv.layer_norm_weight
[36m(WorkerDict pid=96390)[0m 	module.vision_model.decoder.layers.18.mlp.linear_fc1.weight
[36m(WorkerDict pid=96390)[0m 	module.vision_model.decoder.layers.13.mlp.linear_fc1.layer_norm_bias
[36m(WorkerDict pid=96390)[0m 	module.vision_model.decoder.layers.10.mlp.linear_fc2.bias
[36m(WorkerDict pid=96390)[0m 	module.vision_model.decoder.layers.5.mlp.linear_fc2.bias
[36m(WorkerDict pid=96390)[0m 	module.language_model.decoder.layers.0.mlp.shared_experts.gate_weight
[36m(WorkerDict pid=96390)[0m 	module.vision_model.decoder.layers.21.mlp.linear_fc1.layer_norm_weight
[36m(WorkerDict pid=96390)[0m 	module.language_model.decoder.layers.19.pre_mlp_layernorm.weight
[36m(WorkerDict pid=96390)[0m 	module.language_model.decoder.layers.16.mlp.shared_experts.linear_fc2.weight
[36m(WorkerDict pid=96390)[0m 	module.language_model.decoder.layers.8.pre_mlp_layernorm.weight
[36m(WorkerDict pid=96390)[0m 	module.language_model.decoder.layers.4.self_attention.out_proj.weight
[36m(WorkerDict pid=96390)[0m 	module.vision_model.decoder.layers.24.mlp.linear_fc1.layer_norm_weight
[36m(WorkerDict pid=96390)[0m 	module.vision_model.decoder.layers.16.mlp.linear_fc2.weight
[36m(WorkerDict pid=96390)[0m 	module.vision_model.decoder.layers.12.self_attention.linear_qkv.weight
[36m(WorkerDict pid=96390)[0m 	module.vision_model.decoder.layers.9.mlp.linear_fc1.layer_norm_weight
[36m(WorkerDict pid=96390)[0m 	module.language_model.decoder.layers.1.mlp.shared_experts.linear_fc2.weight
[36m(WorkerDict pid=96390)[0m 	module.language_model.decoder.layers.13.pre_mlp_layernorm.weight
[36m(WorkerDict pid=96390)[0m 	module.language_model.decoder.layers.9.self_attention.out_proj.weight
[36m(WorkerDict pid=96390)[0m 	module.vision_model.decoder.layers.15.mlp.linear_fc1.weight
[36m(WorkerDict pid=96390)[0m 	module.vision_model.decoder.layers.8.self_attention.linear_proj.bias
[36m(WorkerDict pid=96390)[0m 	module.vision_model.decoder.layers.2.mlp.linear_fc1.weight
[36m(WorkerDict pid=96390)[0m 	module.vision_model.decoder.layers.23.self_attention.linear_proj.bias
[36m(WorkerDict pid=96390)[0m 	module.vision_model.decoder.layers.26.self_attention.linear_qkv.bias
[36m(WorkerDict pid=96390)[0m 	module.language_model.decoder.layers.15.mlp.shared_experts.gate_weight
[36m(WorkerDict pid=96390)[0m 	module.language_model.decoder.layers.14.self_attention.out_proj.weight
[36m(WorkerDict pid=96390)[0m 	module.language_model.decoder.layers.6.mlp.shared_experts.linear_fc2.weight
[36m(WorkerDict pid=96390)[0m 	module.vision_model.decoder.layers.18.mlp.linear_fc1.layer_norm_weight
[36m(WorkerDict pid=96390)[0m 	module.vision_model.decoder.layers.13.mlp.linear_fc2.bias
[36m(WorkerDict pid=96390)[0m 	module.vision_model.decoder.layers.10.mlp.linear_fc2.weight
[36m(WorkerDict pid=96390)[0m 	module.vision_model.decoder.layers.5.mlp.linear_fc2.weight
[36m(WorkerDict pid=96390)[0m 	module.vision_model.decoder.layers.1.self_attention.linear_proj.bias
[36m(WorkerDict pid=96390)[0m 	module.language_model.decoder.layers.1.mlp.router.weight
[36m(WorkerDict pid=96390)[0m 	module.vision_model.decoder.layers.21.self_attention.linear_qkv.layer_norm_bias
[36m(WorkerDict pid=96390)[0m 	module.vision_model.decoder.layers.24.self_attention.linear_qkv.layer_norm_bias
[36m(WorkerDict pid=96390)[0m 	module.language_model.decoder.layers.19.mlp.router.weight
[36m(WorkerDict pid=96390)[0m 	module.language_model.decoder.layers.12.self_attention.dt_bias
[36m(WorkerDict pid=96390)[0m 	module.language_model.decoder.layers.8.self_attention.A_log
[36m(WorkerDict pid=96390)[0m 	module.vision_model.decoder.layers.12.mlp.linear_fc1.weight
[36m(WorkerDict pid=96390)[0m 	module.vision_model.decoder.layers.9.self_attention.linear_qkv.layer_norm_bias
[36m(WorkerDict pid=96390)[0m 	module.vision_model.decoder.layers.4.self_attention.linear_qkv.bias
[36m(WorkerDict pid=96390)[0m 	module.vision_model.decoder.layers.0.mlp.linear_fc1.weight
[36m(WorkerDict pid=96390)[0m 	module.language_model.decoder.layers.13.self_attention.A_log
[36m(WorkerDict pid=96390)[0m 	module.language_model.decoder.layers.5.mlp.shared_experts.gate_weight
[36m(WorkerDict pid=96390)[0m 	module.vision_model.decoder.layers.20.self_attention.linear_qkv.bias
[36m(WorkerDict pid=96390)[0m 	module.vision_model.decoder.layers.15.mlp.linear_fc1.layer_norm_weight
[36m(WorkerDict pid=96390)[0m 	module.vision_model.decoder.layers.7.mlp.linear_fc1.layer_norm_bias
[36m(WorkerDict pid=96390)[0m 	module.vision_model.decoder.layers.2.mlp.linear_fc1.layer_norm_weight
[36m(WorkerDict pid=96390)[0m 	module.vision_model.decoder.layers.18.self_attention.linear_qkv.layer_norm_bias
[36m(WorkerDict pid=96390)[0m 	module.language_model.decoder.layers.7.mlp.shared_experts.linear_fc1.weight
[36m(WorkerDict pid=96390)[0m 	module.language_model.decoder.layers.3.mlp.shared_experts.linear_fc1.weight
[36m(WorkerDict pid=96390)[0m 	module.language_model.decoder.layers.10.mlp.shared_experts.linear_fc1.weight
[36m(WorkerDict pid=96390)[0m 	module.language_model.decoder.layers.9.mlp.shared_experts.linear_fc1.weight
[36m(WorkerDict pid=96390)[0m 	module.language_model.decoder.layers.8.mlp.shared_experts.linear_fc1.weight
[36m(WorkerDict pid=96390)[0m 	module.language_model.decoder.layers.3.self_attention.k_layernorm.weight
[36m(WorkerDict pid=96390)[0m 	module.vision_model.decoder.layers.26.self_attention.linear_proj.bias
[36m(WorkerDict pid=96390)[0m 	module.language_model.decoder.layers.0.mlp.shared_experts.linear_fc1.weight
[36m(WorkerDict pid=96390)[0m 	module.language_model.decoder.layers.1.mlp.shared_experts.linear_fc1.weight
[36m(WorkerDict pid=96390)[0m 	module.language_model.decoder.layers.19.mlp.shared_experts.linear_fc1.weight
[36m(WorkerDict pid=96390)[0m 	module.vision_model.decoder.layers.21.mlp.linear_fc1.bias
[36m(WorkerDict pid=96390)[0m 	module.vision_model.decoder.layers.24.mlp.linear_fc1.bias
[36m(WorkerDict pid=96390)[0m 	module.language_model.decoder.layers.17.self_attention.dt_bias
[36m(WorkerDict pid=96390)[0m 	module.language_model.decoder.layers.12.self_attention.in_proj.weight
[36m(WorkerDict pid=96390)[0m 	module.language_model.decoder.layers.8.self_attention.out_norm.weight
[36m(WorkerDict pid=96390)[0m 	module.vision_model.decoder.layers.17.self_attention.linear_qkv.bias
[36m(WorkerDict pid=96390)[0m 	module.vision_model.decoder.layers.12.mlp.linear_fc1.layer_norm_weight
[36m(WorkerDict pid=96390)[0m 	module.vision_model.decoder.layers.9.mlp.linear_fc1.weight
[36m(WorkerDict pid=96390)[0m 	module.vision_model.decoder.layers.4.self_attention.linear_qkv.layer_norm_weight
[36m(WorkerDict pid=96390)[0m 	module.language_model.decoder.layers.6.self_attention.in_proj.layer_norm_weight
[36m(WorkerDict pid=96390)[0m 	module.language_model.decoder.layers.13.self_attention.out_norm.weight
[36m(WorkerDict pid=96390)[0m 	module.language_model.decoder.layers.2.self_attention.dt_bias
[36m(WorkerDict pid=96390)[0m 	module.vision_model.decoder.layers.20.self_attention.linear_proj.bias
[36m(WorkerDict pid=96390)[0m 	module.vision_model.decoder.layers.15.self_attention.linear_qkv.layer_norm_bias
[36m(WorkerDict pid=96390)[0m 	module.vision_model.decoder.layers.7.mlp.linear_fc2.bias
[36m(WorkerDict pid=96390)[0m 	module.vision_model.decoder.layers.2.self_attention.linear_qkv.layer_norm_bias
[36m(WorkerDict pid=96394)[0m 	module.language_model.decoder.layers.1.mlp.experts.linear_fc2.weight24
[36m(WorkerDict pid=96394)[0m 	module.language_model.decoder.layers.4.mlp.experts.linear_fc1.weight13
[36m(WorkerDict pid=96394)[0m 	module.language_model.decoder.layers.6.mlp.experts.linear_fc1.weight9
[36m(WorkerDict pid=96394)[0m 	module.language_model.decoder.layers.1.mlp.experts.linear_fc2.weight41
[36m(WorkerDict pid=96394)[0m 	module.language_model.decoder.layers.4.mlp.experts.linear_fc1.weight30
[36m(WorkerDict pid=96394)[0m 	module.language_model.decoder.layers.6.mlp.experts.linear_fc1.weight26
[36m(WorkerDict pid=96394)[0m 	module.language_model.decoder.layers.1.mlp.experts.linear_fc2.weight58
[36m(WorkerDict pid=96394)[0m 	module.language_model.decoder.layers.11.mlp.experts.linear_fc1.weight41
[36m(WorkerDict pid=96394)[0m 	module.language_model.decoder.layers.19.mlp.experts.linear_fc2.weight11
[36m(WorkerDict pid=96394)[0m 	module.language_model.decoder.layers.18.mlp.experts.linear_fc1.weight49
[36m(WorkerDict pid=96394)[0m 	module.language_model.decoder.layers.17.mlp.experts.linear_fc1.weight24
[36m(WorkerDict pid=96394)[0m 	module.language_model.decoder.layers.12.mlp.experts.linear_fc2.weight2
[36m(WorkerDict pid=96394)[0m 	module.language_model.decoder.layers.14.mlp.experts.linear_fc2.weight52
[36m(WorkerDict pid=96394)[0m 	module.language_model.decoder.layers.13.mlp.experts.linear_fc2.weight27
[36m(WorkerDict pid=96394)[0m 	module.language_model.decoder.layers.10.mlp.experts.linear_fc1.weight14
[36m(WorkerDict pid=96394)[0m 	module.language_model.decoder.layers.7.mlp.experts.linear_fc2.weight44
[36m(WorkerDict pid=96394)[0m 	module.language_model.decoder.layers.6.mlp.experts.linear_fc2.weight17
[36m(WorkerDict pid=96394)[0m 	module.language_model.decoder.layers.4.mlp.experts.linear_fc1.weight47
[36m(WorkerDict pid=96394)[0m 	module.language_model.decoder.layers.6.mlp.experts.linear_fc1.weight43
[36m(WorkerDict pid=96394)[0m 	module.language_model.decoder.layers.0.mlp.experts.linear_fc1.weight3
[36m(WorkerDict pid=96394)[0m 	module.language_model.decoder.layers.17.mlp.experts.linear_fc2.weight44
[36m(WorkerDict pid=96394)[0m 	module.language_model.decoder.layers.16.mlp.experts.linear_fc2.weight19
[36m(WorkerDict pid=96394)[0m 	module.language_model.decoder.layers.10.mlp.experts.linear_fc2.weight34
[36m(WorkerDict pid=96394)[0m 	module.language_model.decoder.layers.11.mlp.experts.linear_fc2.weight61
[36m(WorkerDict pid=96394)[0m 	module.language_model.decoder.layers.15.mlp.experts.linear_fc1.weight58
[36m(WorkerDict pid=96394)[0m 	module.language_model.decoder.layers.14.mlp.experts.linear_fc1.weight31
[36m(WorkerDict pid=96394)[0m 	module.language_model.decoder.layers.13.mlp.experts.linear_fc1.weight5
[36m(WorkerDict pid=96394)[0m 	module.language_model.decoder.layers.9.mlp.experts.linear_fc2.weight9
[36m(WorkerDict pid=96394)[0m 	module.language_model.decoder.layers.8.mlp.experts.linear_fc1.weight48
[36m(WorkerDict pid=96394)[0m 	module.language_model.decoder.layers.7.mlp.experts.linear_fc1.weight23
[36m(WorkerDict pid=96394)[0m 	module.language_model.decoder.layers.6.mlp.experts.linear_fc1.weight60
[36m(WorkerDict pid=96394)[0m 	module.language_model.decoder.layers.4.mlp.experts.linear_fc2.weight0
[36m(WorkerDict pid=96394)[0m 	module.language_model.decoder.layers.3.mlp.experts.linear_fc2.weight17
[36m(WorkerDict pid=96394)[0m 	module.language_model.decoder.layers.4.mlp.experts.linear_fc2.weight17
[36m(WorkerDict pid=96394)[0m 	module.language_model.decoder.layers.2.mlp.experts.linear_fc1.weight29
[36m(WorkerDict pid=96394)[0m 	module.language_model.decoder.layers.4.mlp.experts.linear_fc2.weight34
[36m(WorkerDict pid=96394)[0m 	module.language_model.decoder.layers.6.mlp.experts.linear_fc2.weight30
[36m(WorkerDict pid=96394)[0m 	module.language_model.decoder.layers.2.mlp.experts.linear_fc1.weight46
[36m(WorkerDict pid=96394)[0m 	module.language_model.decoder.layers.4.mlp.experts.linear_fc2.weight51
[36m(WorkerDict pid=96394)[0m 	module.language_model.decoder.layers.6.mlp.experts.linear_fc2.weight47
[36m(WorkerDict pid=96394)[0m 	module.language_model.decoder.layers.2.mlp.experts.linear_fc1.weight63
[36m(WorkerDict pid=96394)[0m 	module.language_model.decoder.layers.19.mlp.experts.linear_fc2.weight12
[36m(WorkerDict pid=96394)[0m 	module.language_model.decoder.layers.18.mlp.experts.linear_fc1.weight50
[36m(WorkerDict pid=96394)[0m 	module.language_model.decoder.layers.17.mlp.experts.linear_fc1.weight25
[36m(WorkerDict pid=96394)[0m 	module.language_model.decoder.layers.16.mlp.experts.linear_fc1.weight1
[36m(WorkerDict pid=96394)[0m 	module.language_model.decoder.layers.11.mlp.experts.linear_fc1.weight42
[36m(WorkerDict pid=96394)[0m 	module.language_model.decoder.layers.12.mlp.experts.linear_fc2.weight3
[36m(WorkerDict pid=96394)[0m 	module.language_model.decoder.layers.14.mlp.experts.linear_fc2.weight53
[36m(WorkerDict pid=96394)[0m 	module.language_model.decoder.layers.13.mlp.experts.linear_fc2.weight28
[36m(WorkerDict pid=96394)[0m 	module.language_model.decoder.layers.10.mlp.experts.linear_fc1.weight15
[36m(WorkerDict pid=96394)[0m 	module.language_model.decoder.layers.7.mlp.experts.linear_fc2.weight45
[36m(WorkerDict pid=96394)[0m 	module.language_model.decoder.layers.2.mlp.experts.linear_fc2.weight8
[36m(WorkerDict pid=96394)[0m 	module.language_model.decoder.layers.17.mlp.experts.linear_fc2.weight45
[36m(WorkerDict pid=96394)[0m 	module.language_model.decoder.layers.16.mlp.experts.linear_fc2.weight20
[36m(WorkerDict pid=96394)[0m 	module.language_model.decoder.layers.11.mlp.experts.linear_fc2.weight62
[36m(WorkerDict pid=96394)[0m 	module.language_model.decoder.layers.15.mlp.experts.linear_fc1.weight59
[36m(WorkerDict pid=96394)[0m 	module.language_model.decoder.layers.14.mlp.experts.linear_fc1.weight32
[36m(WorkerDict pid=96394)[0m 	module.language_model.decoder.layers.13.mlp.experts.linear_fc1.weight6
[36m(WorkerDict pid=96394)[0m 	module.language_model.decoder.layers.10.mlp.experts.linear_fc2.weight35
[36m(WorkerDict pid=96394)[0m 	module.language_model.decoder.layers.9.mlp.experts.linear_fc2.weight10
[36m(WorkerDict pid=96394)[0m 	module.language_model.decoder.layers.8.mlp.experts.linear_fc1.weight49
[36m(WorkerDict pid=96394)[0m 	module.language_model.decoder.layers.7.mlp.experts.linear_fc1.weight24
[36m(WorkerDict pid=96394)[0m 	module.language_model.decoder.layers.2.mlp.experts.linear_fc2.weight25
[36m(WorkerDict pid=96394)[0m 	module.language_model.decoder.layers.0.mlp.experts.linear_fc1.weight22
[36m(WorkerDict pid=96394)[0m 	module.language_model.decoder.layers.2.mlp.experts.linear_fc2.weight42
[36m(WorkerDict pid=96394)[0m 	module.language_model.decoder.layers.0.mlp.experts.linear_fc1.weight39
[36m(WorkerDict pid=96394)[0m 	module.language_model.decoder.layers.2.mlp.experts.linear_fc2.weight59
[36m(WorkerDict pid=96394)[0m 	module.language_model.decoder.layers.4.mlp.experts.linear_fc2.weight58
[36m(WorkerDict pid=96394)[0m 	module.language_model.decoder.layers.0.mlp.experts.linear_fc1.weight56
[36m(WorkerDict pid=96394)[0m 	module.language_model.decoder.layers.19.mlp.experts.linear_fc2.weight13
[36m(WorkerDict pid=96394)[0m 	module.language_model.decoder.layers.18.mlp.experts.linear_fc1.weight51
[36m(WorkerDict pid=96394)[0m 	module.language_model.decoder.layers.17.mlp.experts.linear_fc1.weight26
[36m(WorkerDict pid=96394)[0m 	module.language_model.decoder.layers.14.mlp.experts.linear_fc2.weight54
[36m(WorkerDict pid=96394)[0m 	module.language_model.decoder.layers.13.mlp.experts.linear_fc2.weight29
[36m(WorkerDict pid=96394)[0m 	module.language_model.decoder.layers.11.mlp.experts.linear_fc1.weight43
[36m(WorkerDict pid=96394)[0m 	module.language_model.decoder.layers.12.mlp.experts.linear_fc2.weight4
[36m(WorkerDict pid=96394)[0m 	module.language_model.decoder.layers.10.mlp.experts.linear_fc1.weight16
[36m(WorkerDict pid=96394)[0m 	module.language_model.decoder.layers.7.mlp.experts.linear_fc2.weight46
[36m(WorkerDict pid=96394)[0m 	module.language_model.decoder.layers.6.mlp.experts.linear_fc2.weight19
[36m(WorkerDict pid=96394)[0m 	module.language_model.decoder.layers.0.mlp.experts.linear_fc2.weight9
[36m(WorkerDict pid=96394)[0m 	module.language_model.decoder.layers.3.mlp.experts.linear_fc1.weight15
[36m(WorkerDict pid=96394)[0m 	module.language_model.decoder.layers.5.mlp.experts.linear_fc1.weight12
[36m(WorkerDict pid=96394)[0m 	module.language_model.decoder.layers.17.mlp.experts.linear_fc2.weight46
[36m(WorkerDict pid=96394)[0m 	module.language_model.decoder.layers.16.mlp.experts.linear_fc2.weight21
[36m(WorkerDict pid=96394)[0m 	module.language_model.decoder.layers.15.mlp.experts.linear_fc1.weight60
[36m(WorkerDict pid=96394)[0m 	module.language_model.decoder.layers.14.mlp.experts.linear_fc1.weight33
[36m(WorkerDict pid=96394)[0m 	module.language_model.decoder.layers.13.mlp.experts.linear_fc1.weight7
[36m(WorkerDict pid=96394)[0m 	module.language_model.decoder.layers.10.mlp.experts.linear_fc2.weight36
[36m(WorkerDict pid=96394)[0m 	module.language_model.decoder.layers.11.mlp.experts.linear_fc2.weight63
[36m(WorkerDict pid=96394)[0m 	module.language_model.decoder.layers.9.mlp.experts.linear_fc2.weight11
[36m(WorkerDict pid=96394)[0m 	module.language_model.decoder.layers.8.mlp.experts.linear_fc1.weight50
[36m(WorkerDict pid=96394)[0m 	module.language_model.decoder.layers.7.mlp.experts.linear_fc1.weight25
[36m(WorkerDict pid=96394)[0m 	module.language_model.decoder.layers.0.mlp.experts.linear_fc2.weight26
[36m(WorkerDict pid=96394)[0m 	module.language_model.decoder.layers.3.mlp.experts.linear_fc1.weight32
[36m(WorkerDict pid=96394)[0m 	module.language_model.decoder.layers.5.mlp.experts.linear_fc1.weight29
[36m(WorkerDict pid=96394)[0m 	module.language_model.decoder.layers.0.mlp.experts.linear_fc2.weight43
[36m(WorkerDict pid=96394)[0m 	module.language_model.decoder.layers.3.mlp.experts.linear_fc1.weight49
[36m(WorkerDict pid=96394)[0m 	module.language_model.decoder.layers.5.mlp.experts.linear_fc1.weight46
[36m(WorkerDict pid=96394)[0m 	module.language_model.decoder.layers.0.mlp.experts.linear_fc2.weight60
[36m(WorkerDict pid=96394)[0m 	module.language_model.decoder.layers.3.mlp.experts.linear_fc2.weight2
[36m(WorkerDict pid=96394)[0m 	module.language_model.decoder.layers.5.mlp.experts.linear_fc1.weight63
[36m(WorkerDict pid=96394)[0m 	module.language_model.decoder.layers.19.mlp.experts.linear_fc2.weight14
[36m(WorkerDict pid=96394)[0m 	module.language_model.decoder.layers.18.mlp.experts.linear_fc1.weight52
[36m(WorkerDict pid=96394)[0m 	module.language_model.decoder.layers.17.mlp.experts.linear_fc1.weight27
[36m(WorkerDict pid=96394)[0m 	module.language_model.decoder.layers.16.mlp.experts.linear_fc1.weight0
[36m(WorkerDict pid=96394)[0m 	module.language_model.decoder.layers.12.mlp.experts.linear_fc2.weight5
[36m(WorkerDict pid=96394)[0m 	module.language_model.decoder.layers.14.mlp.experts.linear_fc2.weight55
[36m(WorkerDict pid=96394)[0m 	module.language_model.decoder.layers.13.mlp.experts.linear_fc2.weight30
[36m(WorkerDict pid=96394)[0m 	module.language_model.decoder.layers.11.mlp.experts.linear_fc1.weight44
[36m(WorkerDict pid=96394)[0m 	module.language_model.decoder.layers.10.mlp.experts.linear_fc1.weight17
[36m(WorkerDict pid=96394)[0m 	module.language_model.decoder.layers.7.mlp.experts.linear_fc2.weight47
[36m(WorkerDict pid=96394)[0m 	module.language_model.decoder.layers.5.mlp.experts.linear_fc2.weight16
[36m(WorkerDict pid=96394)[0m 	module.language_model.decoder.layers.3.mlp.experts.linear_fc2.weight19
[36m(WorkerDict pid=96394)[0m 	module.language_model.decoder.layers.1.mlp.experts.linear_fc1.weight13
[36m(WorkerDict pid=96394)[0m 	module.language_model.decoder.layers.5.mlp.experts.linear_fc2.weight33
[36m(WorkerDict pid=96394)[0m 	module.language_model.decoder.layers.17.mlp.experts.linear_fc2.weight47
[36m(WorkerDict pid=96394)[0m 	module.language_model.decoder.layers.16.mlp.experts.linear_fc2.weight22
[36m(WorkerDict pid=96394)[0m 	module.language_model.decoder.layers.15.mlp.experts.linear_fc1.weight61
[36m(WorkerDict pid=96394)[0m 	module.language_model.decoder.layers.14.mlp.experts.linear_fc1.weight34
[36m(WorkerDict pid=96394)[0m 	module.language_model.decoder.layers.13.mlp.experts.linear_fc1.weight8
[36m(WorkerDict pid=96394)[0m 	module.language_model.decoder.layers.10.mlp.experts.linear_fc2.weight37
[36m(WorkerDict pid=96394)[0m 	module.language_model.decoder.layers.9.mlp.experts.linear_fc2.weight12
[36m(WorkerDict pid=96394)[0m 	module.language_model.decoder.layers.8.mlp.experts.linear_fc1.weight51
[36m(WorkerDict pid=96394)[0m 	module.language_model.decoder.layers.7.mlp.experts.linear_fc1.weight26
[36m(WorkerDict pid=96394)[0m 	module.language_model.decoder.layers.6.mlp.experts.linear_fc1.weight2
[36m(WorkerDict pid=96394)[0m 	module.language_model.decoder.layers.1.mlp.experts.linear_fc1.weight30
[36m(WorkerDict pid=96394)[0m 	module.language_model.decoder.layers.5.mlp.experts.linear_fc2.weight50
[36m(WorkerDict pid=96394)[0m 	module.language_model.decoder.layers.18.mlp.experts.linear_fc1.weight53
[36m(WorkerDict pid=96394)[0m 	module.language_model.decoder.layers.19.mlp.experts.linear_fc2.weight15
[36m(WorkerDict pid=96394)[0m 	module.language_model.decoder.layers.17.mlp.experts.linear_fc1.weight28
[36m(WorkerDict pid=96394)[0m 	module.language_model.decoder.layers.16.mlp.experts.linear_fc1.weight2
[36m(WorkerDict pid=96394)[0m 	module.language_model.decoder.layers.12.mlp.experts.linear_fc2.weight6
[36m(WorkerDict pid=96394)[0m 	module.language_model.decoder.layers.14.mlp.experts.linear_fc2.weight56
[36m(WorkerDict pid=96394)[0m 	module.language_model.decoder.layers.13.mlp.experts.linear_fc2.weight31
[36m(WorkerDict pid=96394)[0m 	module.language_model.decoder.layers.11.mlp.experts.linear_fc1.weight45
[36m(WorkerDict pid=96394)[0m 	module.language_model.decoder.layers.10.mlp.experts.linear_fc1.weight18
[36m(WorkerDict pid=96394)[0m 	module.language_model.decoder.layers.7.mlp.experts.linear_fc2.weight48
[36m(WorkerDict pid=96394)[0m 	module.language_model.decoder.layers.3.mlp.experts.linear_fc2.weight43
[36m(WorkerDict pid=96394)[0m 	module.language_model.decoder.layers.1.mlp.experts.linear_fc1.weight55
[36m(WorkerDict pid=96394)[0m 	module.language_model.decoder.layers.17.mlp.experts.linear_fc2.weight48
[36m(WorkerDict pid=96394)[0m 	module.language_model.decoder.layers.16.mlp.experts.linear_fc2.weight23
[36m(WorkerDict pid=96394)[0m 	module.language_model.decoder.layers.15.mlp.experts.linear_fc1.weight62
[36m(WorkerDict pid=96394)[0m 	module.language_model.decoder.layers.14.mlp.experts.linear_fc1.weight35
[36m(WorkerDict pid=96394)[0m 	module.language_model.decoder.layers.13.mlp.experts.linear_fc1.weight9
[36m(WorkerDict pid=96394)[0m 	module.language_model.decoder.layers.10.mlp.experts.linear_fc2.weight38
[36m(WorkerDict pid=96394)[0m 	module.language_model.decoder.layers.9.mlp.experts.linear_fc2.weight13
[36m(WorkerDict pid=96394)[0m 	module.language_model.decoder.layers.8.mlp.experts.linear_fc1.weight52
[36m(WorkerDict pid=96394)[0m 	module.language_model.decoder.layers.7.mlp.experts.linear_fc1.weight27
[36m(WorkerDict pid=96394)[0m 	module.language_model.decoder.layers.4.mlp.experts.linear_fc2.weight56
[36m(WorkerDict pid=96394)[0m 	module.language_model.decoder.layers.3.mlp.experts.linear_fc2.weight60
[36m(WorkerDict pid=96394)[0m 	module.language_model.decoder.layers.1.mlp.experts.linear_fc2.weight8
[36m(WorkerDict pid=96394)[0m 	module.language_model.decoder.layers.1.mlp.experts.linear_fc2.weight25
[36m(WorkerDict pid=96394)[0m 	module.language_model.decoder.layers.4.mlp.experts.linear_fc1.weight14
[36m(WorkerDict pid=96394)[0m 	module.language_model.decoder.layers.6.mlp.experts.linear_fc1.weight10
[36m(WorkerDict pid=96394)[0m 	module.language_model.decoder.layers.1.mlp.experts.linear_fc2.weight42
[36m(WorkerDict pid=96394)[0m 	module.language_model.decoder.layers.4.mlp.experts.linear_fc1.weight31
[36m(WorkerDict pid=96394)[0m 	module.language_model.decoder.layers.11.mlp.experts.linear_fc1.weight46
[36m(WorkerDict pid=96394)[0m 	module.language_model.decoder.layers.19.mlp.experts.linear_fc2.weight16
[36m(WorkerDict pid=96394)[0m 	module.language_model.decoder.layers.18.mlp.experts.linear_fc1.weight54
[36m(WorkerDict pid=96394)[0m 	module.language_model.decoder.layers.17.mlp.experts.linear_fc1.weight29
[36m(WorkerDict pid=96394)[0m 	module.language_model.decoder.layers.16.mlp.experts.linear_fc1.weight4
[36m(WorkerDict pid=96394)[0m 	module.language_model.decoder.layers.12.mlp.experts.linear_fc2.weight7
[36m(WorkerDict pid=96394)[0m 	module.language_model.decoder.layers.14.mlp.experts.linear_fc2.weight57
[36m(WorkerDict pid=96394)[0m 	module.language_model.decoder.layers.13.mlp.experts.linear_fc2.weight32
[36m(WorkerDict pid=96394)[0m 	module.language_model.decoder.layers.10.mlp.experts.linear_fc1.weight19
[36m(WorkerDict pid=96394)[0m 	module.language_model.decoder.layers.7.mlp.experts.linear_fc2.weight49
[36m(WorkerDict pid=96394)[0m 	module.language_model.decoder.layers.4.mlp.experts.linear_fc1.weight48
[36m(WorkerDict pid=96394)[0m 	module.language_model.decoder.layers.6.mlp.experts.linear_fc1.weight44
[36m(WorkerDict pid=96394)[0m 	module.language_model.decoder.layers.10.mlp.experts.linear_fc2.weight39
[36m(WorkerDict pid=96394)[0m 	module.language_model.decoder.layers.17.mlp.experts.linear_fc2.weight49
[36m(WorkerDict pid=96394)[0m 	module.language_model.decoder.layers.16.mlp.experts.linear_fc2.weight24
[36m(WorkerDict pid=96394)[0m 	module.language_model.decoder.layers.12.mlp.experts.linear_fc1.weight3
[36m(WorkerDict pid=96394)[0m 	module.language_model.decoder.layers.15.mlp.experts.linear_fc1.weight63
[36m(WorkerDict pid=96394)[0m 	module.language_model.decoder.layers.14.mlp.experts.linear_fc1.weight36
[36m(WorkerDict pid=96394)[0m 	module.language_model.decoder.layers.13.mlp.experts.linear_fc1.weight10
[36m(WorkerDict pid=96394)[0m 	module.language_model.decoder.layers.9.mlp.experts.linear_fc2.weight14
[36m(WorkerDict pid=96394)[0m 	module.language_model.decoder.layers.8.mlp.experts.linear_fc1.weight53
[36m(WorkerDict pid=96394)[0m 	module.language_model.decoder.layers.7.mlp.experts.linear_fc1.weight28
[36m(WorkerDict pid=96394)[0m 	module.language_model.decoder.layers.6.mlp.experts.linear_fc1.weight61
[36m(WorkerDict pid=96394)[0m 	module.language_model.decoder.layers.4.mlp.experts.linear_fc2.weight1
[36m(WorkerDict pid=96394)[0m 	module.language_model.decoder.layers.2.mlp.experts.linear_fc1.weight13
[36m(WorkerDict pid=96394)[0m 	module.language_model.decoder.layers.4.mlp.experts.linear_fc2.weight18
[36m(WorkerDict pid=96394)[0m 	module.language_model.decoder.layers.6.mlp.experts.linear_fc2.weight14
[36m(WorkerDict pid=96394)[0m 	module.language_model.decoder.layers.2.mlp.experts.linear_fc1.weight30
[36m(WorkerDict pid=96394)[0m 	module.language_model.decoder.layers.4.mlp.experts.linear_fc2.weight35
[36m(WorkerDict pid=96394)[0m 	module.language_model.decoder.layers.6.mlp.experts.linear_fc2.weight31
[36m(WorkerDict pid=96394)[0m 	module.language_model.decoder.layers.2.mlp.experts.linear_fc1.weight47
[36m(WorkerDict pid=96394)[0m 	module.language_model.decoder.layers.6.mlp.experts.linear_fc2.weight48
[36m(WorkerDict pid=96394)[0m 	module.language_model.decoder.layers.14.mlp.experts.linear_fc2.weight58
[36m(WorkerDict pid=96394)[0m 	module.language_model.decoder.layers.13.mlp.experts.linear_fc2.weight33
[36m(WorkerDict pid=96394)[0m 	module.language_model.decoder.layers.19.mlp.experts.linear_fc2.weight17
[36m(WorkerDict pid=96394)[0m 	module.language_model.decoder.layers.18.mlp.experts.linear_fc1.weight55
[36m(WorkerDict pid=96394)[0m 	module.language_model.decoder.layers.17.mlp.experts.linear_fc1.weight30
[36m(WorkerDict pid=96394)[0m 	module.language_model.decoder.layers.16.mlp.experts.linear_fc1.weight5
[36m(WorkerDict pid=96394)[0m 	module.language_model.decoder.layers.11.mlp.experts.linear_fc1.weight47
[36m(WorkerDict pid=96394)[0m 	module.language_model.decoder.layers.12.mlp.experts.linear_fc2.weight8
[36m(WorkerDict pid=96394)[0m 	module.language_model.decoder.layers.10.mlp.experts.linear_fc1.weight20
[36m(WorkerDict pid=96394)[0m 	module.language_model.decoder.layers.7.mlp.experts.linear_fc2.weight50
[36m(WorkerDict pid=96394)[0m 	module.language_model.decoder.layers.2.mlp.experts.linear_fc2.weight9
[36m(WorkerDict pid=96394)[0m 	module.language_model.decoder.layers.14.mlp.experts.linear_fc1.weight37
[36m(WorkerDict pid=96394)[0m 	module.language_model.decoder.layers.13.mlp.experts.linear_fc1.weight11
[36m(WorkerDict pid=96394)[0m 	module.language_model.decoder.layers.17.mlp.experts.linear_fc2.weight50
[36m(WorkerDict pid=96394)[0m 	module.language_model.decoder.layers.16.mlp.experts.linear_fc2.weight25
[36m(WorkerDict pid=96394)[0m 	module.language_model.decoder.layers.15.mlp.experts.linear_fc2.weight0
[36m(WorkerDict pid=96394)[0m 	module.language_model.decoder.layers.10.mlp.experts.linear_fc2.weight40
[36m(WorkerDict pid=96394)[0m 	module.language_model.decoder.layers.9.mlp.experts.linear_fc2.weight15
[36m(WorkerDict pid=96394)[0m 	module.language_model.decoder.layers.8.mlp.experts.linear_fc1.weight54
[36m(WorkerDict pid=96394)[0m 	module.language_model.decoder.layers.7.mlp.experts.linear_fc1.weight29
[36m(WorkerDict pid=96394)[0m 	module.language_model.decoder.layers.7.mlp.experts.linear_fc1.weight4
[36m(WorkerDict pid=96394)[0m 	module.language_model.decoder.layers.2.mlp.experts.linear_fc2.weight26
[36m(WorkerDict pid=96394)[0m 	module.language_model.decoder.layers.0.mlp.experts.linear_fc1.weight23
[36m(WorkerDict pid=96394)[0m 	module.language_model.decoder.layers.2.mlp.experts.linear_fc2.weight43
[36m(WorkerDict pid=96394)[0m 	module.language_model.decoder.layers.0.mlp.experts.linear_fc1.weight40
[36m(WorkerDict pid=96394)[0m 	module.language_model.decoder.layers.2.mlp.experts.linear_fc2.weight60
[36m(WorkerDict pid=96394)[0m 	module.language_model.decoder.layers.4.mlp.experts.linear_fc2.weight59
[36m(WorkerDict pid=96394)[0m 	module.language_model.decoder.layers.12.mlp.experts.linear_fc2.weight9
[36m(WorkerDict pid=96394)[0m 	module.language_model.decoder.layers.19.mlp.experts.linear_fc2.weight18
[36m(WorkerDict pid=96394)[0m 	module.language_model.decoder.layers.18.mlp.experts.linear_fc1.weight56
[36m(WorkerDict pid=96394)[0m 	module.language_model.decoder.layers.17.mlp.experts.linear_fc1.weight31
[36m(WorkerDict pid=96394)[0m 	module.language_model.decoder.layers.16.mlp.experts.linear_fc1.weight6
[36m(WorkerDict pid=96394)[0m 	module.language_model.decoder.layers.14.mlp.experts.linear_fc2.weight59
[36m(WorkerDict pid=96394)[0m 	module.language_model.decoder.layers.13.mlp.experts.linear_fc2.weight34
[36m(WorkerDict pid=96394)[0m 	module.language_model.decoder.layers.11.mlp.experts.linear_fc1.weight48
[36m(WorkerDict pid=96394)[0m 	module.language_model.decoder.layers.10.mlp.experts.linear_fc1.weight21
[36m(WorkerDict pid=96394)[0m 	module.language_model.decoder.layers.7.mlp.experts.linear_fc2.weight51
[36m(WorkerDict pid=96394)[0m 	module.language_model.decoder.layers.0.mlp.experts.linear_fc1.weight57
[36m(WorkerDict pid=96394)[0m 	module.language_model.decoder.layers.0.mlp.experts.linear_fc2.weight10
[36m(WorkerDict pid=96394)[0m 	module.language_model.decoder.layers.3.mlp.experts.linear_fc1.weight16
[36m(WorkerDict pid=96394)[0m 	module.language_model.decoder.layers.5.mlp.experts.linear_fc1.weight13
[36m(WorkerDict pid=96394)[0m 	module.language_model.decoder.layers.14.mlp.experts.linear_fc1.weight38
[36m(WorkerDict pid=96394)[0m 	module.language_model.decoder.layers.13.mlp.experts.linear_fc1.weight12
[36m(WorkerDict pid=96394)[0m 	module.language_model.decoder.layers.17.mlp.experts.linear_fc2.weight51
[36m(WorkerDict pid=96394)[0m 	module.language_model.decoder.layers.16.mlp.experts.linear_fc2.weight26
[36m(WorkerDict pid=96394)[0m 	module.language_model.decoder.layers.15.mlp.experts.linear_fc2.weight1
[36m(WorkerDict pid=96394)[0m 	module.language_model.decoder.layers.10.mlp.experts.linear_fc2.weight41
[36m(WorkerDict pid=96394)[0m 	module.language_model.decoder.layers.9.mlp.experts.linear_fc2.weight16
[36m(WorkerDict pid=96394)[0m 	module.language_model.decoder.layers.8.mlp.experts.linear_fc1.weight55
[36m(WorkerDict pid=96394)[0m 	module.language_model.decoder.layers.7.mlp.experts.linear_fc1.weight30
[36m(WorkerDict pid=96394)[0m 	module.language_model.decoder.layers.6.mlp.experts.linear_fc1.weight3
[36m(WorkerDict pid=96394)[0m 	module.language_model.decoder.layers.0.mlp.experts.linear_fc2.weight27
[36m(WorkerDict pid=96394)[0m 	module.language_model.decoder.layers.3.mlp.experts.linear_fc1.weight33
[36m(WorkerDict pid=96394)[0m 	module.language_model.decoder.layers.5.mlp.experts.linear_fc1.weight30
[36m(WorkerDict pid=96394)[0m 	module.language_model.decoder.layers.0.mlp.experts.linear_fc2.weight44
[36m(WorkerDict pid=96394)[0m 	module.language_model.decoder.layers.3.mlp.experts.linear_fc1.weight50
[36m(WorkerDict pid=96394)[0m 	module.language_model.decoder.layers.5.mlp.experts.linear_fc1.weight47
[36m(WorkerDict pid=96394)[0m 	module.language_model.decoder.layers.0.mlp.experts.linear_fc2.weight61
[36m(WorkerDict pid=96394)[0m 	module.language_model.decoder.layers.3.mlp.experts.linear_fc2.weight3
[36m(WorkerDict pid=96394)[0m 	module.language_model.decoder.layers.5.mlp.experts.linear_fc2.weight0
[36m(WorkerDict pid=96394)[0m 	module.language_model.decoder.layers.12.mlp.experts.linear_fc2.weight10
[36m(WorkerDict pid=96394)[0m 	module.language_model.decoder.layers.18.mlp.experts.linear_fc1.weight57
[36m(WorkerDict pid=96394)[0m 	module.language_model.decoder.layers.19.mlp.experts.linear_fc2.weight19
[36m(WorkerDict pid=96394)[0m 	module.language_model.decoder.layers.17.mlp.experts.linear_fc1.weight32
[36m(WorkerDict pid=96394)[0m 	module.language_model.decoder.layers.16.mlp.experts.linear_fc1.weight7
[36m(WorkerDict pid=96394)[0m 	module.language_model.decoder.layers.14.mlp.experts.linear_fc2.weight60
[36m(WorkerDict pid=96394)[0m 	module.language_model.decoder.layers.13.mlp.experts.linear_fc2.weight35
[36m(WorkerDict pid=96394)[0m 	module.language_model.decoder.layers.11.mlp.experts.linear_fc1.weight49
[36m(WorkerDict pid=96394)[0m 	module.language_model.decoder.layers.10.mlp.experts.linear_fc1.weight22
[36m(WorkerDict pid=96394)[0m 	module.language_model.decoder.layers.7.mlp.experts.linear_fc2.weight52
[36m(WorkerDict pid=96394)[0m 	module.language_model.decoder.layers.7.mlp.experts.linear_fc1.weight44
[36m(WorkerDict pid=96394)[0m 	module.language_model.decoder.layers.5.mlp.experts.linear_fc2.weight17
[36m(WorkerDict pid=96394)[0m 	module.language_model.decoder.layers.3.mlp.experts.linear_fc2.weight20
[36m(WorkerDict pid=96394)[0m 	module.language_model.decoder.layers.1.mlp.experts.linear_fc1.weight14
[36m(WorkerDict pid=96394)[0m 	module.language_model.decoder.layers.7.mlp.experts.linear_fc1.weight61
[36m(WorkerDict pid=96394)[0m 	module.language_model.decoder.layers.5.mlp.experts.linear_fc2.weight34
[36m(WorkerDict pid=96394)[0m 	module.language_model.decoder.layers.17.mlp.experts.linear_fc2.weight52
[36m(WorkerDict pid=96394)[0m 	module.language_model.decoder.layers.16.mlp.experts.linear_fc2.weight27
[36m(WorkerDict pid=96394)[0m 	module.language_model.decoder.layers.15.mlp.experts.linear_fc2.weight2
[36m(WorkerDict pid=96394)[0m 	module.language_model.decoder.layers.14.mlp.experts.linear_fc1.weight39
[36m(WorkerDict pid=96394)[0m 	module.language_model.decoder.layers.13.mlp.experts.linear_fc1.weight13
[36m(WorkerDict pid=96394)[0m 	module.language_model.decoder.layers.10.mlp.experts.linear_fc2.weight42
[36m(WorkerDict pid=96394)[0m 	module.language_model.decoder.layers.9.mlp.experts.linear_fc2.weight17
[36m(WorkerDict pid=96394)[0m 	module.language_model.decoder.layers.8.mlp.experts.linear_fc1.weight56
[36m(WorkerDict pid=96394)[0m 	module.language_model.decoder.layers.7.mlp.experts.linear_fc1.weight31
[36m(WorkerDict pid=96394)[0m 	module.language_model.decoder.layers.6.mlp.experts.linear_fc1.weight4
[36m(WorkerDict pid=96394)[0m 	module.language_model.decoder.layers.1.mlp.experts.linear_fc1.weight31
[36m(WorkerDict pid=96394)[0m 	module.language_model.decoder.layers.5.mlp.experts.linear_fc2.weight51
[36m(WorkerDict pid=96394)[0m 	module.language_model.decoder.layers.11.mlp.experts.linear_fc1.weight50
[36m(WorkerDict pid=96394)[0m 	module.language_model.decoder.layers.18.mlp.experts.linear_fc1.weight58
[36m(WorkerDict pid=96394)[0m 	module.language_model.decoder.layers.19.mlp.experts.linear_fc2.weight20
[36m(WorkerDict pid=96394)[0m 	module.language_model.decoder.layers.17.mlp.experts.linear_fc1.weight33
[36m(WorkerDict pid=96394)[0m 	module.language_model.decoder.layers.16.mlp.experts.linear_fc1.weight8
[36m(WorkerDict pid=96394)[0m 	module.language_model.decoder.layers.12.mlp.experts.linear_fc2.weight11
[36m(WorkerDict pid=96394)[0m 	module.language_model.decoder.layers.14.mlp.experts.linear_fc2.weight61
[36m(WorkerDict pid=96394)[0m 	module.language_model.decoder.layers.13.mlp.experts.linear_fc2.weight36
[36m(WorkerDict pid=96394)[0m 	module.language_model.decoder.layers.10.mlp.experts.linear_fc1.weight23
[36m(WorkerDict pid=96394)[0m 	module.language_model.decoder.layers.7.mlp.experts.linear_fc2.weight53
[36m(WorkerDict pid=96394)[0m 	module.language_model.decoder.layers.3.mlp.experts.linear_fc2.weight27
[36m(WorkerDict pid=96394)[0m 	module.language_model.decoder.layers.1.mlp.experts.linear_fc1.weight39
[36m(WorkerDict pid=96394)[0m 	module.language_model.decoder.layers.3.mlp.experts.linear_fc2.weight44
[36m(WorkerDict pid=96394)[0m 	module.language_model.decoder.layers.1.mlp.experts.linear_fc1.weight56
[36m(WorkerDict pid=96394)[0m 	module.language_model.decoder.layers.10.mlp.experts.linear_fc2.weight43
[36m(WorkerDict pid=96394)[0m 	module.language_model.decoder.layers.13.mlp.experts.linear_fc1.weight14
[36m(WorkerDict pid=96394)[0m 	module.language_model.decoder.layers.17.mlp.experts.linear_fc2.weight53
[36m(WorkerDict pid=96394)[0m 	module.language_model.decoder.layers.19.mlp.experts.linear_fc1.weight2
[36m(WorkerDict pid=96394)[0m 	module.language_model.decoder.layers.16.mlp.experts.linear_fc2.weight28
[36m(WorkerDict pid=96394)[0m 	module.language_model.decoder.layers.15.mlp.experts.linear_fc2.weight3
[36m(WorkerDict pid=96394)[0m 	module.language_model.decoder.layers.14.mlp.experts.linear_fc1.weight40
[36m(WorkerDict pid=96394)[0m 	module.language_model.decoder.layers.9.mlp.experts.linear_fc2.weight18
[36m(WorkerDict pid=96394)[0m 	module.language_model.decoder.layers.8.mlp.experts.linear_fc1.weight57
[36m(WorkerDict pid=96394)[0m 	module.language_model.decoder.layers.7.mlp.experts.linear_fc1.weight32
[36m(WorkerDict pid=96394)[0m 	module.language_model.decoder.layers.3.mlp.experts.linear_fc2.weight61
[36m(WorkerDict pid=96394)[0m 	module.language_model.decoder.layers.1.mlp.experts.linear_fc2.weight9
[36m(WorkerDict pid=96394)[0m 	module.language_model.decoder.layers.1.mlp.experts.linear_fc2.weight26
[36m(WorkerDict pid=96394)[0m 	module.language_model.decoder.layers.4.mlp.experts.linear_fc1.weight15
[36m(WorkerDict pid=96394)[0m 	module.language_model.decoder.layers.6.mlp.experts.linear_fc1.weight11
[36m(WorkerDict pid=96394)[0m 	module.language_model.decoder.layers.1.mlp.experts.linear_fc2.weight43
[36m(WorkerDict pid=96394)[0m 	module.language_model.decoder.layers.14.mlp.experts.linear_fc2.weight62
[36m(WorkerDict pid=96394)[0m 	module.language_model.decoder.layers.12.mlp.experts.linear_fc2.weight12
[36m(WorkerDict pid=96394)[0m 	module.language_model.decoder.layers.18.mlp.experts.linear_fc1.weight59
[36m(WorkerDict pid=96394)[0m 	module.language_model.decoder.layers.19.mlp.experts.linear_fc2.weight21
[36m(WorkerDict pid=96394)[0m 	module.language_model.decoder.layers.17.mlp.experts.linear_fc1.weight34
[36m(WorkerDict pid=96394)[0m 	module.language_model.decoder.layers.16.mlp.experts.linear_fc1.weight9
[36m(WorkerDict pid=96394)[0m 	module.language_model.decoder.layers.13.mlp.experts.linear_fc2.weight37
[36m(WorkerDict pid=96394)[0m 	module.language_model.decoder.layers.11.mlp.experts.linear_fc1.weight51
[36m(WorkerDict pid=96394)[0m 	module.language_model.decoder.layers.10.mlp.experts.linear_fc1.weight24
[36m(WorkerDict pid=96394)[0m 	module.language_model.decoder.layers.7.mlp.experts.linear_fc2.weight54
[36m(WorkerDict pid=96394)[0m 	module.language_model.decoder.layers.6.mlp.experts.linear_fc1.weight28
[36m(WorkerDict pid=96394)[0m 	module.language_model.decoder.layers.4.mlp.experts.linear_fc1.weight32
[36m(WorkerDict pid=96394)[0m 	module.language_model.decoder.layers.4.mlp.experts.linear_fc1.weight49
[36m(WorkerDict pid=96394)[0m 	module.language_model.decoder.layers.6.mlp.experts.linear_fc1.weight45
[36m(WorkerDict pid=96394)[0m 	module.language_model.decoder.layers.14.mlp.experts.linear_fc1.weight41
[36m(WorkerDict pid=96394)[0m 	module.language_model.decoder.layers.13.mlp.experts.linear_fc1.weight15
[36m(WorkerDict pid=96394)[0m 	module.language_model.decoder.layers.17.mlp.experts.linear_fc2.weight54
[36m(WorkerDict pid=96394)[0m 	module.language_model.decoder.layers.16.mlp.experts.linear_fc2.weight29
[36m(WorkerDict pid=96394)[0m 	module.language_model.decoder.layers.15.mlp.experts.linear_fc2.weight4
[36m(WorkerDict pid=96394)[0m 	module.language_model.decoder.layers.10.mlp.experts.linear_fc2.weight44
[36m(WorkerDict pid=96394)[0m 	module.language_model.decoder.layers.9.mlp.experts.linear_fc2.weight19
[36m(WorkerDict pid=96394)[0m 	module.language_model.decoder.layers.8.mlp.experts.linear_fc1.weight58
[36m(WorkerDict pid=96394)[0m 	module.language_model.decoder.layers.7.mlp.experts.linear_fc1.weight33
[36m(WorkerDict pid=96394)[0m 	module.language_model.decoder.layers.6.mlp.experts.linear_fc1.weight62
[36m(WorkerDict pid=96394)[0m 	module.language_model.decoder.layers.4.mlp.experts.linear_fc2.weight2
[36m(WorkerDict pid=96394)[0m 	module.language_model.decoder.layers.2.mlp.experts.linear_fc1.weight14
[36m(WorkerDict pid=96394)[0m 	module.language_model.decoder.layers.0.mlp.experts.linear_fc1.weight1
[36m(WorkerDict pid=96394)[0m 	module.language_model.decoder.layers.4.mlp.experts.linear_fc2.weight19
[36m(WorkerDict pid=96394)[0m 	module.language_model.decoder.layers.2.mlp.experts.linear_fc1.weight31
[36m(WorkerDict pid=96394)[0m 	module.language_model.decoder.layers.4.mlp.experts.linear_fc2.weight36
[36m(WorkerDict pid=96394)[0m 	module.language_model.decoder.layers.6.mlp.experts.linear_fc2.weight32
[36m(WorkerDict pid=96394)[0m 	module.language_model.decoder.layers.2.mlp.experts.linear_fc1.weight48
[36m(WorkerDict pid=96394)[0m 	module.language_model.decoder.layers.12.mlp.experts.linear_fc2.weight13
[36m(WorkerDict pid=96394)[0m 	module.language_model.decoder.layers.14.mlp.experts.linear_fc2.weight63
[36m(WorkerDict pid=96394)[0m 	module.language_model.decoder.layers.13.mlp.experts.linear_fc2.weight38
[36m(WorkerDict pid=96394)[0m 	module.language_model.decoder.layers.19.mlp.experts.linear_fc2.weight22
[36m(WorkerDict pid=96394)[0m 	module.language_model.decoder.layers.18.mlp.experts.linear_fc1.weight60
[36m(WorkerDict pid=96394)[0m 	module.language_model.decoder.layers.17.mlp.experts.linear_fc1.weight35
[36m(WorkerDict pid=96394)[0m 	module.language_model.decoder.layers.16.mlp.experts.linear_fc1.weight10
[36m(WorkerDict pid=96394)[0m 	module.language_model.decoder.layers.11.mlp.experts.linear_fc1.weight52
[36m(WorkerDict pid=96394)[0m 	module.language_model.decoder.layers.10.mlp.experts.linear_fc1.weight25
[36m(WorkerDict pid=96394)[0m 	module.language_model.decoder.layers.9.mlp.experts.linear_fc1.weight1
[36m(WorkerDict pid=96394)[0m 	module.language_model.decoder.layers.6.mlp.experts.linear_fc2.weight49
[36m(WorkerDict pid=96394)[0m 	module.language_model.decoder.layers.7.mlp.experts.linear_fc1.weight3
[36m(WorkerDict pid=96394)[0m 	module.language_model.decoder.layers.14.mlp.experts.linear_fc1.weight42
[36m(WorkerDict pid=96394)[0m 	module.language_model.decoder.layers.13.mlp.experts.linear_fc1.weight16
[36m(WorkerDict pid=96394)[0m 	module.language_model.decoder.layers.19.mlp.experts.linear_fc1.weight0
[36m(WorkerDict pid=96394)[0m 	module.language_model.decoder.layers.17.mlp.experts.linear_fc2.weight55
[36m(WorkerDict pid=96394)[0m 	module.language_model.decoder.layers.16.mlp.experts.linear_fc2.weight30
[36m(WorkerDict pid=96394)[0m 	module.language_model.decoder.layers.15.mlp.experts.linear_fc2.weight5
[36m(WorkerDict pid=96394)[0m 	module.language_model.decoder.layers.10.mlp.experts.linear_fc2.weight45
[36m(WorkerDict pid=96394)[0m 	module.language_model.decoder.layers.9.mlp.experts.linear_fc2.weight20
[36m(WorkerDict pid=96394)[0m 	module.language_model.decoder.layers.8.mlp.experts.linear_fc1.weight59
[36m(WorkerDict pid=96394)[0m 	module.language_model.decoder.layers.7.mlp.experts.linear_fc1.weight34
[36m(WorkerDict pid=96394)[0m 	module.language_model.decoder.layers.2.mlp.experts.linear_fc2.weight10
[36m(WorkerDict pid=96394)[0m 	module.language_model.decoder.layers.2.mlp.experts.linear_fc2.weight27
[36m(WorkerDict pid=96394)[0m 	module.language_model.decoder.layers.0.mlp.experts.linear_fc1.weight24
[36m(WorkerDict pid=96394)[0m 	module.language_model.decoder.layers.2.mlp.experts.linear_fc2.weight44
[36m(WorkerDict pid=96394)[0m 	module.language_model.decoder.layers.3.mlp.experts.linear_fc1.weight17
[36m(WorkerDict pid=96394)[0m 	module.language_model.decoder.layers.0.mlp.experts.linear_fc1.weight41
[36m(WorkerDict pid=96394)[0m 	module.language_model.decoder.layers.2.mlp.experts.linear_fc2.weight61
[36m(WorkerDict pid=96394)[0m 	module.language_model.decoder.layers.4.mlp.experts.linear_fc2.weight60
[36m(WorkerDict pid=96394)[0m 	module.language_model.decoder.layers.12.mlp.experts.linear_fc2.weight14
[36m(WorkerDict pid=96394)[0m 	module.language_model.decoder.layers.13.mlp.experts.linear_fc2.weight39
[36m(WorkerDict pid=96394)[0m 	module.language_model.decoder.layers.18.mlp.experts.linear_fc1.weight61
[36m(WorkerDict pid=96394)[0m 	module.language_model.decoder.layers.19.mlp.experts.linear_fc2.weight23
[36m(WorkerDict pid=96394)[0m 	module.language_model.decoder.layers.17.mlp.experts.linear_fc1.weight36
[36m(WorkerDict pid=96394)[0m 	module.language_model.decoder.layers.16.mlp.experts.linear_fc1.weight11
[36m(WorkerDict pid=96394)[0m 	module.language_model.decoder.layers.11.mlp.experts.linear_fc1.weight53
[36m(WorkerDict pid=96394)[0m 	module.language_model.decoder.layers.10.mlp.experts.linear_fc1.weight26
[36m(WorkerDict pid=96394)[0m 	module.language_model.decoder.layers.7.mlp.experts.linear_fc2.weight56
[36m(WorkerDict pid=96394)[0m 	module.language_model.decoder.layers.6.mlp.experts.linear_fc2.weight29
[36m(WorkerDict pid=96394)[0m 	module.language_model.decoder.layers.0.mlp.experts.linear_fc1.weight58
[36m(WorkerDict pid=96394)[0m 	module.language_model.decoder.layers.3.mlp.experts.linear_fc1.weight1
[36m(WorkerDict pid=96394)[0m 	module.language_model.decoder.layers.0.mlp.experts.linear_fc2.weight11
[36m(WorkerDict pid=96394)[0m 	module.language_model.decoder.layers.14.mlp.experts.linear_fc1.weight43
[36m(WorkerDict pid=96394)[0m 	module.language_model.decoder.layers.13.mlp.experts.linear_fc1.weight17
[36m(WorkerDict pid=96394)[0m 	module.language_model.decoder.layers.17.mlp.experts.linear_fc2.weight56
[36m(WorkerDict pid=96394)[0m 	module.language_model.decoder.layers.19.mlp.experts.linear_fc1.weight1
[36m(WorkerDict pid=96394)[0m 	module.language_model.decoder.layers.16.mlp.experts.linear_fc2.weight31
[36m(WorkerDict pid=96394)[0m 	module.language_model.decoder.layers.15.mlp.experts.linear_fc2.weight6
[36m(WorkerDict pid=96394)[0m 	module.language_model.decoder.layers.10.mlp.experts.linear_fc2.weight46
[36m(WorkerDict pid=96394)[0m 	module.language_model.decoder.layers.9.mlp.experts.linear_fc2.weight21
[36m(WorkerDict pid=96394)[0m 	module.language_model.decoder.layers.8.mlp.experts.linear_fc1.weight60
[36m(WorkerDict pid=96394)[0m 	module.language_model.decoder.layers.7.mlp.experts.linear_fc1.weight35
[36m(WorkerDict pid=96394)[0m 	module.language_model.decoder.layers.5.mlp.experts.linear_fc1.weight14
[36m(WorkerDict pid=96394)[0m 	module.language_model.decoder.layers.0.mlp.experts.linear_fc2.weight28
[36m(WorkerDict pid=96394)[0m 	module.language_model.decoder.layers.3.mlp.experts.linear_fc1.weight34
[36m(WorkerDict pid=96394)[0m 	module.language_model.decoder.layers.5.mlp.experts.linear_fc1.weight31
[36m(WorkerDict pid=96394)[0m 	module.language_model.decoder.layers.0.mlp.experts.linear_fc2.weight45
[36m(WorkerDict pid=96394)[0m 	module.language_model.decoder.layers.3.mlp.experts.linear_fc1.weight51
[36m(WorkerDict pid=96394)[0m 	module.language_model.decoder.layers.5.mlp.experts.linear_fc1.weight48
[36m(WorkerDict pid=96394)[0m 	module.language_model.decoder.layers.0.mlp.experts.linear_fc2.weight62
[36m(WorkerDict pid=96394)[0m 	module.language_model.decoder.layers.3.mlp.experts.linear_fc2.weight4
[36m(WorkerDict pid=96394)[0m 	module.language_model.decoder.layers.5.mlp.experts.linear_fc2.weight1
[36m(WorkerDict pid=96394)[0m 	module.language_model.decoder.layers.11.mlp.experts.linear_fc1.weight54
[36m(WorkerDict pid=96394)[0m 	module.language_model.decoder.layers.12.mlp.experts.linear_fc2.weight15
[36m(WorkerDict pid=96394)[0m 	module.language_model.decoder.layers.18.mlp.experts.linear_fc1.weight62
[36m(WorkerDict pid=96394)[0m 	module.language_model.decoder.layers.19.mlp.experts.linear_fc2.weight24
[36m(WorkerDict pid=96394)[0m 	module.language_model.decoder.layers.17.mlp.experts.linear_fc1.weight37
[36m(WorkerDict pid=96394)[0m 	module.language_model.decoder.layers.16.mlp.experts.linear_fc1.weight12
[36m(WorkerDict pid=96394)[0m 	module.language_model.decoder.layers.13.mlp.experts.linear_fc2.weight40
[36m(WorkerDict pid=96394)[0m 	module.language_model.decoder.layers.10.mlp.experts.linear_fc1.weight27
[36m(WorkerDict pid=96394)[0m 	module.language_model.decoder.layers.9.mlp.experts.linear_fc1.weight0
[36m(WorkerDict pid=96394)[0m 	module.language_model.decoder.layers.7.mlp.experts.linear_fc2.weight57
[36m(WorkerDict pid=96394)[0m 	module.language_model.decoder.layers.7.mlp.experts.linear_fc1.weight45
[36m(WorkerDict pid=96394)[0m 	module.language_model.decoder.layers.3.mlp.experts.linear_fc2.weight21
[36m(WorkerDict pid=96394)[0m 	module.language_model.decoder.layers.5.mlp.experts.linear_fc2.weight18
[36m(WorkerDict pid=96394)[0m 	module.language_model.decoder.layers.1.mlp.experts.linear_fc1.weight15
[36m(WorkerDict pid=96394)[0m 	module.language_model.decoder.layers.10.mlp.experts.linear_fc2.weight47
[36m(WorkerDict pid=96394)[0m 	module.language_model.decoder.layers.17.mlp.experts.linear_fc2.weight57
[36m(WorkerDict pid=96394)[0m 	module.language_model.decoder.layers.19.mlp.experts.linear_fc1.weight3
[36m(WorkerDict pid=96394)[0m 	module.language_model.decoder.layers.16.mlp.experts.linear_fc2.weight32
[36m(WorkerDict pid=96394)[0m 	module.language_model.decoder.layers.15.mlp.experts.linear_fc2.weight7
[36m(WorkerDict pid=96394)[0m 	module.language_model.decoder.layers.14.mlp.experts.linear_fc1.weight44
[36m(WorkerDict pid=96394)[0m 	module.language_model.decoder.layers.13.mlp.experts.linear_fc1.weight18
[36m(WorkerDict pid=96394)[0m 	module.language_model.decoder.layers.9.mlp.experts.linear_fc2.weight22
[36m(WorkerDict pid=96394)[0m 	module.language_model.decoder.layers.8.mlp.experts.linear_fc1.weight61
[36m(WorkerDict pid=96394)[0m 	module.language_model.decoder.layers.7.mlp.experts.linear_fc1.weight36
[36m(WorkerDict pid=96394)[0m 	module.language_model.decoder.layers.1.mlp.experts.linear_fc1.weight32
[36m(WorkerDict pid=96394)[0m 	module.language_model.decoder.layers.5.mlp.experts.linear_fc2.weight52
[36m(WorkerDict pid=96394)[0m 	module.language_model.decoder.layers.15.mlp.experts.linear_fc1.weight3
[36m(WorkerDict pid=96394)[0m 	module.language_model.decoder.layers.13.mlp.experts.linear_fc2.weight41
[36m(WorkerDict pid=96394)[0m 	module.language_model.decoder.layers.11.mlp.experts.linear_fc1.weight55
[36m(WorkerDict pid=96394)[0m 	module.language_model.decoder.layers.18.mlp.experts.linear_fc1.weight63
[36m(WorkerDict pid=96394)[0m 	module.language_model.decoder.layers.19.mlp.experts.linear_fc2.weight25
[36m(WorkerDict pid=96394)[0m 	module.language_model.decoder.layers.17.mlp.experts.linear_fc1.weight38
[36m(WorkerDict pid=96394)[0m 	module.language_model.decoder.layers.16.mlp.experts.linear_fc1.weight13
[36m(WorkerDict pid=96394)[0m 	module.language_model.decoder.layers.12.mlp.experts.linear_fc2.weight16
[36m(WorkerDict pid=96394)[0m 	module.language_model.decoder.layers.10.mlp.experts.linear_fc1.weight28
[36m(WorkerDict pid=96394)[0m 	module.language_model.decoder.layers.9.mlp.experts.linear_fc1.weight2
[36m(WorkerDict pid=96394)[0m 	module.language_model.decoder.layers.3.mlp.experts.linear_fc2.weight28
[36m(WorkerDict pid=96394)[0m 	module.language_model.decoder.layers.1.mlp.experts.linear_fc1.weight40
[36m(WorkerDict pid=96394)[0m 	module.language_model.decoder.layers.8.mlp.experts.linear_fc1.weight2
[36m(WorkerDict pid=96394)[0m 	module.language_model.decoder.layers.3.mlp.experts.linear_fc2.weight45
[36m(WorkerDict pid=96394)[0m 	module.language_model.decoder.layers.1.mlp.experts.linear_fc1.weight57
[36m(WorkerDict pid=96394)[0m 	module.language_model.decoder.layers.10.mlp.experts.linear_fc2.weight48
[36m(WorkerDict pid=96394)[0m 	module.language_model.decoder.layers.19.mlp.experts.linear_fc1.weight4
[36m(WorkerDict pid=96394)[0m 	module.language_model.decoder.layers.17.mlp.experts.linear_fc2.weight58
[36m(WorkerDict pid=96394)[0m 	module.language_model.decoder.layers.16.mlp.experts.linear_fc2.weight33
[36m(WorkerDict pid=96394)[0m 	module.language_model.decoder.layers.15.mlp.experts.linear_fc2.weight8
[36m(WorkerDict pid=96394)[0m 	module.language_model.decoder.layers.13.mlp.experts.linear_fc1.weight19
[36m(WorkerDict pid=96394)[0m 	module.language_model.decoder.layers.14.mlp.experts.linear_fc1.weight45
[36m(WorkerDict pid=96394)[0m 	module.language_model.decoder.layers.9.mlp.experts.linear_fc2.weight23
[36m(WorkerDict pid=96394)[0m 	module.language_model.decoder.layers.8.mlp.experts.linear_fc1.weight62
[36m(WorkerDict pid=96394)[0m 	module.language_model.decoder.layers.7.mlp.experts.linear_fc1.weight37
[36m(WorkerDict pid=96394)[0m 	module.language_model.decoder.layers.3.mlp.experts.linear_fc2.weight62
[36m(WorkerDict pid=96394)[0m 	module.language_model.decoder.layers.1.mlp.experts.linear_fc2.weight10
[36m(WorkerDict pid=96394)[0m 	module.language_model.decoder.layers.1.mlp.experts.linear_fc2.weight27
[36m(WorkerDict pid=96394)[0m 	module.language_model.decoder.layers.4.mlp.experts.linear_fc1.weight16
[36m(WorkerDict pid=96394)[0m 	module.language_model.decoder.layers.6.mlp.experts.linear_fc1.weight12
[36m(WorkerDict pid=96394)[0m 	module.language_model.decoder.layers.1.mlp.experts.linear_fc2.weight44
[36m(WorkerDict pid=96394)[0m 	module.language_model.decoder.layers.12.mlp.experts.linear_fc2.weight17
[36m(WorkerDict pid=96394)[0m 	module.language_model.decoder.layers.13.mlp.experts.linear_fc2.weight42
[36m(WorkerDict pid=96394)[0m 	module.language_model.decoder.layers.11.mlp.experts.linear_fc1.weight56
[36m(WorkerDict pid=96394)[0m 	module.language_model.decoder.layers.18.mlp.experts.linear_fc2.weight0
[36m(WorkerDict pid=96394)[0m 	module.language_model.decoder.layers.19.mlp.experts.linear_fc2.weight26
[36m(WorkerDict pid=96394)[0m 	module.language_model.decoder.layers.17.mlp.experts.linear_fc1.weight39
[36m(WorkerDict pid=96394)[0m 	module.language_model.decoder.layers.16.mlp.experts.linear_fc1.weight14
[36m(WorkerDict pid=96394)[0m 	module.language_model.decoder.layers.10.mlp.experts.linear_fc1.weight29
[36m(WorkerDict pid=96394)[0m 	module.language_model.decoder.layers.9.mlp.experts.linear_fc1.weight4
[36m(WorkerDict pid=96394)[0m 	module.language_model.decoder.layers.7.mlp.experts.linear_fc2.weight59
[36m(WorkerDict pid=96394)[0m 	module.language_model.decoder.layers.4.mlp.experts.linear_fc1.weight33
[36m(WorkerDict pid=96394)[0m 	module.language_model.decoder.layers.1.mlp.experts.linear_fc2.weight61
[36m(WorkerDict pid=96394)[0m 	module.language_model.decoder.layers.4.mlp.experts.linear_fc1.weight50
[36m(WorkerDict pid=96394)[0m 	module.language_model.decoder.layers.6.mlp.experts.linear_fc1.weight46
[36m(WorkerDict pid=96394)[0m 	module.language_model.decoder.layers.14.mlp.experts.linear_fc1.weight46
[36m(WorkerDict pid=96394)[0m 	module.language_model.decoder.layers.13.mlp.experts.linear_fc1.weight20
[36m(WorkerDict pid=96394)[0m 	module.language_model.decoder.layers.10.mlp.experts.linear_fc2.weight49
[36m(WorkerDict pid=96394)[0m 	module.language_model.decoder.layers.17.mlp.experts.linear_fc2.weight59
[36m(WorkerDict pid=96394)[0m 	module.language_model.decoder.layers.19.mlp.experts.linear_fc1.weight5
[36m(WorkerDict pid=96394)[0m 	module.language_model.decoder.layers.16.mlp.experts.linear_fc2.weight34
[36m(WorkerDict pid=96394)[0m 	module.language_model.decoder.layers.15.mlp.experts.linear_fc2.weight9
[36m(WorkerDict pid=96394)[0m 	module.language_model.decoder.layers.9.mlp.experts.linear_fc2.weight24
[36m(WorkerDict pid=96394)[0m 	module.language_model.decoder.layers.8.mlp.experts.linear_fc1.weight63
[36m(WorkerDict pid=96394)[0m 	module.language_model.decoder.layers.7.mlp.experts.linear_fc1.weight38
[36m(WorkerDict pid=96394)[0m 	module.language_model.decoder.layers.4.mlp.experts.linear_fc2.weight3
[36m(WorkerDict pid=96394)[0m 	module.language_model.decoder.layers.6.mlp.experts.linear_fc1.weight63
[36m(WorkerDict pid=96394)[0m 	module.language_model.decoder.layers.2.mlp.experts.linear_fc1.weight15
[36m(WorkerDict pid=96394)[0m 	module.language_model.decoder.layers.4.mlp.experts.linear_fc2.weight20
[36m(WorkerDict pid=96394)[0m 	module.language_model.decoder.layers.2.mlp.experts.linear_fc1.weight32
[36m(WorkerDict pid=96394)[0m 	module.language_model.decoder.layers.4.mlp.experts.linear_fc2.weight37
[36m(WorkerDict pid=96394)[0m 	module.language_model.decoder.layers.6.mlp.experts.linear_fc2.weight33
[36m(WorkerDict pid=96394)[0m 	module.language_model.decoder.layers.2.mlp.experts.linear_fc1.weight49
[36m(WorkerDict pid=96394)[0m 	module.language_model.decoder.layers.12.mlp.experts.linear_fc2.weight18
[36m(WorkerDict pid=96394)[0m 	module.language_model.decoder.layers.13.mlp.experts.linear_fc2.weight43
[36m(WorkerDict pid=96394)[0m 	module.language_model.decoder.layers.11.mlp.experts.linear_fc1.weight57
[36m(WorkerDict pid=96394)[0m 	module.language_model.decoder.layers.18.mlp.experts.linear_fc2.weight1
[36m(WorkerDict pid=96394)[0m 	module.language_model.decoder.layers.19.mlp.experts.linear_fc2.weight27
[36m(WorkerDict pid=96394)[0m 	module.language_model.decoder.layers.17.mlp.experts.linear_fc1.weight40
[36m(WorkerDict pid=96394)[0m 	module.language_model.decoder.layers.16.mlp.experts.linear_fc1.weight15
[36m(WorkerDict pid=96394)[0m 	module.language_model.decoder.layers.10.mlp.experts.linear_fc1.weight30
[36m(WorkerDict pid=96394)[0m 	module.language_model.decoder.layers.9.mlp.experts.linear_fc1.weight5
[36m(WorkerDict pid=96394)[0m 	module.language_model.decoder.layers.7.mlp.experts.linear_fc2.weight60
[36m(WorkerDict pid=96394)[0m 	module.language_model.decoder.layers.6.mlp.experts.linear_fc2.weight50
[36m(WorkerDict pid=96394)[0m 	module.language_model.decoder.layers.14.mlp.experts.linear_fc1.weight47
[36m(WorkerDict pid=96394)[0m 	module.language_model.decoder.layers.13.mlp.experts.linear_fc1.weight21
[36m(WorkerDict pid=96394)[0m 	module.language_model.decoder.layers.10.mlp.experts.linear_fc2.weight50
[36m(WorkerDict pid=96394)[0m 	module.language_model.decoder.layers.19.mlp.experts.linear_fc1.weight6
[36m(WorkerDict pid=96394)[0m 	module.language_model.decoder.layers.17.mlp.experts.linear_fc2.weight60
[36m(WorkerDict pid=96394)[0m 	module.language_model.decoder.layers.16.mlp.experts.linear_fc2.weight35
[36m(WorkerDict pid=96394)[0m 	module.language_model.decoder.layers.15.mlp.experts.linear_fc2.weight10
[36m(WorkerDict pid=96394)[0m 	module.language_model.decoder.layers.9.mlp.experts.linear_fc2.weight25
[36m(WorkerDict pid=96394)[0m 	module.language_model.decoder.layers.8.mlp.experts.linear_fc2.weight0
[36m(WorkerDict pid=96394)[0m 	module.language_model.decoder.layers.7.mlp.experts.linear_fc1.weight39
[36m(WorkerDict pid=96394)[0m 	module.language_model.decoder.layers.2.mlp.experts.linear_fc2.weight11
[36m(WorkerDict pid=96394)[0m 	module.language_model.decoder.layers.2.mlp.experts.linear_fc2.weight28
[36m(WorkerDict pid=96394)[0m 	module.language_model.decoder.layers.0.mlp.experts.linear_fc1.weight25
[36m(WorkerDict pid=96394)[0m 	module.language_model.decoder.layers.2.mlp.experts.linear_fc2.weight45
[36m(WorkerDict pid=96394)[0m 	module.language_model.decoder.layers.0.mlp.experts.linear_fc1.weight42
[36m(WorkerDict pid=96394)[0m 	module.language_model.decoder.layers.2.mlp.experts.linear_fc2.weight62
[36m(WorkerDict pid=96394)[0m 	module.language_model.decoder.layers.4.mlp.experts.linear_fc2.weight61
[36m(WorkerDict pid=96394)[0m 	module.language_model.decoder.layers.11.mlp.experts.linear_fc1.weight58
[36m(WorkerDict pid=96394)[0m 	module.language_model.decoder.layers.12.mlp.experts.linear_fc2.weight19
[36m(WorkerDict pid=96394)[0m 	module.language_model.decoder.layers.13.mlp.experts.linear_fc2.weight44
[36m(WorkerDict pid=96394)[0m 	module.language_model.decoder.layers.18.mlp.experts.linear_fc2.weight2
[36m(WorkerDict pid=96394)[0m 	module.language_model.decoder.layers.19.mlp.experts.linear_fc2.weight28
[36m(WorkerDict pid=96394)[0m 	module.language_model.decoder.layers.17.mlp.experts.linear_fc1.weight41
[36m(WorkerDict pid=96394)[0m 	module.language_model.decoder.layers.16.mlp.experts.linear_fc1.weight16
[36m(WorkerDict pid=96394)[0m 	module.language_model.decoder.layers.10.mlp.experts.linear_fc1.weight31
[36m(WorkerDict pid=96394)[0m 	module.language_model.decoder.layers.9.mlp.experts.linear_fc1.weight6
[36m(WorkerDict pid=96394)[0m 	module.language_model.decoder.layers.7.mlp.experts.linear_fc2.weight61
[36m(WorkerDict pid=96394)[0m 	module.language_model.decoder.layers.0.mlp.experts.linear_fc1.weight59
[36m(WorkerDict pid=96394)[0m 	module.language_model.decoder.layers.0.mlp.experts.linear_fc2.weight12
[36m(WorkerDict pid=96394)[0m 	module.language_model.decoder.layers.14.mlp.experts.linear_fc1.weight48
[36m(WorkerDict pid=96394)[0m 	module.language_model.decoder.layers.13.mlp.experts.linear_fc1.weight22
[36m(WorkerDict pid=96394)[0m 	module.language_model.decoder.layers.19.mlp.experts.linear_fc1.weight7
[36m(WorkerDict pid=96394)[0m 	module.language_model.decoder.layers.17.mlp.experts.linear_fc2.weight61
[36m(WorkerDict pid=96394)[0m 	module.language_model.decoder.layers.16.mlp.experts.linear_fc2.weight36
[36m(WorkerDict pid=96394)[0m 	module.language_model.decoder.layers.15.mlp.experts.linear_fc2.weight11
[36m(WorkerDict pid=96394)[0m 	module.language_model.decoder.layers.10.mlp.experts.linear_fc2.weight51
[36m(WorkerDict pid=96394)[0m 	module.language_model.decoder.layers.9.mlp.experts.linear_fc2.weight26
[36m(WorkerDict pid=96394)[0m 	module.language_model.decoder.layers.8.mlp.experts.linear_fc2.weight1
[36m(WorkerDict pid=96394)[0m 	module.language_model.decoder.layers.7.mlp.experts.linear_fc1.weight40
[36m(WorkerDict pid=96394)[0m 	module.language_model.decoder.layers.5.mlp.experts.linear_fc1.weight15
[36m(WorkerDict pid=96394)[0m 	module.language_model.decoder.layers.3.mlp.experts.linear_fc1.weight18
[36m(WorkerDict pid=96394)[0m 	module.language_model.decoder.layers.0.mlp.experts.linear_fc2.weight29
[36m(WorkerDict pid=96394)[0m 	module.language_model.decoder.layers.3.mlp.experts.linear_fc1.weight35
[36m(WorkerDict pid=96394)[0m 	module.language_model.decoder.layers.5.mlp.experts.linear_fc1.weight32
[36m(WorkerDict pid=96394)[0m 	module.language_model.decoder.layers.0.mlp.experts.linear_fc2.weight46
[36m(WorkerDict pid=96394)[0m 	module.language_model.decoder.layers.3.mlp.experts.linear_fc1.weight52
[36m(WorkerDict pid=96394)[0m 	module.language_model.decoder.layers.5.mlp.experts.linear_fc1.weight49
[36m(WorkerDict pid=96394)[0m 	module.language_model.decoder.layers.0.mlp.experts.linear_fc2.weight63
[36m(WorkerDict pid=96394)[0m 	module.language_model.decoder.layers.3.mlp.experts.linear_fc2.weight5
[36m(WorkerDict pid=96394)[0m 	module.language_model.decoder.layers.5.mlp.experts.linear_fc2.weight2
[36m(WorkerDict pid=96394)[0m 	module.language_model.decoder.layers.11.mlp.experts.linear_fc1.weight59
[36m(WorkerDict pid=96394)[0m 	module.language_model.decoder.layers.12.mlp.experts.linear_fc2.weight20
[36m(WorkerDict pid=96394)[0m 	module.language_model.decoder.layers.19.mlp.experts.linear_fc2.weight29
[36m(WorkerDict pid=96394)[0m 	module.language_model.decoder.layers.18.mlp.experts.linear_fc2.weight3
[36m(WorkerDict pid=96394)[0m 	module.language_model.decoder.layers.17.mlp.experts.linear_fc1.weight42
[36m(WorkerDict pid=96394)[0m 	module.language_model.decoder.layers.16.mlp.experts.linear_fc1.weight17
[36m(WorkerDict pid=96394)[0m 	module.language_model.decoder.layers.13.mlp.experts.linear_fc2.weight45
[36m(WorkerDict pid=96394)[0m 	module.language_model.decoder.layers.10.mlp.experts.linear_fc1.weight32
[36m(WorkerDict pid=96394)[0m 	module.language_model.decoder.layers.9.mlp.experts.linear_fc1.weight7
[36m(WorkerDict pid=96394)[0m 	module.language_model.decoder.layers.7.mlp.experts.linear_fc2.weight62
[36m(WorkerDict pid=96394)[0m 	module.language_model.decoder.layers.3.mlp.experts.linear_fc2.weight22
[36m(WorkerDict pid=96394)[0m 	module.language_model.decoder.layers.5.mlp.experts.linear_fc2.weight19
[36m(WorkerDict pid=96394)[0m 	module.language_model.decoder.layers.1.mlp.experts.linear_fc1.weight16
[36m(WorkerDict pid=96394)[0m 	module.language_model.decoder.layers.10.mlp.experts.linear_fc2.weight52
[36m(WorkerDict pid=96394)[0m 	module.language_model.decoder.layers.19.mlp.experts.linear_fc1.weight8
[36m(WorkerDict pid=96394)[0m 	module.language_model.decoder.layers.17.mlp.experts.linear_fc2.weight62
[36m(WorkerDict pid=96394)[0m 	module.language_model.decoder.layers.16.mlp.experts.linear_fc2.weight37
[36m(WorkerDict pid=96394)[0m 	module.language_model.decoder.layers.15.mlp.experts.linear_fc2.weight12
[36m(WorkerDict pid=96394)[0m 	module.language_model.decoder.layers.14.mlp.experts.linear_fc1.weight49
[36m(WorkerDict pid=96394)[0m 	module.language_model.decoder.layers.13.mlp.experts.linear_fc1.weight23
[36m(WorkerDict pid=96394)[0m 	module.language_model.decoder.layers.9.mlp.experts.linear_fc2.weight27
[36m(WorkerDict pid=96394)[0m 	module.language_model.decoder.layers.8.mlp.experts.linear_fc2.weight2
[36m(WorkerDict pid=96394)[0m 	module.language_model.decoder.layers.7.mlp.experts.linear_fc1.weight41
[36m(WorkerDict pid=96394)[0m 	module.language_model.decoder.layers.5.mlp.experts.linear_fc2.weight36
[36m(WorkerDict pid=96394)[0m 	module.language_model.decoder.layers.1.mlp.experts.linear_fc1.weight33
[36m(WorkerDict pid=96394)[0m 	module.language_model.decoder.layers.5.mlp.experts.linear_fc2.weight53
[36m(WorkerDict pid=96394)[0m 	module.language_model.decoder.layers.13.mlp.experts.linear_fc2.weight46
[36m(WorkerDict pid=96394)[0m 	module.language_model.decoder.layers.11.mlp.experts.linear_fc1.weight60
[36m(WorkerDict pid=96394)[0m 	module.language_model.decoder.layers.19.mlp.experts.linear_fc2.weight30
[36m(WorkerDict pid=96394)[0m 	module.language_model.decoder.layers.18.mlp.experts.linear_fc2.weight4
[36m(WorkerDict pid=96394)[0m 	module.language_model.decoder.layers.17.mlp.experts.linear_fc1.weight43
[36m(WorkerDict pid=96394)[0m 	module.language_model.decoder.layers.16.mlp.experts.linear_fc1.weight18
[36m(WorkerDict pid=96394)[0m 	module.language_model.decoder.layers.12.mlp.experts.linear_fc2.weight21
[36m(WorkerDict pid=96394)[0m 	module.language_model.decoder.layers.10.mlp.experts.linear_fc1.weight33
[36m(WorkerDict pid=96394)[0m 	module.language_model.decoder.layers.9.mlp.experts.linear_fc1.weight8
[36m(WorkerDict pid=96394)[0m 	module.language_model.decoder.layers.7.mlp.experts.linear_fc2.weight63
[36m(WorkerDict pid=96394)[0m 	module.language_model.decoder.layers.3.mlp.experts.linear_fc2.weight29
[36m(WorkerDict pid=96394)[0m 	module.language_model.decoder.layers.1.mlp.experts.linear_fc1.weight41
[36m(WorkerDict pid=96394)[0m 	module.language_model.decoder.layers.3.mlp.experts.linear_fc2.weight46
[36m(WorkerDict pid=96394)[0m 	module.language_model.decoder.layers.1.mlp.experts.linear_fc1.weight58
[36m(WorkerDict pid=96394)[0m 	module.language_model.decoder.layers.14.mlp.experts.linear_fc1.weight50
[36m(WorkerDict pid=96394)[0m 	module.language_model.decoder.layers.13.mlp.experts.linear_fc1.weight24
[36m(WorkerDict pid=96394)[0m 	module.language_model.decoder.layers.10.mlp.experts.linear_fc2.weight53
[36m(WorkerDict pid=96394)[0m 	module.language_model.decoder.layers.12.mlp.experts.linear_fc1.weight1
[36m(WorkerDict pid=96394)[0m 	module.language_model.decoder.layers.17.mlp.experts.linear_fc2.weight63
[36m(WorkerDict pid=96394)[0m 	module.language_model.decoder.layers.19.mlp.experts.linear_fc1.weight9
[36m(WorkerDict pid=96394)[0m 	module.language_model.decoder.layers.16.mlp.experts.linear_fc2.weight38
[36m(WorkerDict pid=96394)[0m 	module.language_model.decoder.layers.15.mlp.experts.linear_fc2.weight13
[36m(WorkerDict pid=96394)[0m 	module.language_model.decoder.layers.9.mlp.experts.linear_fc2.weight28
[36m(WorkerDict pid=96394)[0m 	module.language_model.decoder.layers.8.mlp.experts.linear_fc2.weight3
[36m(WorkerDict pid=96394)[0m 	module.language_model.decoder.layers.3.mlp.experts.linear_fc2.weight63
[36m(WorkerDict pid=96394)[0m 	module.language_model.decoder.layers.1.mlp.experts.linear_fc2.weight11
[36m(WorkerDict pid=96394)[0m 	module.language_model.decoder.layers.4.mlp.experts.linear_fc1.weight1
[36m(WorkerDict pid=96394)[0m 	module.language_model.decoder.layers.1.mlp.experts.linear_fc2.weight28
[36m(WorkerDict pid=96394)[0m 	module.language_model.decoder.layers.4.mlp.experts.linear_fc1.weight17
[36m(WorkerDict pid=96394)[0m 	module.language_model.decoder.layers.6.mlp.experts.linear_fc1.weight13
[36m(WorkerDict pid=96394)[0m 	module.language_model.decoder.layers.1.mlp.experts.linear_fc2.weight45
[36m(WorkerDict pid=96394)[0m 	module.language_model.decoder.layers.12.mlp.experts.linear_fc2.weight22
[36m(WorkerDict pid=96394)[0m 	module.language_model.decoder.layers.11.mlp.experts.linear_fc1.weight61
[36m(WorkerDict pid=96394)[0m 	module.language_model.decoder.layers.18.mlp.experts.linear_fc2.weight5
[36m(WorkerDict pid=96394)[0m 	module.language_model.decoder.layers.19.mlp.experts.linear_fc2.weight31
[36m(WorkerDict pid=96394)[0m 	module.language_model.decoder.layers.17.mlp.experts.linear_fc1.weight44
[36m(WorkerDict pid=96394)[0m 	module.language_model.decoder.layers.16.mlp.experts.linear_fc1.weight19
[36m(WorkerDict pid=96394)[0m 	module.language_model.decoder.layers.13.mlp.experts.linear_fc2.weight47
[36m(WorkerDict pid=96394)[0m 	module.language_model.decoder.layers.10.mlp.experts.linear_fc1.weight34
[36m(WorkerDict pid=96394)[0m 	module.language_model.decoder.layers.9.mlp.experts.linear_fc1.weight9
[36m(WorkerDict pid=96394)[0m 	module.language_model.decoder.layers.6.mlp.experts.linear_fc2.weight37
[36m(WorkerDict pid=96394)[0m 	module.language_model.decoder.layers.4.mlp.experts.linear_fc1.weight34
[36m(WorkerDict pid=96394)[0m 	module.language_model.decoder.layers.1.mlp.experts.linear_fc2.weight62
[36m(WorkerDict pid=96394)[0m 	module.language_model.decoder.layers.4.mlp.experts.linear_fc1.weight51
[36m(WorkerDict pid=96394)[0m 	module.language_model.decoder.layers.6.mlp.experts.linear_fc1.weight47
[36m(WorkerDict pid=96394)[0m 	module.language_model.decoder.layers.13.mlp.experts.linear_fc1.weight25
[36m(WorkerDict pid=96394)[0m 	module.language_model.decoder.layers.14.mlp.experts.linear_fc1.weight51
[36m(WorkerDict pid=96394)[0m 	module.language_model.decoder.layers.10.mlp.experts.linear_fc2.weight54
[36m(WorkerDict pid=96394)[0m 	module.language_model.decoder.layers.19.mlp.experts.linear_fc1.weight10
[36m(WorkerDict pid=96394)[0m 	module.language_model.decoder.layers.16.mlp.experts.linear_fc2.weight39
[36m(WorkerDict pid=96394)[0m 	module.language_model.decoder.layers.15.mlp.experts.linear_fc2.weight14
[36m(WorkerDict pid=96394)[0m 	module.language_model.decoder.layers.9.mlp.experts.linear_fc2.weight29
[36m(WorkerDict pid=96394)[0m 	module.language_model.decoder.layers.8.mlp.experts.linear_fc2.weight4
[36m(WorkerDict pid=96394)[0m 	module.language_model.decoder.layers.7.mlp.experts.linear_fc1.weight43
[36m(WorkerDict pid=96394)[0m 	module.language_model.decoder.layers.6.mlp.experts.linear_fc1.weight16
[36m(WorkerDict pid=96394)[0m 	module.language_model.decoder.layers.4.mlp.experts.linear_fc2.weight4
[36m(WorkerDict pid=96394)[0m 	module.language_model.decoder.layers.6.mlp.experts.linear_fc2.weight0
[36m(WorkerDict pid=96394)[0m 	module.language_model.decoder.layers.2.mlp.experts.linear_fc1.weight16
[36m(WorkerDict pid=96394)[0m 	module.language_model.decoder.layers.0.mlp.experts.linear_fc1.weight0
[36m(WorkerDict pid=96394)[0m 	module.language_model.decoder.layers.4.mlp.experts.linear_fc2.weight21
[36m(WorkerDict pid=96394)[0m 	module.language_model.decoder.layers.2.mlp.experts.linear_fc1.weight33
[36m(WorkerDict pid=96394)[0m 	module.language_model.decoder.layers.4.mlp.experts.linear_fc2.weight38
[36m(WorkerDict pid=96394)[0m 	module.language_model.decoder.layers.6.mlp.experts.linear_fc2.weight34
[36m(WorkerDict pid=96394)[0m 	module.language_model.decoder.layers.2.mlp.experts.linear_fc1.weight50
[36m(WorkerDict pid=96394)[0m 	module.language_model.decoder.layers.19.mlp.experts.linear_fc2.weight32
[36m(WorkerDict pid=96394)[0m 	module.language_model.decoder.layers.18.mlp.experts.linear_fc2.weight6
[36m(WorkerDict pid=96394)[0m 	module.language_model.decoder.layers.17.mlp.experts.linear_fc1.weight45
[36m(WorkerDict pid=96394)[0m 	module.language_model.decoder.layers.16.mlp.experts.linear_fc1.weight20
[36m(WorkerDict pid=96394)[0m 	module.language_model.decoder.layers.11.mlp.experts.linear_fc1.weight62
[36m(WorkerDict pid=96394)[0m 	module.language_model.decoder.layers.12.mlp.experts.linear_fc2.weight23
[36m(WorkerDict pid=96394)[0m 	module.language_model.decoder.layers.13.mlp.experts.linear_fc2.weight48
[36m(WorkerDict pid=96394)[0m 	module.language_model.decoder.layers.10.mlp.experts.linear_fc1.weight35
[36m(WorkerDict pid=96394)[0m 	module.language_model.decoder.layers.9.mlp.experts.linear_fc1.weight10
[36m(WorkerDict pid=96394)[0m 	module.language_model.decoder.layers.6.mlp.experts.linear_fc2.weight51
[36m(WorkerDict pid=96394)[0m 	module.language_model.decoder.layers.19.mlp.experts.linear_fc1.weight11
[36m(WorkerDict pid=96394)[0m 	module.language_model.decoder.layers.16.mlp.experts.linear_fc2.weight40
[36m(WorkerDict pid=96394)[0m 	module.language_model.decoder.layers.15.mlp.experts.linear_fc2.weight15
[36m(WorkerDict pid=96394)[0m 	module.language_model.decoder.layers.12.mlp.experts.linear_fc1.weight0
[36m(WorkerDict pid=96394)[0m 	module.language_model.decoder.layers.10.mlp.experts.linear_fc2.weight55
[36m(WorkerDict pid=96394)[0m 	module.language_model.decoder.layers.14.mlp.experts.linear_fc1.weight52
[36m(WorkerDict pid=96394)[0m 	module.language_model.decoder.layers.13.mlp.experts.linear_fc1.weight26
[36m(WorkerDict pid=96394)[0m 	module.language_model.decoder.layers.13.mlp.experts.linear_fc2.weight20
[36m(WorkerDict pid=96394)[0m 	module.language_model.decoder.layers.9.mlp.experts.linear_fc2.weight30
[36m(WorkerDict pid=96394)[0m 	module.language_model.decoder.layers.8.mlp.experts.linear_fc2.weight5
[36m(WorkerDict pid=96394)[0m 	module.language_model.decoder.layers.2.mlp.experts.linear_fc2.weight12
[36m(WorkerDict pid=96394)[0m 	module.language_model.decoder.layers.2.mlp.experts.linear_fc2.weight29
[36m(WorkerDict pid=96394)[0m 	module.language_model.decoder.layers.0.mlp.experts.linear_fc1.weight26
[36m(WorkerDict pid=96394)[0m 	module.language_model.decoder.layers.2.mlp.experts.linear_fc2.weight46
[36m(WorkerDict pid=96394)[0m 	module.language_model.decoder.layers.0.mlp.experts.linear_fc1.weight43
[36m(WorkerDict pid=96394)[0m 	module.language_model.decoder.layers.19.mlp.experts.linear_fc2.weight33
[36m(WorkerDict pid=96394)[0m 	module.language_model.decoder.layers.18.mlp.experts.linear_fc2.weight7
[36m(WorkerDict pid=96394)[0m 	module.language_model.decoder.layers.17.mlp.experts.linear_fc1.weight46
[36m(WorkerDict pid=96394)[0m 	module.language_model.decoder.layers.16.mlp.experts.linear_fc1.weight21
[36m(WorkerDict pid=96394)[0m 	module.language_model.decoder.layers.11.mlp.experts.linear_fc1.weight63
[36m(WorkerDict pid=96394)[0m 	module.language_model.decoder.layers.12.mlp.experts.linear_fc2.weight24
[36m(WorkerDict pid=96394)[0m 	module.language_model.decoder.layers.13.mlp.experts.linear_fc2.weight49
[36m(WorkerDict pid=96394)[0m 	module.language_model.decoder.layers.10.mlp.experts.linear_fc1.weight36
[36m(WorkerDict pid=96394)[0m 	module.language_model.decoder.layers.9.mlp.experts.linear_fc1.weight11
[36m(WorkerDict pid=96394)[0m 	module.language_model.decoder.layers.8.mlp.experts.linear_fc1.weight3
[36m(WorkerDict pid=96394)[0m 	module.language_model.decoder.layers.4.mlp.experts.linear_fc2.weight62
[36m(WorkerDict pid=96394)[0m 	module.language_model.decoder.layers.0.mlp.experts.linear_fc1.weight60
[36m(WorkerDict pid=96394)[0m 	module.language_model.decoder.layers.3.mlp.experts.linear_fc1.weight0
[36m(WorkerDict pid=96394)[0m 	module.language_model.decoder.layers.0.mlp.experts.linear_fc2.weight13
[36m(WorkerDict pid=96394)[0m 	module.language_model.decoder.layers.19.mlp.experts.linear_fc1.weight12
[36m(WorkerDict pid=96394)[0m 	module.language_model.decoder.layers.18.mlp.experts.linear_fc1.weight3
[36m(WorkerDict pid=96394)[0m 	module.language_model.decoder.layers.16.mlp.experts.linear_fc2.weight41
[36m(WorkerDict pid=96394)[0m 	module.language_model.decoder.layers.12.mlp.experts.linear_fc1.weight2
[36m(WorkerDict pid=96394)[0m 	module.language_model.decoder.layers.10.mlp.experts.linear_fc2.weight56
[36m(WorkerDict pid=96394)[0m 	module.language_model.decoder.layers.15.mlp.experts.linear_fc2.weight16
[36m(WorkerDict pid=96394)[0m 	module.language_model.decoder.layers.14.mlp.experts.linear_fc1.weight53
[36m(WorkerDict pid=96394)[0m 	module.language_model.decoder.layers.13.mlp.experts.linear_fc1.weight27
[36m(WorkerDict pid=96394)[0m 	module.language_model.decoder.layers.9.mlp.experts.linear_fc2.weight31
[36m(WorkerDict pid=96394)[0m 	module.language_model.decoder.layers.8.mlp.experts.linear_fc2.weight6
[36m(WorkerDict pid=96394)[0m 	module.language_model.decoder.layers.5.mlp.experts.linear_fc1.weight16
[36m(WorkerDict pid=96394)[0m 	module.language_model.decoder.layers.3.mlp.experts.linear_fc1.weight19
[36m(WorkerDict pid=96394)[0m 	module.language_model.decoder.layers.0.mlp.experts.linear_fc2.weight30
[36m(WorkerDict pid=96394)[0m 	module.language_model.decoder.layers.3.mlp.experts.linear_fc1.weight36
[36m(WorkerDict pid=96394)[0m 	module.language_model.decoder.layers.5.mlp.experts.linear_fc1.weight33
[36m(WorkerDict pid=96394)[0m 	module.language_model.decoder.layers.0.mlp.experts.linear_fc2.weight47
[36m(WorkerDict pid=96394)[0m 	module.language_model.decoder.layers.3.mlp.experts.linear_fc1.weight53
[36m(WorkerDict pid=96394)[0m 	module.language_model.decoder.layers.5.mlp.experts.linear_fc1.weight50
[36m(WorkerDict pid=96394)[0m 	module.language_model.decoder.layers.3.mlp.experts.linear_fc2.weight6
[36m(WorkerDict pid=96394)[0m 	module.language_model.decoder.layers.19.mlp.experts.linear_fc2.weight34
[36m(WorkerDict pid=96394)[0m 	module.language_model.decoder.layers.18.mlp.experts.linear_fc2.weight8
[36m(WorkerDict pid=96394)[0m 	module.language_model.decoder.layers.17.mlp.experts.linear_fc1.weight47
[36m(WorkerDict pid=96394)[0m 	module.language_model.decoder.layers.16.mlp.experts.linear_fc1.weight22
[36m(WorkerDict pid=96394)[0m 	module.language_model.decoder.layers.13.mlp.experts.linear_fc2.weight50
[36m(WorkerDict pid=96394)[0m 	module.language_model.decoder.layers.11.mlp.experts.linear_fc2.weight0
[36m(WorkerDict pid=96394)[0m 	module.language_model.decoder.layers.12.mlp.experts.linear_fc2.weight25
[36m(WorkerDict pid=96394)[0m 	module.language_model.decoder.layers.10.mlp.experts.linear_fc1.weight37
[36m(WorkerDict pid=96394)[0m 	module.language_model.decoder.layers.9.mlp.experts.linear_fc1.weight12
[36m(WorkerDict pid=96394)[0m 	module.language_model.decoder.layers.6.mlp.experts.linear_fc2.weight40
[36m(WorkerDict pid=96394)[0m 	module.language_model.decoder.layers.1.mlp.experts.linear_fc1.weight1
[36m(WorkerDict pid=96394)[0m 	module.language_model.decoder.layers.3.mlp.experts.linear_fc2.weight23
[36m(WorkerDict pid=96394)[0m 	module.language_model.decoder.layers.5.mlp.experts.linear_fc2.weight20
[36m(WorkerDict pid=96394)[0m 	module.language_model.decoder.layers.1.mlp.experts.linear_fc1.weight17
[36m(WorkerDict pid=96394)[0m 	module.language_model.decoder.layers.19.mlp.experts.linear_fc1.weight13
[36m(WorkerDict pid=96394)[0m 	module.language_model.decoder.layers.16.mlp.experts.linear_fc2.weight42
[36m(WorkerDict pid=96394)[0m 	module.language_model.decoder.layers.15.mlp.experts.linear_fc2.weight17
[36m(WorkerDict pid=96394)[0m 	module.language_model.decoder.layers.14.mlp.experts.linear_fc1.weight54
[36m(WorkerDict pid=96394)[0m 	module.language_model.decoder.layers.13.mlp.experts.linear_fc1.weight28
[36m(WorkerDict pid=96394)[0m 	module.language_model.decoder.layers.10.mlp.experts.linear_fc2.weight57
[36m(WorkerDict pid=96394)[0m 	module.language_model.decoder.layers.12.mlp.experts.linear_fc1.weight4
[36m(WorkerDict pid=96394)[0m 	module.language_model.decoder.layers.9.mlp.experts.linear_fc2.weight32
[36m(WorkerDict pid=96394)[0m 	module.language_model.decoder.layers.8.mlp.experts.linear_fc2.weight7
[36m(WorkerDict pid=96394)[0m 	module.language_model.decoder.layers.7.mlp.experts.linear_fc1.weight46
[36m(WorkerDict pid=96394)[0m 	module.language_model.decoder.layers.5.mlp.experts.linear_fc2.weight37
[36m(WorkerDict pid=96394)[0m 	module.language_model.decoder.layers.1.mlp.experts.linear_fc1.weight34
[36m(WorkerDict pid=96394)[0m 	module.language_model.decoder.layers.5.mlp.experts.linear_fc2.weight54
[36m(WorkerDict pid=96394)[0m 	module.language_model.decoder.layers.19.mlp.experts.linear_fc2.weight35
[36m(WorkerDict pid=96394)[0m 	module.language_model.decoder.layers.18.mlp.experts.linear_fc2.weight9
[36m(WorkerDict pid=96394)[0m 	module.language_model.decoder.layers.17.mlp.experts.linear_fc1.weight48
[36m(WorkerDict pid=96394)[0m 	module.language_model.decoder.layers.16.mlp.experts.linear_fc1.weight23
[36m(WorkerDict pid=96394)[0m 	module.language_model.decoder.layers.13.mlp.experts.linear_fc2.weight51
[36m(WorkerDict pid=96394)[0m 	module.language_model.decoder.layers.12.mlp.experts.linear_fc2.weight26
[36m(WorkerDict pid=96394)[0m 	module.language_model.decoder.layers.11.mlp.experts.linear_fc2.weight1
[36m(WorkerDict pid=96394)[0m 	module.language_model.decoder.layers.10.mlp.experts.linear_fc1.weight38
[36m(WorkerDict pid=96394)[0m 	module.language_model.decoder.layers.9.mlp.experts.linear_fc1.weight13
[36m(WorkerDict pid=96394)[0m 	module.language_model.decoder.layers.6.mlp.experts.linear_fc2.weight41
[36m(WorkerDict pid=96394)[0m 	module.language_model.decoder.layers.3.mlp.experts.linear_fc2.weight30
[36m(WorkerDict pid=96394)[0m 	module.language_model.decoder.layers.1.mlp.experts.linear_fc1.weight42
[36m(WorkerDict pid=96394)[0m 	module.language_model.decoder.layers.4.mlp.experts.linear_fc1.weight10
[36m(WorkerDict pid=96394)[0m 	module.language_model.decoder.layers.3.mlp.experts.linear_fc2.weight47
[36m(WorkerDict pid=96394)[0m 	module.language_model.decoder.layers.12.mlp.experts.linear_fc1.weight5
[36m(WorkerDict pid=96394)[0m 	module.language_model.decoder.layers.19.mlp.experts.linear_fc1.weight14
[36m(WorkerDict pid=96394)[0m 	module.language_model.decoder.layers.16.mlp.experts.linear_fc2.weight43
[36m(WorkerDict pid=96394)[0m 	module.language_model.decoder.layers.15.mlp.experts.linear_fc2.weight18
[36m(WorkerDict pid=96394)[0m 	module.language_model.decoder.layers.14.mlp.experts.linear_fc1.weight55
[36m(WorkerDict pid=96394)[0m 	module.language_model.decoder.layers.13.mlp.experts.linear_fc1.weight29
[36m(WorkerDict pid=96394)[0m 	module.language_model.decoder.layers.10.mlp.experts.linear_fc2.weight58
[36m(WorkerDict pid=96394)[0m 	module.language_model.decoder.layers.9.mlp.experts.linear_fc2.weight33
[36m(WorkerDict pid=96394)[0m 	module.language_model.decoder.layers.8.mlp.experts.linear_fc2.weight8
[36m(WorkerDict pid=96394)[0m 	module.language_model.decoder.layers.7.mlp.experts.linear_fc1.weight47
[36m(WorkerDict pid=96394)[0m 	module.language_model.decoder.layers.1.mlp.experts.linear_fc2.weight12
[36m(WorkerDict pid=96394)[0m 	module.language_model.decoder.layers.1.mlp.experts.linear_fc2.weight29
[36m(WorkerDict pid=96394)[0m 	module.language_model.decoder.layers.4.mlp.experts.linear_fc1.weight18
[36m(WorkerDict pid=96394)[0m 	module.language_model.decoder.layers.6.mlp.experts.linear_fc1.weight14
[36m(WorkerDict pid=96394)[0m 	module.language_model.decoder.layers.1.mlp.experts.linear_fc2.weight46
[36m(WorkerDict pid=96394)[0m 	module.language_model.decoder.layers.18.mlp.experts.linear_fc2.weight10
[36m(WorkerDict pid=96394)[0m 	module.language_model.decoder.layers.19.mlp.experts.linear_fc2.weight36
[36m(WorkerDict pid=96394)[0m 	module.language_model.decoder.layers.17.mlp.experts.linear_fc1.weight49
[36m(WorkerDict pid=96394)[0m 	module.language_model.decoder.layers.16.mlp.experts.linear_fc1.weight24
[36m(WorkerDict pid=96394)[0m 	module.language_model.decoder.layers.12.mlp.experts.linear_fc2.weight27
[36m(WorkerDict pid=96394)[0m 	module.language_model.decoder.layers.13.mlp.experts.linear_fc2.weight52
[36m(WorkerDict pid=96394)[0m 	module.language_model.decoder.layers.11.mlp.experts.linear_fc2.weight2
[36m(WorkerDict pid=96394)[0m 	module.language_model.decoder.layers.10.mlp.experts.linear_fc1.weight39
[36m(WorkerDict pid=96394)[0m 	module.language_model.decoder.layers.9.mlp.experts.linear_fc1.weight14
[36m(WorkerDict pid=96394)[0m 	module.language_model.decoder.layers.6.mlp.experts.linear_fc2.weight42
[36m(WorkerDict pid=96394)[0m 	module.language_model.decoder.layers.4.mlp.experts.linear_fc1.weight35
[36m(WorkerDict pid=96394)[0m 	module.language_model.decoder.layers.6.mlp.experts.linear_fc1.weight31
[36m(WorkerDict pid=96394)[0m 	module.language_model.decoder.layers.1.mlp.experts.linear_fc2.weight63
[36m(WorkerDict pid=96394)[0m 	module.language_model.decoder.layers.4.mlp.experts.linear_fc1.weight52
[36m(WorkerDict pid=96394)[0m 	module.language_model.decoder.layers.6.mlp.experts.linear_fc1.weight48
[36m(WorkerDict pid=96394)[0m 	module.language_model.decoder.layers.19.mlp.experts.linear_fc1.weight15
[36m(WorkerDict pid=96394)[0m 	module.language_model.decoder.layers.16.mlp.experts.linear_fc2.weight44
[36m(WorkerDict pid=96394)[0m 	module.language_model.decoder.layers.15.mlp.experts.linear_fc2.weight19
[36m(WorkerDict pid=96394)[0m 	module.language_model.decoder.layers.12.mlp.experts.linear_fc1.weight6
[36m(WorkerDict pid=96394)[0m 	module.language_model.decoder.layers.14.mlp.experts.linear_fc1.weight56
[36m(WorkerDict pid=96394)[0m 	module.language_model.decoder.layers.13.mlp.experts.linear_fc1.weight30
[36m(WorkerDict pid=96394)[0m 	module.language_model.decoder.layers.10.mlp.experts.linear_fc2.weight59
[36m(WorkerDict pid=96394)[0m 	module.language_model.decoder.layers.9.mlp.experts.linear_fc2.weight34
[36m(WorkerDict pid=96394)[0m 	module.language_model.decoder.layers.8.mlp.experts.linear_fc2.weight9
[36m(WorkerDict pid=96394)[0m 	module.language_model.decoder.layers.7.mlp.experts.linear_fc1.weight48
[36m(WorkerDict pid=96394)[0m 	module.language_model.decoder.layers.4.mlp.experts.linear_fc2.weight5
[36m(WorkerDict pid=96394)[0m 	module.language_model.decoder.layers.6.mlp.experts.linear_fc2.weight1
[36m(WorkerDict pid=96394)[0m 	module.language_model.decoder.layers.2.mlp.experts.linear_fc1.weight17
[36m(WorkerDict pid=96394)[0m 	module.language_model.decoder.layers.0.mlp.experts.linear_fc1.weight2
[36m(WorkerDict pid=96394)[0m 	module.language_model.decoder.layers.4.mlp.experts.linear_fc2.weight22
[36m(WorkerDict pid=96394)[0m 	module.language_model.decoder.layers.6.mlp.experts.linear_fc2.weight18
[36m(WorkerDict pid=96394)[0m 	module.language_model.decoder.layers.2.mlp.experts.linear_fc1.weight34
[36m(WorkerDict pid=96394)[0m 	module.language_model.decoder.layers.4.mlp.experts.linear_fc2.weight39
[36m(WorkerDict pid=96394)[0m 	module.language_model.decoder.layers.6.mlp.experts.linear_fc2.weight35
[36m(WorkerDict pid=96394)[0m 	module.language_model.decoder.layers.2.mlp.experts.linear_fc1.weight51
[36m(WorkerDict pid=96394)[0m 	module.language_model.decoder.layers.11.mlp.experts.linear_fc2.weight3
[36m(WorkerDict pid=96394)[0m 	module.language_model.decoder.layers.18.mlp.experts.linear_fc2.weight11
[36m(WorkerDict pid=96394)[0m 	module.language_model.decoder.layers.19.mlp.experts.linear_fc2.weight37
[36m(WorkerDict pid=96394)[0m 	module.language_model.decoder.layers.17.mlp.experts.linear_fc1.weight50
[36m(WorkerDict pid=96394)[0m 	module.language_model.decoder.layers.16.mlp.experts.linear_fc1.weight25
[36m(WorkerDict pid=96394)[0m 	module.language_model.decoder.layers.15.mlp.experts.linear_fc1.weight1
[36m(WorkerDict pid=96394)[0m 	module.language_model.decoder.layers.12.mlp.experts.linear_fc2.weight28
[36m(WorkerDict pid=96394)[0m 	module.language_model.decoder.layers.13.mlp.experts.linear_fc2.weight53
[36m(WorkerDict pid=96394)[0m 	module.language_model.decoder.layers.10.mlp.experts.linear_fc1.weight40
[36m(WorkerDict pid=96394)[0m 	module.language_model.decoder.layers.9.mlp.experts.linear_fc1.weight15
[36m(WorkerDict pid=96394)[0m 	module.language_model.decoder.layers.6.mlp.experts.linear_fc2.weight52
[36m(WorkerDict pid=96394)[0m 	module.language_model.decoder.layers.10.mlp.experts.linear_fc2.weight60
[36m(WorkerDict pid=96394)[0m 	module.language_model.decoder.layers.19.mlp.experts.linear_fc1.weight16
[36m(WorkerDict pid=96394)[0m 	module.language_model.decoder.layers.16.mlp.experts.linear_fc2.weight45
[36m(WorkerDict pid=96394)[0m 	module.language_model.decoder.layers.15.mlp.experts.linear_fc2.weight20
[36m(WorkerDict pid=96394)[0m 	module.language_model.decoder.layers.12.mlp.experts.linear_fc1.weight7
[36m(WorkerDict pid=96394)[0m 	module.language_model.decoder.layers.14.mlp.experts.linear_fc1.weight57
[36m(WorkerDict pid=96394)[0m 	module.language_model.decoder.layers.13.mlp.experts.linear_fc1.weight31
[36m(WorkerDict pid=96394)[0m 	module.language_model.decoder.layers.9.mlp.experts.linear_fc2.weight35
[36m(WorkerDict pid=96394)[0m 	module.language_model.decoder.layers.8.mlp.experts.linear_fc2.weight10
[36m(WorkerDict pid=96394)[0m 	module.language_model.decoder.layers.7.mlp.experts.linear_fc1.weight49
[36m(WorkerDict pid=96394)[0m 	module.language_model.decoder.layers.2.mlp.experts.linear_fc2.weight13
[36m(WorkerDict pid=96394)[0m 	module.language_model.decoder.layers.2.mlp.experts.linear_fc2.weight30
[36m(WorkerDict pid=96394)[0m 	module.language_model.decoder.layers.0.mlp.experts.linear_fc1.weight27
[36m(WorkerDict pid=96394)[0m 	module.language_model.decoder.layers.2.mlp.experts.linear_fc2.weight47
[36m(WorkerDict pid=96394)[0m 	module.language_model.decoder.layers.0.mlp.experts.linear_fc1.weight44
[36m(WorkerDict pid=96394)[0m 	module.language_model.decoder.layers.13.mlp.experts.linear_fc2.weight54
[36m(WorkerDict pid=96394)[0m 	module.language_model.decoder.layers.19.mlp.experts.linear_fc2.weight38
[36m(WorkerDict pid=96394)[0m 	module.language_model.decoder.layers.18.mlp.experts.linear_fc2.weight12
[36m(WorkerDict pid=96394)[0m 	module.language_model.decoder.layers.17.mlp.experts.linear_fc1.weight51
[36m(WorkerDict pid=96394)[0m 	module.language_model.decoder.layers.16.mlp.experts.linear_fc1.weight26
[36m(WorkerDict pid=96394)[0m 	module.language_model.decoder.layers.11.mlp.experts.linear_fc2.weight4
[36m(WorkerDict pid=96394)[0m 	module.language_model.decoder.layers.12.mlp.experts.linear_fc2.weight29
[36m(WorkerDict pid=96394)[0m 	module.language_model.decoder.layers.10.mlp.experts.linear_fc1.weight41
[36m(WorkerDict pid=96394)[0m 	module.language_model.decoder.layers.9.mlp.experts.linear_fc1.weight16
[36m(WorkerDict pid=96394)[0m 	module.language_model.decoder.layers.6.mlp.experts.linear_fc2.weight44
[36m(WorkerDict pid=96394)[0m 	module.language_model.decoder.layers.4.mlp.experts.linear_fc2.weight63
[36m(WorkerDict pid=96394)[0m 	module.language_model.decoder.layers.0.mlp.experts.linear_fc1.weight61
[36m(WorkerDict pid=96394)[0m 	module.language_model.decoder.layers.3.mlp.experts.linear_fc1.weight2
[36m(WorkerDict pid=96394)[0m 	module.language_model.decoder.layers.5.mlp.experts.linear_fc1.weight1
[36m(WorkerDict pid=96394)[0m 	module.language_model.decoder.layers.14.mlp.experts.linear_fc1.weight58
[36m(WorkerDict pid=96394)[0m 	module.language_model.decoder.layers.13.mlp.experts.linear_fc1.weight32
[36m(WorkerDict pid=96394)[0m 	module.language_model.decoder.layers.19.mlp.experts.linear_fc1.weight17
[36m(WorkerDict pid=96394)[0m 	module.language_model.decoder.layers.16.mlp.experts.linear_fc2.weight46
[36m(WorkerDict pid=96394)[0m 	module.language_model.decoder.layers.15.mlp.experts.linear_fc2.weight21
[36m(WorkerDict pid=96394)[0m 	module.language_model.decoder.layers.10.mlp.experts.linear_fc2.weight61
[36m(WorkerDict pid=96394)[0m 	module.language_model.decoder.layers.12.mlp.experts.linear_fc1.weight8
[36m(WorkerDict pid=96394)[0m 	module.language_model.decoder.layers.9.mlp.experts.linear_fc2.weight36
[36m(WorkerDict pid=96394)[0m 	module.language_model.decoder.layers.8.mlp.experts.linear_fc2.weight11
[36m(WorkerDict pid=96394)[0m 	module.language_model.decoder.layers.7.mlp.experts.linear_fc1.weight50
[36m(WorkerDict pid=96394)[0m 	module.language_model.decoder.layers.5.mlp.experts.linear_fc1.weight17
[36m(WorkerDict pid=96394)[0m 	module.language_model.decoder.layers.3.mlp.experts.linear_fc1.weight20
[36m(WorkerDict pid=96394)[0m 	module.language_model.decoder.layers.0.mlp.experts.linear_fc2.weight31
[36m(WorkerDict pid=96394)[0m 	module.language_model.decoder.layers.3.mlp.experts.linear_fc1.weight37
[36m(WorkerDict pid=96394)[0m 	module.language_model.decoder.layers.5.mlp.experts.linear_fc1.weight34
[36m(WorkerDict pid=96394)[0m 	module.language_model.decoder.layers.0.mlp.experts.linear_fc2.weight48
[36m(WorkerDict pid=96394)[0m 	module.language_model.decoder.layers.3.mlp.experts.linear_fc1.weight54
[36m(WorkerDict pid=96394)[0m 	module.language_model.decoder.layers.5.mlp.experts.linear_fc1.weight51
[36m(WorkerDict pid=96394)[0m 	module.language_model.decoder.layers.12.mlp.experts.linear_fc2.weight30
[36m(WorkerDict pid=96394)[0m 	module.language_model.decoder.layers.19.mlp.experts.linear_fc2.weight39
[36m(WorkerDict pid=96394)[0m 	module.language_model.decoder.layers.18.mlp.experts.linear_fc2.weight13
[36m(WorkerDict pid=96394)[0m 	module.language_model.decoder.layers.17.mlp.experts.linear_fc1.weight52
[36m(WorkerDict pid=96394)[0m 	module.language_model.decoder.layers.16.mlp.experts.linear_fc1.weight27
[36m(WorkerDict pid=96394)[0m 	module.language_model.decoder.layers.15.mlp.experts.linear_fc1.weight0
[36m(WorkerDict pid=96394)[0m 	module.language_model.decoder.layers.13.mlp.experts.linear_fc2.weight55
[36m(WorkerDict pid=96394)[0m 	module.language_model.decoder.layers.11.mlp.experts.linear_fc2.weight5
[36m(WorkerDict pid=96394)[0m 	module.language_model.decoder.layers.10.mlp.experts.linear_fc1.weight42
[36m(WorkerDict pid=96394)[0m 	module.language_model.decoder.layers.9.mlp.experts.linear_fc1.weight17
[36m(WorkerDict pid=96394)[0m 	module.language_model.decoder.layers.5.mlp.experts.linear_fc2.weight4
[36m(WorkerDict pid=96394)[0m 	module.language_model.decoder.layers.3.mlp.experts.linear_fc2.weight7
[36m(WorkerDict pid=96394)[0m 	module.language_model.decoder.layers.3.mlp.experts.linear_fc2.weight24
[36m(WorkerDict pid=96394)[0m 	module.language_model.decoder.layers.5.mlp.experts.linear_fc2.weight21
[36m(WorkerDict pid=96394)[0m 	module.language_model.decoder.layers.1.mlp.experts.linear_fc1.weight18
[36m(WorkerDict pid=96394)[0m 	module.language_model.decoder.layers.12.mlp.experts.linear_fc1.weight9
[36m(WorkerDict pid=96394)[0m 	module.language_model.decoder.layers.14.mlp.experts.linear_fc1.weight59
[36m(WorkerDict pid=96394)[0m 	module.language_model.decoder.layers.13.mlp.experts.linear_fc1.weight33
[36m(WorkerDict pid=96394)[0m 	module.language_model.decoder.layers.19.mlp.experts.linear_fc1.weight18
[36m(WorkerDict pid=96394)[0m 	module.language_model.decoder.layers.16.mlp.experts.linear_fc2.weight47
[36m(WorkerDict pid=96394)[0m 	module.language_model.decoder.layers.15.mlp.experts.linear_fc2.weight22
[36m(WorkerDict pid=96394)[0m 	module.language_model.decoder.layers.10.mlp.experts.linear_fc2.weight62
[36m(WorkerDict pid=96394)[0m 	module.language_model.decoder.layers.9.mlp.experts.linear_fc2.weight37
[36m(WorkerDict pid=96394)[0m 	module.language_model.decoder.layers.8.mlp.experts.linear_fc2.weight12
[36m(WorkerDict pid=96394)[0m 	module.language_model.decoder.layers.7.mlp.experts.linear_fc1.weight51
[36m(WorkerDict pid=96394)[0m 	module.language_model.decoder.layers.5.mlp.experts.linear_fc2.weight38
[36m(WorkerDict pid=96394)[0m 	module.language_model.decoder.layers.1.mlp.experts.linear_fc1.weight35
[36m(WorkerDict pid=96394)[0m 	module.language_model.decoder.layers.12.mlp.experts.linear_fc2.weight31
[36m(WorkerDict pid=96394)[0m 	module.language_model.decoder.layers.18.mlp.experts.linear_fc2.weight14
[36m(WorkerDict pid=96394)[0m 	module.language_model.decoder.layers.19.mlp.experts.linear_fc2.weight40
[36m(WorkerDict pid=96394)[0m 	module.language_model.decoder.layers.17.mlp.experts.linear_fc1.weight53
[36m(WorkerDict pid=96394)[0m 	module.language_model.decoder.layers.16.mlp.experts.linear_fc1.weight28
[36m(WorkerDict pid=96394)[0m 	module.language_model.decoder.layers.15.mlp.experts.linear_fc1.weight2
[36m(WorkerDict pid=96394)[0m 	module.language_model.decoder.layers.13.mlp.experts.linear_fc2.weight56
[36m(WorkerDict pid=96394)[0m 	module.language_model.decoder.layers.11.mlp.experts.linear_fc2.weight6
[36m(WorkerDict pid=96394)[0m 	module.language_model.decoder.layers.10.mlp.experts.linear_fc1.weight43
[36m(WorkerDict pid=96394)[0m 	module.language_model.decoder.layers.9.mlp.experts.linear_fc1.weight18
[36m(WorkerDict pid=96394)[0m 	module.language_model.decoder.layers.3.mlp.experts.linear_fc2.weight31
[36m(WorkerDict pid=96394)[0m 	module.language_model.decoder.layers.1.mlp.experts.linear_fc1.weight43
[36m(WorkerDict pid=96394)[0m 	module.language_model.decoder.layers.12.mlp.experts.linear_fc1.weight10
[36m(WorkerDict pid=96394)[0m 	module.language_model.decoder.layers.19.mlp.experts.linear_fc1.weight19
[36m(WorkerDict pid=96394)[0m 	module.language_model.decoder.layers.16.mlp.experts.linear_fc2.weight48
[36m(WorkerDict pid=96394)[0m 	module.language_model.decoder.layers.15.mlp.experts.linear_fc2.weight23
[36m(WorkerDict pid=96394)[0m 	module.language_model.decoder.layers.14.mlp.experts.linear_fc1.weight60
[36m(WorkerDict pid=96394)[0m 	module.language_model.decoder.layers.13.mlp.experts.linear_fc1.weight34
[36m(WorkerDict pid=96394)[0m 	module.language_model.decoder.layers.10.mlp.experts.linear_fc2.weight63
[36m(WorkerDict pid=96394)[0m 	module.language_model.decoder.layers.9.mlp.experts.linear_fc2.weight38
[36m(WorkerDict pid=96394)[0m 	module.language_model.decoder.layers.8.mlp.experts.linear_fc2.weight13
[36m(WorkerDict pid=96394)[0m 	module.language_model.decoder.layers.7.mlp.experts.linear_fc1.weight52
[36m(WorkerDict pid=96394)[0m 	module.language_model.decoder.layers.3.mlp.experts.linear_fc2.weight48
[36m(WorkerDict pid=96394)[0m 	module.language_model.decoder.layers.1.mlp.experts.linear_fc1.weight60
[36m(WorkerDict pid=96394)[0m 	module.language_model.decoder.layers.1.mlp.experts.linear_fc2.weight13
[36m(WorkerDict pid=96394)[0m 	module.language_model.decoder.layers.4.mlp.experts.linear_fc1.weight0
[36m(WorkerDict pid=96394)[0m 	module.language_model.decoder.layers.1.mlp.experts.linear_fc2.weight30
[36m(WorkerDict pid=96394)[0m 	module.language_model.decoder.layers.4.mlp.experts.linear_fc1.weight19
[36m(WorkerDict pid=96394)[0m 	module.language_model.decoder.layers.6.mlp.experts.linear_fc1.weight15
[36m(WorkerDict pid=96394)[0m 	module.language_model.decoder.layers.1.mlp.experts.linear_fc2.weight47
[36m(WorkerDict pid=96394)[0m 	module.language_model.decoder.layers.11.mlp.experts.linear_fc2.weight7
[36m(WorkerDict pid=96394)[0m 	module.language_model.decoder.layers.18.mlp.experts.linear_fc2.weight15
[36m(WorkerDict pid=96394)[0m 	module.language_model.decoder.layers.19.mlp.experts.linear_fc2.weight41
[36m(WorkerDict pid=96394)[0m 	module.language_model.decoder.layers.17.mlp.experts.linear_fc1.weight54
[36m(WorkerDict pid=96394)[0m 	module.language_model.decoder.layers.16.mlp.experts.linear_fc1.weight29
[36m(WorkerDict pid=96394)[0m 	module.language_model.decoder.layers.15.mlp.experts.linear_fc1.weight4
[36m(WorkerDict pid=96394)[0m 	module.language_model.decoder.layers.12.mlp.experts.linear_fc2.weight32
[36m(WorkerDict pid=96394)[0m 	module.language_model.decoder.layers.13.mlp.experts.linear_fc2.weight57
[36m(WorkerDict pid=96394)[0m 	module.language_model.decoder.layers.10.mlp.experts.linear_fc1.weight44
[36m(WorkerDict pid=96394)[0m 	module.language_model.decoder.layers.9.mlp.experts.linear_fc1.weight19
[36m(WorkerDict pid=96394)[0m 	module.language_model.decoder.layers.4.mlp.experts.linear_fc1.weight36
[36m(WorkerDict pid=96394)[0m 	module.language_model.decoder.layers.6.mlp.experts.linear_fc1.weight32
[36m(WorkerDict pid=96394)[0m 	module.language_model.decoder.layers.19.mlp.experts.linear_fc1.weight20
[36m(WorkerDict pid=96394)[0m 	module.language_model.decoder.layers.16.mlp.experts.linear_fc2.weight49
[36m(WorkerDict pid=96394)[0m 	module.language_model.decoder.layers.15.mlp.experts.linear_fc2.weight24
[36m(WorkerDict pid=96394)[0m 	module.language_model.decoder.layers.12.mlp.experts.linear_fc1.weight11
[36m(WorkerDict pid=96394)[0m 	module.language_model.decoder.layers.14.mlp.experts.linear_fc1.weight61
[36m(WorkerDict pid=96394)[0m 	module.language_model.decoder.layers.13.mlp.experts.linear_fc1.weight35
[36m(WorkerDict pid=96394)[0m 	module.language_model.decoder.layers.9.mlp.experts.linear_fc2.weight39
[36m(WorkerDict pid=96394)[0m 	module.language_model.decoder.layers.8.mlp.experts.linear_fc2.weight14
[36m(WorkerDict pid=96394)[0m 	module.language_model.decoder.layers.7.mlp.experts.linear_fc1.weight53
[36m(WorkerDict pid=96394)[0m 	module.language_model.decoder.layers.6.mlp.experts.linear_fc1.weight49
[36m(WorkerDict pid=96394)[0m 	module.language_model.decoder.layers.4.mlp.experts.linear_fc1.weight53
[36m(WorkerDict pid=96394)[0m 	module.language_model.decoder.layers.4.mlp.experts.linear_fc2.weight6
[36m(WorkerDict pid=96394)[0m 	module.language_model.decoder.layers.2.mlp.experts.linear_fc1.weight18
[36m(WorkerDict pid=96394)[0m 	module.language_model.decoder.layers.0.mlp.experts.linear_fc1.weight4
[36m(WorkerDict pid=96394)[0m 	module.language_model.decoder.layers.4.mlp.experts.linear_fc2.weight23
[36m(WorkerDict pid=96394)[0m 	module.language_model.decoder.layers.2.mlp.experts.linear_fc1.weight35
[36m(WorkerDict pid=96394)[0m 	module.language_model.decoder.layers.4.mlp.experts.linear_fc2.weight40
[36m(WorkerDict pid=96394)[0m 	module.language_model.decoder.layers.6.mlp.experts.linear_fc2.weight36
[36m(WorkerDict pid=96394)[0m 	module.language_model.decoder.layers.2.mlp.experts.linear_fc1.weight52
[36m(WorkerDict pid=96394)[0m 	module.language_model.decoder.layers.13.mlp.experts.linear_fc2.weight58
[36m(WorkerDict pid=96394)[0m 	module.language_model.decoder.layers.11.mlp.experts.linear_fc2.weight8
[36m(WorkerDict pid=96394)[0m 	module.language_model.decoder.layers.18.mlp.experts.linear_fc2.weight16
[36m(WorkerDict pid=96394)[0m 	module.language_model.decoder.layers.19.mlp.experts.linear_fc2.weight42
[36m(WorkerDict pid=96394)[0m 	module.language_model.decoder.layers.17.mlp.experts.linear_fc1.weight55
[36m(WorkerDict pid=96394)[0m 	module.language_model.decoder.layers.16.mlp.experts.linear_fc1.weight30
[36m(WorkerDict pid=96394)[0m 	module.language_model.decoder.layers.15.mlp.experts.linear_fc1.weight5
[36m(WorkerDict pid=96394)[0m 	module.language_model.decoder.layers.12.mlp.experts.linear_fc2.weight33
[36m(WorkerDict pid=96394)[0m 	module.language_model.decoder.layers.10.mlp.experts.linear_fc1.weight45
[36m(WorkerDict pid=96394)[0m 	module.language_model.decoder.layers.9.mlp.experts.linear_fc1.weight20
[36m(WorkerDict pid=96394)[0m 	module.language_model.decoder.layers.6.mlp.experts.linear_fc2.weight53
[36m(WorkerDict pid=96394)[0m 	module.language_model.decoder.layers.14.mlp.experts.linear_fc1.weight62
[36m(WorkerDict pid=96394)[0m 	module.language_model.decoder.layers.13.mlp.experts.linear_fc1.weight36
[36m(WorkerDict pid=96394)[0m 	module.language_model.decoder.layers.19.mlp.experts.linear_fc1.weight21
[36m(WorkerDict pid=96394)[0m 	module.language_model.decoder.layers.16.mlp.experts.linear_fc2.weight50
[36m(WorkerDict pid=96394)[0m 	module.language_model.decoder.layers.15.mlp.experts.linear_fc2.weight25
[36m(WorkerDict pid=96394)[0m 	module.language_model.decoder.layers.12.mlp.experts.linear_fc1.weight12
[36m(WorkerDict pid=96394)[0m 	module.language_model.decoder.layers.9.mlp.experts.linear_fc2.weight40
[36m(WorkerDict pid=96394)[0m 	module.language_model.decoder.layers.8.mlp.experts.linear_fc2.weight15
[36m(WorkerDict pid=96394)[0m 	module.language_model.decoder.layers.7.mlp.experts.linear_fc1.weight54
[36m(WorkerDict pid=96394)[0m 	module.language_model.decoder.layers.6.mlp.experts.linear_fc1.weight27
[36m(WorkerDict pid=96394)[0m 	module.language_model.decoder.layers.2.mlp.experts.linear_fc2.weight14
[36m(WorkerDict pid=96394)[0m 	module.language_model.decoder.layers.2.mlp.experts.linear_fc2.weight31
[36m(WorkerDict pid=96394)[0m 	module.language_model.decoder.layers.0.mlp.experts.linear_fc1.weight28
[36m(WorkerDict pid=96394)[0m 	module.language_model.decoder.layers.2.mlp.experts.linear_fc2.weight48
[36m(WorkerDict pid=96394)[0m 	module.language_model.decoder.layers.0.mlp.experts.linear_fc1.weight45
[36m(WorkerDict pid=96394)[0m 	module.language_model.decoder.layers.12.mlp.experts.linear_fc2.weight34
[36m(WorkerDict pid=96394)[0m 	module.language_model.decoder.layers.13.mlp.experts.linear_fc2.weight59
[36m(WorkerDict pid=96394)[0m 	module.language_model.decoder.layers.19.mlp.experts.linear_fc2.weight43
[36m(WorkerDict pid=96394)[0m 	module.language_model.decoder.layers.18.mlp.experts.linear_fc2.weight17
[36m(WorkerDict pid=96394)[0m 	module.language_model.decoder.layers.17.mlp.experts.linear_fc1.weight56
[36m(WorkerDict pid=96394)[0m 	module.language_model.decoder.layers.16.mlp.experts.linear_fc1.weight31
[36m(WorkerDict pid=96394)[0m 	module.language_model.decoder.layers.15.mlp.experts.linear_fc1.weight6
[36m(WorkerDict pid=96394)[0m 	module.language_model.decoder.layers.11.mlp.experts.linear_fc2.weight9
[36m(WorkerDict pid=96394)[0m 	module.language_model.decoder.layers.10.mlp.experts.linear_fc1.weight46
[36m(WorkerDict pid=96394)[0m 	module.language_model.decoder.layers.9.mlp.experts.linear_fc1.weight21
[36m(WorkerDict pid=96394)[0m 	module.language_model.decoder.layers.0.mlp.experts.linear_fc1.weight62
[36m(WorkerDict pid=96394)[0m 	module.language_model.decoder.layers.6.mlp.experts.linear_fc2.weight27
[36m(WorkerDict pid=96394)[0m 	module.language_model.decoder.layers.3.mlp.experts.linear_fc1.weight4
[36m(WorkerDict pid=96394)[0m 	module.language_model.decoder.layers.14.mlp.experts.linear_fc1.weight63
[36m(WorkerDict pid=96394)[0m 	module.language_model.decoder.layers.13.mlp.experts.linear_fc1.weight37
[36m(WorkerDict pid=96394)[0m 	module.language_model.decoder.layers.11.mlp.experts.linear_fc1.weight3
[36m(WorkerDict pid=96394)[0m 	module.language_model.decoder.layers.19.mlp.experts.linear_fc1.weight22
[36m(WorkerDict pid=96394)[0m 	module.language_model.decoder.layers.16.mlp.experts.linear_fc2.weight51
[36m(WorkerDict pid=96394)[0m 	module.language_model.decoder.layers.15.mlp.experts.linear_fc2.weight26
[36m(WorkerDict pid=96394)[0m 	module.language_model.decoder.layers.12.mlp.experts.linear_fc1.weight13
[36m(WorkerDict pid=96394)[0m 	module.language_model.decoder.layers.9.mlp.experts.linear_fc2.weight41
[36m(WorkerDict pid=96394)[0m 	module.language_model.decoder.layers.8.mlp.experts.linear_fc2.weight16
[36m(WorkerDict pid=96394)[0m 	module.language_model.decoder.layers.7.mlp.experts.linear_fc1.weight55
[36m(WorkerDict pid=96394)[0m 	module.language_model.decoder.layers.0.mlp.experts.linear_fc2.weight15
[36m(WorkerDict pid=96394)[0m 	module.language_model.decoder.layers.3.mlp.experts.linear_fc1.weight21
[36m(WorkerDict pid=96394)[0m 	module.language_model.decoder.layers.5.mlp.experts.linear_fc1.weight18
[36m(WorkerDict pid=96394)[0m 	module.language_model.decoder.layers.0.mlp.experts.linear_fc2.weight32
[36m(WorkerDict pid=96394)[0m 	module.language_model.decoder.layers.3.mlp.experts.linear_fc1.weight38
[36m(WorkerDict pid=96394)[0m 	module.language_model.decoder.layers.5.mlp.experts.linear_fc1.weight35
[36m(WorkerDict pid=96394)[0m 	module.language_model.decoder.layers.0.mlp.experts.linear_fc2.weight49
[36m(WorkerDict pid=96394)[0m 	module.language_model.decoder.layers.3.mlp.experts.linear_fc1.weight55
[36m(WorkerDict pid=96394)[0m 	module.language_model.decoder.layers.5.mlp.experts.linear_fc1.weight52
[36m(WorkerDict pid=96394)[0m 	module.language_model.decoder.layers.1.mlp.experts.linear_fc1.weight3
[36m(WorkerDict pid=96394)[0m 	module.language_model.decoder.layers.12.mlp.experts.linear_fc2.weight35
[36m(WorkerDict pid=96394)[0m 	module.language_model.decoder.layers.18.mlp.experts.linear_fc2.weight18
[36m(WorkerDict pid=96394)[0m 	module.language_model.decoder.layers.19.mlp.experts.linear_fc2.weight44
[36m(WorkerDict pid=96394)[0m 	module.language_model.decoder.layers.17.mlp.experts.linear_fc1.weight57
[36m(WorkerDict pid=96394)[0m 	module.language_model.decoder.layers.16.mlp.experts.linear_fc1.weight32
[36m(WorkerDict pid=96394)[0m 	module.language_model.decoder.layers.15.mlp.experts.linear_fc1.weight7
[36m(WorkerDict pid=96394)[0m 	module.language_model.decoder.layers.13.mlp.experts.linear_fc2.weight60
[36m(WorkerDict pid=96394)[0m 	module.language_model.decoder.layers.11.mlp.experts.linear_fc2.weight10
[36m(WorkerDict pid=96394)[0m 	module.language_model.decoder.layers.10.mlp.experts.linear_fc1.weight47
[36m(WorkerDict pid=96394)[0m 	module.language_model.decoder.layers.9.mlp.experts.linear_fc1.weight22
[36m(WorkerDict pid=96394)[0m 	module.language_model.decoder.layers.5.mlp.experts.linear_fc2.weight5
[36m(WorkerDict pid=96394)[0m 	module.language_model.decoder.layers.3.mlp.experts.linear_fc2.weight8
[36m(WorkerDict pid=96394)[0m 	module.language_model.decoder.layers.1.mlp.experts.linear_fc1.weight0
[36m(WorkerDict pid=96394)[0m 	module.language_model.decoder.layers.3.mlp.experts.linear_fc2.weight25
[36m(WorkerDict pid=96394)[0m 	module.language_model.decoder.layers.5.mlp.experts.linear_fc2.weight22
[36m(WorkerDict pid=96394)[0m 	module.language_model.decoder.layers.12.mlp.experts.linear_fc1.weight14
[36m(WorkerDict pid=96394)[0m 	module.language_model.decoder.layers.14.mlp.experts.linear_fc2.weight0
[36m(WorkerDict pid=96394)[0m 	module.language_model.decoder.layers.13.mlp.experts.linear_fc1.weight38
[36m(WorkerDict pid=96394)[0m 	module.language_model.decoder.layers.19.mlp.experts.linear_fc1.weight23
[36m(WorkerDict pid=96394)[0m 	module.language_model.decoder.layers.16.mlp.experts.linear_fc2.weight52
[36m(WorkerDict pid=96394)[0m 	module.language_model.decoder.layers.15.mlp.experts.linear_fc2.weight27
[36m(WorkerDict pid=96394)[0m 	module.language_model.decoder.layers.9.mlp.experts.linear_fc2.weight42
[36m(WorkerDict pid=96394)[0m 	module.language_model.decoder.layers.8.mlp.experts.linear_fc2.weight17
[36m(WorkerDict pid=96394)[0m 	module.language_model.decoder.layers.7.mlp.experts.linear_fc1.weight56
[36m(WorkerDict pid=96394)[0m 	module.language_model.decoder.layers.6.mlp.experts.linear_fc1.weight29
[36m(WorkerDict pid=96394)[0m 	module.language_model.decoder.layers.1.mlp.experts.linear_fc1.weight19
[36m(WorkerDict pid=96394)[0m 	module.language_model.decoder.layers.5.mlp.experts.linear_fc2.weight39
[36m(WorkerDict pid=96394)[0m 	module.language_model.decoder.layers.1.mlp.experts.linear_fc1.weight36
[36m(WorkerDict pid=96394)[0m 	module.language_model.decoder.layers.5.mlp.experts.linear_fc2.weight56
[36m(WorkerDict pid=96394)[0m 	module.language_model.decoder.layers.11.mlp.experts.linear_fc2.weight11
[36m(WorkerDict pid=96394)[0m 	module.language_model.decoder.layers.12.mlp.experts.linear_fc2.weight36
[36m(WorkerDict pid=96394)[0m 	module.language_model.decoder.layers.18.mlp.experts.linear_fc2.weight19
[36m(WorkerDict pid=96394)[0m 	module.language_model.decoder.layers.19.mlp.experts.linear_fc2.weight45
[36m(WorkerDict pid=96394)[0m 	module.language_model.decoder.layers.17.mlp.experts.linear_fc1.weight58
[36m(WorkerDict pid=96394)[0m 	module.language_model.decoder.layers.16.mlp.experts.linear_fc1.weight33
[36m(WorkerDict pid=96394)[0m 	module.language_model.decoder.layers.15.mlp.experts.linear_fc1.weight8
[36m(WorkerDict pid=96394)[0m 	module.language_model.decoder.layers.13.mlp.experts.linear_fc2.weight61
[36m(WorkerDict pid=96394)[0m 	module.language_model.decoder.layers.10.mlp.experts.linear_fc1.weight48
[36m(WorkerDict pid=96394)[0m 	module.language_model.decoder.layers.9.mlp.experts.linear_fc1.weight23
[36m(WorkerDict pid=96394)[0m 	module.language_model.decoder.layers.3.mlp.experts.linear_fc2.weight32
[36m(WorkerDict pid=96394)[0m 	module.language_model.decoder.layers.1.mlp.experts.linear_fc1.weight44
[36m(WorkerDict pid=96394)[0m 	module.language_model.decoder.layers.12.mlp.experts.linear_fc1.weight15
[36m(WorkerDict pid=96394)[0m 	module.language_model.decoder.layers.19.mlp.experts.linear_fc1.weight24
[36m(WorkerDict pid=96394)[0m 	module.language_model.decoder.layers.16.mlp.experts.linear_fc2.weight53
[36m(WorkerDict pid=96394)[0m 	module.language_model.decoder.layers.15.mlp.experts.linear_fc2.weight28
[36m(WorkerDict pid=96394)[0m 	module.language_model.decoder.layers.14.mlp.experts.linear_fc2.weight1
[36m(WorkerDict pid=96394)[0m 	module.language_model.decoder.layers.13.mlp.experts.linear_fc1.weight39
[36m(WorkerDict pid=96394)[0m 	module.language_model.decoder.layers.9.mlp.experts.linear_fc2.weight43
[36m(WorkerDict pid=96394)[0m 	module.language_model.decoder.layers.8.mlp.experts.linear_fc2.weight18
[36m(WorkerDict pid=96394)[0m 	module.language_model.decoder.layers.7.mlp.experts.linear_fc1.weight57
[36m(WorkerDict pid=96394)[0m 	module.language_model.decoder.layers.6.mlp.experts.linear_fc1.weight30
[36m(WorkerDict pid=96394)[0m 	module.language_model.decoder.layers.3.mlp.experts.linear_fc2.weight49
[36m(WorkerDict pid=96394)[0m 	module.language_model.decoder.layers.1.mlp.experts.linear_fc1.weight61
[36m(WorkerDict pid=96394)[0m 	module.language_model.decoder.layers.4.mlp.experts.linear_fc1.weight3
[36m(WorkerDict pid=96394)[0m 	module.language_model.decoder.layers.1.mlp.experts.linear_fc2.weight14
[36m(WorkerDict pid=96394)[0m 	module.language_model.decoder.layers.4.mlp.experts.linear_fc1.weight2
[36m(WorkerDict pid=96394)[0m 	module.language_model.decoder.layers.1.mlp.experts.linear_fc2.weight31
[36m(WorkerDict pid=96394)[0m 	module.language_model.decoder.layers.4.mlp.experts.linear_fc1.weight20
[36m(WorkerDict pid=96394)[0m 	module.language_model.decoder.layers.1.mlp.experts.linear_fc2.weight48
[36m(WorkerDict pid=96394)[0m 	module.language_model.decoder.layers.11.mlp.experts.linear_fc2.weight12
[36m(WorkerDict pid=96394)[0m 	module.language_model.decoder.layers.19.mlp.experts.linear_fc2.weight46
[36m(WorkerDict pid=96394)[0m 	module.language_model.decoder.layers.18.mlp.experts.linear_fc2.weight20
[36m(WorkerDict pid=96394)[0m 	module.language_model.decoder.layers.17.mlp.experts.linear_fc1.weight59
[36m(WorkerDict pid=96394)[0m 	module.language_model.decoder.layers.16.mlp.experts.linear_fc1.weight34
[36m(WorkerDict pid=96394)[0m 	module.language_model.decoder.layers.15.mlp.experts.linear_fc1.weight9
[36m(WorkerDict pid=96394)[0m 	module.language_model.decoder.layers.12.mlp.experts.linear_fc2.weight37
[36m(WorkerDict pid=96394)[0m 	module.language_model.decoder.layers.13.mlp.experts.linear_fc2.weight62
[36m(WorkerDict pid=96394)[0m 	module.language_model.decoder.layers.10.mlp.experts.linear_fc1.weight49
[36m(WorkerDict pid=96394)[0m 	module.language_model.decoder.layers.9.mlp.experts.linear_fc1.weight24
[36m(WorkerDict pid=96394)[0m 	module.language_model.decoder.layers.4.mlp.experts.linear_fc1.weight37
[36m(WorkerDict pid=96394)[0m 	module.language_model.decoder.layers.19.mlp.experts.linear_fc1.weight25
[36m(WorkerDict pid=96394)[0m 	module.language_model.decoder.layers.16.mlp.experts.linear_fc2.weight54
[36m(WorkerDict pid=96394)[0m 	module.language_model.decoder.layers.15.mlp.experts.linear_fc2.weight29
[36m(WorkerDict pid=96394)[0m 	module.language_model.decoder.layers.12.mlp.experts.linear_fc1.weight16
[36m(WorkerDict pid=96394)[0m 	module.language_model.decoder.layers.14.mlp.experts.linear_fc2.weight2
[36m(WorkerDict pid=96394)[0m 	module.language_model.decoder.layers.13.mlp.experts.linear_fc1.weight40
[36m(WorkerDict pid=96394)[0m 	module.language_model.decoder.layers.9.mlp.experts.linear_fc2.weight44
[36m(WorkerDict pid=96394)[0m 	module.language_model.decoder.layers.8.mlp.experts.linear_fc2.weight19
[36m(WorkerDict pid=96394)[0m 	module.language_model.decoder.layers.7.mlp.experts.linear_fc1.weight58
[36m(WorkerDict pid=96394)[0m 	module.language_model.decoder.layers.6.mlp.experts.linear_fc1.weight50
[36m(WorkerDict pid=96394)[0m 	module.language_model.decoder.layers.4.mlp.experts.linear_fc1.weight54
[36m(WorkerDict pid=96394)[0m 	module.language_model.decoder.layers.2.mlp.experts.linear_fc1.weight0
[36m(WorkerDict pid=96394)[0m 	module.language_model.decoder.layers.4.mlp.experts.linear_fc2.weight7
[36m(WorkerDict pid=96394)[0m 	module.language_model.decoder.layers.6.mlp.experts.linear_fc2.weight3
[36m(WorkerDict pid=96394)[0m 	module.language_model.decoder.layers.2.mlp.experts.linear_fc1.weight19
[36m(WorkerDict pid=96394)[0m 	module.language_model.decoder.layers.0.mlp.experts.linear_fc1.weight5
[36m(WorkerDict pid=96394)[0m 	module.language_model.decoder.layers.4.mlp.experts.linear_fc2.weight24
[36m(WorkerDict pid=96394)[0m 	module.language_model.decoder.layers.6.mlp.experts.linear_fc2.weight20
[36m(WorkerDict pid=96394)[0m 	module.language_model.decoder.layers.2.mlp.experts.linear_fc1.weight36
[36m(WorkerDict pid=96394)[0m 	module.language_model.decoder.layers.4.mlp.experts.linear_fc2.weight41
[36m(WorkerDict pid=96394)[0m 	module.language_model.decoder.layers.2.mlp.experts.linear_fc1.weight53
[36m(WorkerDict pid=96394)[0m 	module.language_model.decoder.layers.13.mlp.experts.linear_fc2.weight63
[36m(WorkerDict pid=96394)[0m 	module.language_model.decoder.layers.11.mlp.experts.linear_fc2.weight13
[36m(WorkerDict pid=96394)[0m 	module.language_model.decoder.layers.19.mlp.experts.linear_fc2.weight47
[36m(WorkerDict pid=96394)[0m 	module.language_model.decoder.layers.18.mlp.experts.linear_fc2.weight21
[36m(WorkerDict pid=96394)[0m 	module.language_model.decoder.layers.17.mlp.experts.linear_fc1.weight60
[36m(WorkerDict pid=96394)[0m 	module.language_model.decoder.layers.16.mlp.experts.linear_fc1.weight35
[36m(WorkerDict pid=96394)[0m 	module.language_model.decoder.layers.15.mlp.experts.linear_fc1.weight10
[36m(WorkerDict pid=96394)[0m 	module.language_model.decoder.layers.12.mlp.experts.linear_fc2.weight38
[36m(WorkerDict pid=96394)[0m 	module.language_model.decoder.layers.10.mlp.experts.linear_fc1.weight50
[36m(WorkerDict pid=96394)[0m 	module.language_model.decoder.layers.9.mlp.experts.linear_fc1.weight25
[36m(WorkerDict pid=96394)[0m 	module.language_model.decoder.layers.2.mlp.experts.linear_fc1.weight12
[36m(WorkerDict pid=96394)[0m 	module.language_model.decoder.layers.14.mlp.experts.linear_fc2.weight3
[36m(WorkerDict pid=96394)[0m 	module.language_model.decoder.layers.13.mlp.experts.linear_fc1.weight41
[36m(WorkerDict pid=96394)[0m 	module.language_model.decoder.layers.18.mlp.experts.linear_fc1.weight1
[36m(WorkerDict pid=96394)[0m 	module.language_model.decoder.layers.19.mlp.experts.linear_fc1.weight26
[36m(WorkerDict pid=96394)[0m 	module.language_model.decoder.layers.16.mlp.experts.linear_fc2.weight55
[36m(WorkerDict pid=96394)[0m 	module.language_model.decoder.layers.15.mlp.experts.linear_fc2.weight30
[36m(WorkerDict pid=96394)[0m 	module.language_model.decoder.layers.12.mlp.experts.linear_fc1.weight17
[36m(WorkerDict pid=96394)[0m 	module.language_model.decoder.layers.9.mlp.experts.linear_fc2.weight45
[36m(WorkerDict pid=96394)[0m 	module.language_model.decoder.layers.8.mlp.experts.linear_fc2.weight20
[36m(WorkerDict pid=96394)[0m 	module.language_model.decoder.layers.7.mlp.experts.linear_fc1.weight59
[36m(WorkerDict pid=96394)[0m 	module.language_model.decoder.layers.2.mlp.experts.linear_fc2.weight15
[36m(WorkerDict pid=96394)[0m 	module.language_model.decoder.layers.2.mlp.experts.linear_fc2.weight32
[36m(WorkerDict pid=96394)[0m 	module.language_model.decoder.layers.0.mlp.experts.linear_fc1.weight29
[36m(WorkerDict pid=96394)[0m 	module.language_model.decoder.layers.2.mlp.experts.linear_fc2.weight49
[36m(WorkerDict pid=96394)[0m 	module.language_model.decoder.layers.12.mlp.experts.linear_fc2.weight39
[36m(WorkerDict pid=96394)[0m 	module.language_model.decoder.layers.11.mlp.experts.linear_fc2.weight14
[36m(WorkerDict pid=96394)[0m 	module.language_model.decoder.layers.19.mlp.experts.linear_fc2.weight48
[36m(WorkerDict pid=96394)[0m 	module.language_model.decoder.layers.18.mlp.experts.linear_fc2.weight22
[36m(WorkerDict pid=96394)[0m 	module.language_model.decoder.layers.17.mlp.experts.linear_fc1.weight61
[36m(WorkerDict pid=96394)[0m 	module.language_model.decoder.layers.16.mlp.experts.linear_fc1.weight36
[36m(WorkerDict pid=96394)[0m 	module.language_model.decoder.layers.15.mlp.experts.linear_fc1.weight11
[36m(WorkerDict pid=96394)[0m 	module.language_model.decoder.layers.10.mlp.experts.linear_fc1.weight51
[36m(WorkerDict pid=96394)[0m 	module.language_model.decoder.layers.9.mlp.experts.linear_fc1.weight26
[36m(WorkerDict pid=96394)[0m 	module.language_model.decoder.layers.6.mlp.experts.linear_fc2.weight54
[36m(WorkerDict pid=96394)[0m 	module.language_model.decoder.layers.3.mlp.experts.linear_fc1.weight3
[36m(WorkerDict pid=96394)[0m 	module.language_model.decoder.layers.0.mlp.experts.linear_fc1.weight63
[36m(WorkerDict pid=96394)[0m 	module.language_model.decoder.layers.3.mlp.experts.linear_fc1.weight5
[36m(WorkerDict pid=96394)[0m 	module.language_model.decoder.layers.5.mlp.experts.linear_fc1.weight0
[36m(WorkerDict pid=96394)[0m 	module.language_model.decoder.layers.12.mlp.experts.linear_fc1.weight18
[36m(WorkerDict pid=96394)[0m 	module.language_model.decoder.layers.14.mlp.experts.linear_fc2.weight4
[36m(WorkerDict pid=96394)[0m 	module.language_model.decoder.layers.13.mlp.experts.linear_fc1.weight42
[36m(WorkerDict pid=96394)[0m 	module.language_model.decoder.layers.19.mlp.experts.linear_fc1.weight27
[36m(WorkerDict pid=96394)[0m 	module.language_model.decoder.layers.16.mlp.experts.linear_fc2.weight56
[36m(WorkerDict pid=96394)[0m 	module.language_model.decoder.layers.15.mlp.experts.linear_fc2.weight31
[36m(WorkerDict pid=96394)[0m 	module.language_model.decoder.layers.9.mlp.experts.linear_fc2.weight46
[36m(WorkerDict pid=96394)[0m 	module.language_model.decoder.layers.8.mlp.experts.linear_fc2.weight21
[36m(WorkerDict pid=96394)[0m 	module.language_model.decoder.layers.7.mlp.experts.linear_fc1.weight60
[36m(WorkerDict pid=96394)[0m 	module.language_model.decoder.layers.6.mlp.experts.linear_fc1.weight33
[36m(WorkerDict pid=96394)[0m 	module.language_model.decoder.layers.0.mlp.experts.linear_fc2.weight16
[36m(WorkerDict pid=96394)[0m 	module.language_model.decoder.layers.3.mlp.experts.linear_fc1.weight22
[36m(WorkerDict pid=96394)[0m 	module.language_model.decoder.layers.5.mlp.experts.linear_fc1.weight19
[36m(WorkerDict pid=96394)[0m 	module.language_model.decoder.layers.0.mlp.experts.linear_fc2.weight33
[36m(WorkerDict pid=96394)[0m 	module.language_model.decoder.layers.3.mlp.experts.linear_fc1.weight39
[36m(WorkerDict pid=96394)[0m 	module.language_model.decoder.layers.5.mlp.experts.linear_fc1.weight36
[36m(WorkerDict pid=96394)[0m 	module.language_model.decoder.layers.0.mlp.experts.linear_fc2.weight50
[36m(WorkerDict pid=96394)[0m 	module.language_model.decoder.layers.3.mlp.experts.linear_fc1.weight56
[36m(WorkerDict pid=96394)[0m 	module.language_model.decoder.layers.5.mlp.experts.linear_fc1.weight53
[36m(WorkerDict pid=96394)[0m 	module.language_model.decoder.layers.10.mlp.experts.linear_fc1.weight52
[36m(WorkerDict pid=96394)[0m 	module.language_model.decoder.layers.12.mlp.experts.linear_fc2.weight40
[36m(WorkerDict pid=96394)[0m 	module.language_model.decoder.layers.19.mlp.experts.linear_fc2.weight49
[36m(WorkerDict pid=96394)[0m 	module.language_model.decoder.layers.18.mlp.experts.linear_fc2.weight23
[36m(WorkerDict pid=96394)[0m 	module.language_model.decoder.layers.17.mlp.experts.linear_fc1.weight62
[36m(WorkerDict pid=96394)[0m 	module.language_model.decoder.layers.16.mlp.experts.linear_fc1.weight37
[36m(WorkerDict pid=96394)[0m 	module.language_model.decoder.layers.15.mlp.experts.linear_fc1.weight12
[36m(WorkerDict pid=96394)[0m 	module.language_model.decoder.layers.11.mlp.experts.linear_fc2.weight15
[36m(WorkerDict pid=96394)[0m 	module.language_model.decoder.layers.9.mlp.experts.linear_fc1.weight27
[36m(WorkerDict pid=96394)[0m 	module.language_model.decoder.layers.8.mlp.experts.linear_fc1.weight0
[36m(WorkerDict pid=96394)[0m 	module.language_model.decoder.layers.5.mlp.experts.linear_fc2.weight6
[36m(WorkerDict pid=96394)[0m 	module.language_model.decoder.layers.3.mlp.experts.linear_fc2.weight9
[36m(WorkerDict pid=96394)[0m 	module.language_model.decoder.layers.1.mlp.experts.linear_fc1.weight2
[36m(WorkerDict pid=96394)[0m 	module.language_model.decoder.layers.3.mlp.experts.linear_fc2.weight26
[36m(WorkerDict pid=96394)[0m 	module.language_model.decoder.layers.5.mlp.experts.linear_fc2.weight23
[36m(WorkerDict pid=96394)[0m 	module.language_model.decoder.layers.12.mlp.experts.linear_fc1.weight19
[36m(WorkerDict pid=96394)[0m 	module.language_model.decoder.layers.14.mlp.experts.linear_fc2.weight5
[36m(WorkerDict pid=96394)[0m 	module.language_model.decoder.layers.13.mlp.experts.linear_fc1.weight43
[36m(WorkerDict pid=96394)[0m 	module.language_model.decoder.layers.19.mlp.experts.linear_fc1.weight28
[36m(WorkerDict pid=96394)[0m 	module.language_model.decoder.layers.18.mlp.experts.linear_fc1.weight0
[36m(WorkerDict pid=96394)[0m 	module.language_model.decoder.layers.16.mlp.experts.linear_fc2.weight57
[36m(WorkerDict pid=96394)[0m 	module.language_model.decoder.layers.15.mlp.experts.linear_fc2.weight32
[36m(WorkerDict pid=96394)[0m 	module.language_model.decoder.layers.9.mlp.experts.linear_fc2.weight47
[36m(WorkerDict pid=96394)[0m 	module.language_model.decoder.layers.8.mlp.experts.linear_fc2.weight22
[36m(WorkerDict pid=96394)[0m 	module.language_model.decoder.layers.7.mlp.experts.linear_fc2.weight3
[36m(WorkerDict pid=96394)[0m 	module.language_model.decoder.layers.1.mlp.experts.linear_fc1.weight20
[36m(WorkerDict pid=96394)[0m 	module.language_model.decoder.layers.5.mlp.experts.linear_fc2.weight40
[36m(WorkerDict pid=96394)[0m 	module.language_model.decoder.layers.1.mlp.experts.linear_fc1.weight37
[36m(WorkerDict pid=96394)[0m 	module.language_model.decoder.layers.5.mlp.experts.linear_fc2.weight57
[36m(WorkerDict pid=96394)[0m 	module.language_model.decoder.layers.11.mlp.experts.linear_fc2.weight16
[36m(WorkerDict pid=96394)[0m 	module.language_model.decoder.layers.10.mlp.experts.linear_fc1.weight53
[36m(WorkerDict pid=96394)[0m 	module.language_model.decoder.layers.12.mlp.experts.linear_fc2.weight41
[36m(WorkerDict pid=96394)[0m 	module.language_model.decoder.layers.19.mlp.experts.linear_fc2.weight50
[36m(WorkerDict pid=96394)[0m 	module.language_model.decoder.layers.18.mlp.experts.linear_fc2.weight24
[36m(WorkerDict pid=96394)[0m 	module.language_model.decoder.layers.17.mlp.experts.linear_fc1.weight63
[36m(WorkerDict pid=96394)[0m 	module.language_model.decoder.layers.16.mlp.experts.linear_fc1.weight38
[36m(WorkerDict pid=96394)[0m 	module.language_model.decoder.layers.15.mlp.experts.linear_fc1.weight13
[36m(WorkerDict pid=96394)[0m 	module.language_model.decoder.layers.14.mlp.experts.linear_fc1.weight3
[36m(WorkerDict pid=96394)[0m 	module.language_model.decoder.layers.9.mlp.experts.linear_fc1.weight28
[36m(WorkerDict pid=96394)[0m 	module.language_model.decoder.layers.3.mlp.experts.linear_fc2.weight33
[36m(WorkerDict pid=96394)[0m 	module.language_model.decoder.layers.1.mlp.experts.linear_fc1.weight45
[36m(WorkerDict pid=96394)[0m 	module.language_model.decoder.layers.12.mlp.experts.linear_fc1.weight20
[36m(WorkerDict pid=96394)[0m 	module.language_model.decoder.layers.19.mlp.experts.linear_fc1.weight29
[36m(WorkerDict pid=96394)[0m 	module.language_model.decoder.layers.18.mlp.experts.linear_fc1.weight2
[36m(WorkerDict pid=96394)[0m 	module.language_model.decoder.layers.16.mlp.experts.linear_fc2.weight58
[36m(WorkerDict pid=96394)[0m 	module.language_model.decoder.layers.15.mlp.experts.linear_fc2.weight33
[36m(WorkerDict pid=96394)[0m 	module.language_model.decoder.layers.14.mlp.experts.linear_fc2.weight6
[36m(WorkerDict pid=96394)[0m 	module.language_model.decoder.layers.13.mlp.experts.linear_fc1.weight44
[36m(WorkerDict pid=96394)[0m 	module.language_model.decoder.layers.9.mlp.experts.linear_fc2.weight48
[36m(WorkerDict pid=96394)[0m 	module.language_model.decoder.layers.8.mlp.experts.linear_fc2.weight23
[36m(WorkerDict pid=96394)[0m 	module.language_model.decoder.layers.7.mlp.experts.linear_fc1.weight62
[36m(WorkerDict pid=96394)[0m 	module.language_model.decoder.layers.3.mlp.experts.linear_fc2.weight50
[36m(WorkerDict pid=96394)[0m 	module.language_model.decoder.layers.1.mlp.experts.linear_fc1.weight62
[36m(WorkerDict pid=96394)[0m 	module.language_model.decoder.layers.1.mlp.experts.linear_fc2.weight15
[36m(WorkerDict pid=96394)[0m 	module.language_model.decoder.layers.4.mlp.experts.linear_fc1.weight4
[36m(WorkerDict pid=96394)[0m 	module.language_model.decoder.layers.1.mlp.experts.linear_fc2.weight32
[36m(WorkerDict pid=96394)[0m 	module.language_model.decoder.layers.11.mlp.experts.linear_fc2.weight17
[36m(WorkerDict pid=96394)[0m 	module.language_model.decoder.layers.10.mlp.experts.linear_fc1.weight54
[36m(WorkerDict pid=96394)[0m 	module.language_model.decoder.layers.19.mlp.experts.linear_fc2.weight51
[36m(WorkerDict pid=96394)[0m 	module.language_model.decoder.layers.18.mlp.experts.linear_fc2.weight25
[36m(WorkerDict pid=96394)[0m 	module.language_model.decoder.layers.17.mlp.experts.linear_fc2.weight0
[36m(WorkerDict pid=96394)[0m 	module.language_model.decoder.layers.16.mlp.experts.linear_fc1.weight39
[36m(WorkerDict pid=96394)[0m 	module.language_model.decoder.layers.15.mlp.experts.linear_fc1.weight14
[36m(WorkerDict pid=96394)[0m 	module.language_model.decoder.layers.12.mlp.experts.linear_fc2.weight42
[36m(WorkerDict pid=96394)[0m 	module.language_model.decoder.layers.9.mlp.experts.linear_fc1.weight29
[36m(WorkerDict pid=96394)[0m 	module.language_model.decoder.layers.8.mlp.experts.linear_fc1.weight4
[36m(WorkerDict pid=96394)[0m 	module.language_model.decoder.layers.6.mlp.experts.linear_fc1.weight17
[36m(WorkerDict pid=96394)[0m 	module.language_model.decoder.layers.4.mlp.experts.linear_fc1.weight38
[36m(WorkerDict pid=96394)[0m 	module.language_model.decoder.layers.6.mlp.experts.linear_fc1.weight34
[36m(WorkerDict pid=96394)[0m 	module.language_model.decoder.layers.2.mlp.experts.linear_fc1.weight3
[36m(WorkerDict pid=96394)[0m 	module.language_model.decoder.layers.14.mlp.experts.linear_fc2.weight7
[36m(WorkerDict pid=96394)[0m 	module.language_model.decoder.layers.13.mlp.experts.linear_fc1.weight45
[36m(WorkerDict pid=96394)[0m 	module.language_model.decoder.layers.12.mlp.experts.linear_fc1.weight21
[36m(WorkerDict pid=96394)[0m 	module.language_model.decoder.layers.18.mlp.experts.linear_fc1.weight4
[36m(WorkerDict pid=96394)[0m 	module.language_model.decoder.layers.19.mlp.experts.linear_fc1.weight30
[36m(WorkerDict pid=96394)[0m 	module.language_model.decoder.layers.16.mlp.experts.linear_fc2.weight59
[36m(WorkerDict pid=96394)[0m 	module.language_model.decoder.layers.15.mlp.experts.linear_fc2.weight34
[36m(WorkerDict pid=96394)[0m 	module.language_model.decoder.layers.9.mlp.experts.linear_fc2.weight49
[36m(WorkerDict pid=96394)[0m 	module.language_model.decoder.layers.8.mlp.experts.linear_fc2.weight24
[36m(WorkerDict pid=96394)[0m 	module.language_model.decoder.layers.7.mlp.experts.linear_fc1.weight63
[36m(WorkerDict pid=96394)[0m 	module.language_model.decoder.layers.4.mlp.experts.linear_fc1.weight55
[36m(WorkerDict pid=96394)[0m 	module.language_model.decoder.layers.2.mlp.experts.linear_fc1.weight2
[36m(WorkerDict pid=96394)[0m 	module.language_model.decoder.layers.4.mlp.experts.linear_fc2.weight8
[36m(WorkerDict pid=96394)[0m 	module.language_model.decoder.layers.6.mlp.experts.linear_fc2.weight4
[36m(WorkerDict pid=96394)[0m 	module.language_model.decoder.layers.2.mlp.experts.linear_fc1.weight20
[36m(WorkerDict pid=96394)[0m 	module.language_model.decoder.layers.0.mlp.experts.linear_fc1.weight6
[36m(WorkerDict pid=96394)[0m 	module.language_model.decoder.layers.4.mlp.experts.linear_fc2.weight25
[36m(WorkerDict pid=96394)[0m 	module.language_model.decoder.layers.6.mlp.experts.linear_fc2.weight21
[36m(WorkerDict pid=96394)[0m 	module.language_model.decoder.layers.2.mlp.experts.linear_fc1.weight37
[36m(WorkerDict pid=96394)[0m 	module.language_model.decoder.layers.12.mlp.experts.linear_fc2.weight43
[36m(WorkerDict pid=96394)[0m 	module.language_model.decoder.layers.11.mlp.experts.linear_fc2.weight18
[36m(WorkerDict pid=96394)[0m 	module.language_model.decoder.layers.10.mlp.experts.linear_fc1.weight55
[36m(WorkerDict pid=96394)[0m 	module.language_model.decoder.layers.18.mlp.experts.linear_fc2.weight26
[36m(WorkerDict pid=96394)[0m 	module.language_model.decoder.layers.19.mlp.experts.linear_fc2.weight52
[36m(WorkerDict pid=96394)[0m 	module.language_model.decoder.layers.17.mlp.experts.linear_fc2.weight1
[36m(WorkerDict pid=96394)[0m 	module.language_model.decoder.layers.16.mlp.experts.linear_fc1.weight40
[36m(WorkerDict pid=96394)[0m 	module.language_model.decoder.layers.15.mlp.experts.linear_fc1.weight15
[36m(WorkerDict pid=96394)[0m 	module.language_model.decoder.layers.9.mlp.experts.linear_fc1.weight30
[36m(WorkerDict pid=96394)[0m 	module.language_model.decoder.layers.8.mlp.experts.linear_fc1.weight5
[36m(WorkerDict pid=96394)[0m 	module.language_model.decoder.layers.6.mlp.experts.linear_fc2.weight38
[36m(WorkerDict pid=96394)[0m 	module.language_model.decoder.layers.6.mlp.experts.linear_fc2.weight55
[36m(WorkerDict pid=96394)[0m 	module.language_model.decoder.layers.12.mlp.experts.linear_fc1.weight22
[36m(WorkerDict pid=96394)[0m 	module.language_model.decoder.layers.13.mlp.experts.linear_fc1.weight46
[36m(WorkerDict pid=96394)[0m 	module.language_model.decoder.layers.18.mlp.experts.linear_fc1.weight5
[36m(WorkerDict pid=96394)[0m 	module.language_model.decoder.layers.19.mlp.experts.linear_fc1.weight31
[36m(WorkerDict pid=96394)[0m 	module.language_model.decoder.layers.16.mlp.experts.linear_fc2.weight60
[36m(WorkerDict pid=96394)[0m 	module.language_model.decoder.layers.15.mlp.experts.linear_fc2.weight35
[36m(WorkerDict pid=96394)[0m 	module.language_model.decoder.layers.14.mlp.experts.linear_fc2.weight8
[36m(WorkerDict pid=96394)[0m 	module.language_model.decoder.layers.9.mlp.experts.linear_fc2.weight50
[36m(WorkerDict pid=96394)[0m 	module.language_model.decoder.layers.8.mlp.experts.linear_fc2.weight25
[36m(WorkerDict pid=96394)[0m 	module.language_model.decoder.layers.7.mlp.experts.linear_fc2.weight0
[36m(WorkerDict pid=96394)[0m 	module.language_model.decoder.layers.2.mlp.experts.linear_fc2.weight16
[36m(WorkerDict pid=96394)[0m 	module.language_model.decoder.layers.2.mlp.experts.linear_fc2.weight33
[36m(WorkerDict pid=96394)[0m 	module.language_model.decoder.layers.0.mlp.experts.linear_fc1.weight30
[36m(WorkerDict pid=96394)[0m 	module.language_model.decoder.layers.2.mlp.experts.linear_fc2.weight50
[36m(WorkerDict pid=96394)[0m 	module.language_model.decoder.layers.12.mlp.experts.linear_fc2.weight44
[36m(WorkerDict pid=96394)[0m 	module.language_model.decoder.layers.11.mlp.experts.linear_fc2.weight19
[36m(WorkerDict pid=96394)[0m 	module.language_model.decoder.layers.10.mlp.experts.linear_fc1.weight56
[36m(WorkerDict pid=96394)[0m 	module.language_model.decoder.layers.18.mlp.experts.linear_fc2.weight27
[36m(WorkerDict pid=96394)[0m 	module.language_model.decoder.layers.19.mlp.experts.linear_fc2.weight53
[36m(WorkerDict pid=96394)[0m 	module.language_model.decoder.layers.17.mlp.experts.linear_fc2.weight2
[36m(WorkerDict pid=96394)[0m 	module.language_model.decoder.layers.16.mlp.experts.linear_fc1.weight41
[36m(WorkerDict pid=96394)[0m 	module.language_model.decoder.layers.15.mlp.experts.linear_fc1.weight16
[36m(WorkerDict pid=96394)[0m 	module.language_model.decoder.layers.9.mlp.experts.linear_fc1.weight31
[36m(WorkerDict pid=96394)[0m 	module.language_model.decoder.layers.8.mlp.experts.linear_fc1.weight6
[36m(WorkerDict pid=96394)[0m 	module.language_model.decoder.layers.0.mlp.experts.linear_fc1.weight47
[36m(WorkerDict pid=96394)[0m 	module.language_model.decoder.layers.5.mlp.experts.linear_fc1.weight3
[36m(WorkerDict pid=96394)[0m 	module.language_model.decoder.layers.0.mlp.experts.linear_fc2.weight0
[36m(WorkerDict pid=96394)[0m 	module.language_model.decoder.layers.3.mlp.experts.linear_fc1.weight6
[36m(WorkerDict pid=96394)[0m 	module.language_model.decoder.layers.19.mlp.experts.linear_fc1.weight32
[36m(WorkerDict pid=96394)[0m 	module.language_model.decoder.layers.18.mlp.experts.linear_fc1.weight6
[36m(WorkerDict pid=96394)[0m 	module.language_model.decoder.layers.16.mlp.experts.linear_fc2.weight61
[36m(WorkerDict pid=96394)[0m 	module.language_model.decoder.layers.15.mlp.experts.linear_fc2.weight36
[36m(WorkerDict pid=96394)[0m 	module.language_model.decoder.layers.14.mlp.experts.linear_fc2.weight9
[36m(WorkerDict pid=96394)[0m 	module.language_model.decoder.layers.13.mlp.experts.linear_fc1.weight47
[36m(WorkerDict pid=96394)[0m 	module.language_model.decoder.layers.12.mlp.experts.linear_fc1.weight23
[36m(WorkerDict pid=96394)[0m 	module.language_model.decoder.layers.9.mlp.experts.linear_fc2.weight51
[36m(WorkerDict pid=96394)[0m 	module.language_model.decoder.layers.8.mlp.experts.linear_fc2.weight26
[36m(WorkerDict pid=96394)[0m 	module.language_model.decoder.layers.7.mlp.experts.linear_fc2.weight1
[36m(WorkerDict pid=96394)[0m 	module.language_model.decoder.layers.0.mlp.experts.linear_fc2.weight17
[36m(WorkerDict pid=96394)[0m 	module.language_model.decoder.layers.3.mlp.experts.linear_fc1.weight23
[36m(WorkerDict pid=96394)[0m 	module.language_model.decoder.layers.5.mlp.experts.linear_fc1.weight20
[36m(WorkerDict pid=96394)[0m 	module.language_model.decoder.layers.0.mlp.experts.linear_fc2.weight34
[36m(WorkerDict pid=96394)[0m 	module.language_model.decoder.layers.3.mlp.experts.linear_fc1.weight40
[36m(WorkerDict pid=96394)[0m 	module.language_model.decoder.layers.5.mlp.experts.linear_fc1.weight37
[36m(WorkerDict pid=96394)[0m 	module.language_model.decoder.layers.0.mlp.experts.linear_fc2.weight51
[36m(WorkerDict pid=96394)[0m 	module.language_model.decoder.layers.1.mlp.experts.linear_fc2.weight38
[36m(WorkerDict pid=96394)[0m 	module.language_model.decoder.layers.3.mlp.experts.linear_fc1.weight57
[36m(WorkerDict pid=96394)[0m 	module.language_model.decoder.layers.5.mlp.experts.linear_fc1.weight54
[36m(WorkerDict pid=96394)[0m 	module.language_model.decoder.layers.19.mlp.experts.linear_fc2.weight54
[36m(WorkerDict pid=96394)[0m 	module.language_model.decoder.layers.18.mlp.experts.linear_fc2.weight28
[36m(WorkerDict pid=96394)[0m 	module.language_model.decoder.layers.17.mlp.experts.linear_fc2.weight3
[36m(WorkerDict pid=96394)[0m 	module.language_model.decoder.layers.16.mlp.experts.linear_fc1.weight42
[36m(WorkerDict pid=96394)[0m 	module.language_model.decoder.layers.11.mlp.experts.linear_fc2.weight20
[36m(WorkerDict pid=96394)[0m 	module.language_model.decoder.layers.10.mlp.experts.linear_fc1.weight57
[36m(WorkerDict pid=96394)[0m 	module.language_model.decoder.layers.12.mlp.experts.linear_fc2.weight45
[36m(WorkerDict pid=96394)[0m 	module.language_model.decoder.layers.15.mlp.experts.linear_fc1.weight17
[36m(WorkerDict pid=96394)[0m 	module.language_model.decoder.layers.9.mlp.experts.linear_fc1.weight32
[36m(WorkerDict pid=96394)[0m 	module.language_model.decoder.layers.8.mlp.experts.linear_fc1.weight7
[36m(WorkerDict pid=96394)[0m 	module.language_model.decoder.layers.3.mlp.experts.linear_fc2.weight10
[36m(WorkerDict pid=96394)[0m 	module.language_model.decoder.layers.5.mlp.experts.linear_fc2.weight7
[36m(WorkerDict pid=96394)[0m 	module.language_model.decoder.layers.1.mlp.experts.linear_fc1.weight4
[36m(WorkerDict pid=96394)[0m 	module.language_model.decoder.layers.5.mlp.experts.linear_fc2.weight24
[36m(WorkerDict pid=96394)[0m 	module.language_model.decoder.layers.19.mlp.experts.linear_fc1.weight33
[36m(WorkerDict pid=96394)[0m 	module.language_model.decoder.layers.18.mlp.experts.linear_fc1.weight7
[36m(WorkerDict pid=96394)[0m 	module.language_model.decoder.layers.16.mlp.experts.linear_fc2.weight62
[36m(WorkerDict pid=96394)[0m 	module.language_model.decoder.layers.15.mlp.experts.linear_fc2.weight37
[36m(WorkerDict pid=96394)[0m 	module.language_model.decoder.layers.14.mlp.experts.linear_fc2.weight10
[36m(WorkerDict pid=96394)[0m 	module.language_model.decoder.layers.12.mlp.experts.linear_fc1.weight24
[36m(WorkerDict pid=96394)[0m 	module.language_model.decoder.layers.13.mlp.experts.linear_fc1.weight48
[36m(WorkerDict pid=96394)[0m 	module.language_model.decoder.layers.9.mlp.experts.linear_fc2.weight52
[36m(WorkerDict pid=96394)[0m 	module.language_model.decoder.layers.8.mlp.experts.linear_fc2.weight27
[36m(WorkerDict pid=96394)[0m 	module.language_model.decoder.layers.7.mlp.experts.linear_fc2.weight2
[36m(WorkerDict pid=96394)[0m 	module.language_model.decoder.layers.1.mlp.experts.linear_fc1.weight21
[36m(WorkerDict pid=96394)[0m 	module.language_model.decoder.layers.5.mlp.experts.linear_fc2.weight41
[36m(WorkerDict pid=96394)[0m 	module.language_model.decoder.layers.1.mlp.experts.linear_fc1.weight38
[36m(WorkerDict pid=96394)[0m 	module.language_model.decoder.layers.5.mlp.experts.linear_fc2.weight58
[36m(WorkerDict pid=96394)[0m 	module.language_model.decoder.layers.19.mlp.experts.linear_fc2.weight55
[36m(WorkerDict pid=96394)[0m 	module.language_model.decoder.layers.18.mlp.experts.linear_fc2.weight29
[36m(WorkerDict pid=96394)[0m 	module.language_model.decoder.layers.17.mlp.experts.linear_fc2.weight4
[36m(WorkerDict pid=96394)[0m 	module.language_model.decoder.layers.16.mlp.experts.linear_fc1.weight43
[36m(WorkerDict pid=96394)[0m 	module.language_model.decoder.layers.15.mlp.experts.linear_fc1.weight18
[36m(WorkerDict pid=96394)[0m 	module.language_model.decoder.layers.11.mlp.experts.linear_fc2.weight21
[36m(WorkerDict pid=96394)[0m 	module.language_model.decoder.layers.10.mlp.experts.linear_fc1.weight58
[36m(WorkerDict pid=96394)[0m 	module.language_model.decoder.layers.12.mlp.experts.linear_fc2.weight46
[36m(WorkerDict pid=96394)[0m 	module.language_model.decoder.layers.9.mlp.experts.linear_fc1.weight33
[36m(WorkerDict pid=96394)[0m 	module.language_model.decoder.layers.8.mlp.experts.linear_fc1.weight8
[36m(WorkerDict pid=96394)[0m 	module.language_model.decoder.layers.7.mlp.experts.linear_fc2.weight55
[36m(WorkerDict pid=96394)[0m 	module.language_model.decoder.layers.3.mlp.experts.linear_fc2.weight34
[36m(WorkerDict pid=96394)[0m 	module.language_model.decoder.layers.1.mlp.experts.linear_fc1.weight46
[36m(WorkerDict pid=96394)[0m 	module.language_model.decoder.layers.13.mlp.experts.linear_fc1.weight49
[36m(WorkerDict pid=96394)[0m 	module.language_model.decoder.layers.18.mlp.experts.linear_fc1.weight8
[36m(WorkerDict pid=96394)[0m 	module.language_model.decoder.layers.19.mlp.experts.linear_fc1.weight34
[36m(WorkerDict pid=96394)[0m 	module.language_model.decoder.layers.16.mlp.experts.linear_fc2.weight63
[36m(WorkerDict pid=96394)[0m 	module.language_model.decoder.layers.15.mlp.experts.linear_fc2.weight38
[36m(WorkerDict pid=96394)[0m 	module.language_model.decoder.layers.14.mlp.experts.linear_fc2.weight11
[36m(WorkerDict pid=96394)[0m 	module.language_model.decoder.layers.11.mlp.experts.linear_fc1.weight1
[36m(WorkerDict pid=96394)[0m 	module.language_model.decoder.layers.12.mlp.experts.linear_fc1.weight25
[36m(WorkerDict pid=96394)[0m 	module.language_model.decoder.layers.9.mlp.experts.linear_fc2.weight53
[36m(WorkerDict pid=96394)[0m 	module.language_model.decoder.layers.8.mlp.experts.linear_fc2.weight28
[36m(WorkerDict pid=96394)[0m 	module.language_model.decoder.layers.3.mlp.experts.linear_fc2.weight51
[36m(WorkerDict pid=96394)[0m 	module.language_model.decoder.layers.1.mlp.experts.linear_fc1.weight63
[36m(WorkerDict pid=96394)[0m 	module.language_model.decoder.layers.1.mlp.experts.linear_fc2.weight16
[36m(WorkerDict pid=96394)[0m 	module.language_model.decoder.layers.4.mlp.experts.linear_fc1.weight5
[36m(WorkerDict pid=96394)[0m 	module.language_model.decoder.layers.6.mlp.experts.linear_fc1.weight0
[36m(WorkerDict pid=96394)[0m 	module.language_model.decoder.layers.1.mlp.experts.linear_fc2.weight33
[36m(WorkerDict pid=96394)[0m 	module.language_model.decoder.layers.4.mlp.experts.linear_fc1.weight21
[36m(WorkerDict pid=96394)[0m 	module.language_model.decoder.layers.12.mlp.experts.linear_fc2.weight47
[36m(WorkerDict pid=96394)[0m 	module.language_model.decoder.layers.18.mlp.experts.linear_fc2.weight30
[36m(WorkerDict pid=96394)[0m 	module.language_model.decoder.layers.19.mlp.experts.linear_fc2.weight56
[36m(WorkerDict pid=96394)[0m 	module.language_model.decoder.layers.17.mlp.experts.linear_fc2.weight5
[36m(WorkerDict pid=96394)[0m 	module.language_model.decoder.layers.16.mlp.experts.linear_fc1.weight44
[36m(WorkerDict pid=96394)[0m 	module.language_model.decoder.layers.15.mlp.experts.linear_fc1.weight19
[36m(WorkerDict pid=96394)[0m 	module.language_model.decoder.layers.11.mlp.experts.linear_fc2.weight22
[36m(WorkerDict pid=96394)[0m 	module.language_model.decoder.layers.10.mlp.experts.linear_fc1.weight59
[36m(WorkerDict pid=96394)[0m 	module.language_model.decoder.layers.9.mlp.experts.linear_fc1.weight34
[36m(WorkerDict pid=96394)[0m 	module.language_model.decoder.layers.8.mlp.experts.linear_fc1.weight9
[36m(WorkerDict pid=96394)[0m 	module.language_model.decoder.layers.6.mlp.experts.linear_fc1.weight18
[36m(WorkerDict pid=96394)[0m 	module.language_model.decoder.layers.4.mlp.experts.linear_fc1.weight22
[36m(WorkerDict pid=96394)[0m 	module.language_model.decoder.layers.1.mlp.experts.linear_fc2.weight50
[36m(WorkerDict pid=96394)[0m 	module.language_model.decoder.layers.4.mlp.experts.linear_fc1.weight39
[36m(WorkerDict pid=96394)[0m 	module.language_model.decoder.layers.6.mlp.experts.linear_fc1.weight35
[36m(WorkerDict pid=96394)[0m 	module.language_model.decoder.layers.12.mlp.experts.linear_fc1.weight26
[36m(WorkerDict pid=96394)[0m 	module.language_model.decoder.layers.18.mlp.experts.linear_fc1.weight9
[36m(WorkerDict pid=96394)[0m 	module.language_model.decoder.layers.19.mlp.experts.linear_fc1.weight35
[36m(WorkerDict pid=96394)[0m 	module.language_model.decoder.layers.15.mlp.experts.linear_fc2.weight39
[36m(WorkerDict pid=96394)[0m 	module.language_model.decoder.layers.14.mlp.experts.linear_fc2.weight12
[36m(WorkerDict pid=96394)[0m 	module.language_model.decoder.layers.13.mlp.experts.linear_fc1.weight50
[36m(WorkerDict pid=96394)[0m 	module.language_model.decoder.layers.9.mlp.experts.linear_fc2.weight54
[36m(WorkerDict pid=96394)[0m 	module.language_model.decoder.layers.8.mlp.experts.linear_fc2.weight29
[36m(WorkerDict pid=96394)[0m 	module.language_model.decoder.layers.7.mlp.experts.linear_fc2.weight4
[36m(WorkerDict pid=96394)[0m 	module.language_model.decoder.layers.6.mlp.experts.linear_fc1.weight41
[36m(WorkerDict pid=96394)[0m 	module.language_model.decoder.layers.4.mlp.experts.linear_fc1.weight56
[36m(WorkerDict pid=96394)[0m 	module.language_model.decoder.layers.2.mlp.experts.linear_fc1.weight4
[36m(WorkerDict pid=96394)[0m 	module.language_model.decoder.layers.4.mlp.experts.linear_fc2.weight9
[36m(WorkerDict pid=96394)[0m 	module.language_model.decoder.layers.6.mlp.experts.linear_fc2.weight5
[36m(WorkerDict pid=96394)[0m 	module.language_model.decoder.layers.2.mlp.experts.linear_fc1.weight21
[36m(WorkerDict pid=96394)[0m 	module.language_model.decoder.layers.0.mlp.experts.linear_fc1.weight7
[36m(WorkerDict pid=96394)[0m 	module.language_model.decoder.layers.4.mlp.experts.linear_fc2.weight26
[36m(WorkerDict pid=96394)[0m 	module.language_model.decoder.layers.6.mlp.experts.linear_fc2.weight22
[36m(WorkerDict pid=96394)[0m 	module.language_model.decoder.layers.2.mlp.experts.linear_fc1.weight38
[36m(WorkerDict pid=96394)[0m 	module.language_model.decoder.layers.10.mlp.experts.linear_fc1.weight60
[36m(WorkerDict pid=96394)[0m 	module.language_model.decoder.layers.18.mlp.experts.linear_fc2.weight31
[36m(WorkerDict pid=96394)[0m 	module.language_model.decoder.layers.19.mlp.experts.linear_fc2.weight57
[36m(WorkerDict pid=96394)[0m 	module.language_model.decoder.layers.17.mlp.experts.linear_fc2.weight6
[36m(WorkerDict pid=96394)[0m 	module.language_model.decoder.layers.16.mlp.experts.linear_fc1.weight45
[36m(WorkerDict pid=96394)[0m 	module.language_model.decoder.layers.12.mlp.experts.linear_fc2.weight48
[36m(WorkerDict pid=96394)[0m 	module.language_model.decoder.layers.15.mlp.experts.linear_fc1.weight20
[36m(WorkerDict pid=96394)[0m 	module.language_model.decoder.layers.11.mlp.experts.linear_fc2.weight23
[36m(WorkerDict pid=96394)[0m 	module.language_model.decoder.layers.9.mlp.experts.linear_fc1.weight35
[36m(WorkerDict pid=96394)[0m 	module.language_model.decoder.layers.8.mlp.experts.linear_fc1.weight10
[36m(WorkerDict pid=96394)[0m 	module.language_model.decoder.layers.6.mlp.experts.linear_fc2.weight39
[36m(WorkerDict pid=96394)[0m 	module.language_model.decoder.layers.4.mlp.experts.linear_fc2.weight43
[36m(WorkerDict pid=96394)[0m 	module.language_model.decoder.layers.2.mlp.experts.linear_fc1.weight55
[36m(WorkerDict pid=96394)[0m 	module.language_model.decoder.layers.6.mlp.experts.linear_fc2.weight56
[36m(WorkerDict pid=96394)[0m 	module.language_model.decoder.layers.18.mlp.experts.linear_fc1.weight10
[36m(WorkerDict pid=96394)[0m 	module.language_model.decoder.layers.19.mlp.experts.linear_fc1.weight36
[36m(WorkerDict pid=96394)[0m 	module.language_model.decoder.layers.15.mlp.experts.linear_fc2.weight40
[36m(WorkerDict pid=96394)[0m 	module.language_model.decoder.layers.14.mlp.experts.linear_fc2.weight13
[36m(WorkerDict pid=96394)[0m 	module.language_model.decoder.layers.12.mlp.experts.linear_fc1.weight27
[36m(WorkerDict pid=96394)[0m 	module.language_model.decoder.layers.13.mlp.experts.linear_fc1.weight51
[36m(WorkerDict pid=96394)[0m 	module.language_model.decoder.layers.11.mlp.experts.linear_fc1.weight0
[36m(WorkerDict pid=96394)[0m 	module.language_model.decoder.layers.9.mlp.experts.linear_fc2.weight55
[36m(WorkerDict pid=96394)[0m 	module.language_model.decoder.layers.8.mlp.experts.linear_fc2.weight30
[36m(WorkerDict pid=96394)[0m 	module.language_model.decoder.layers.7.mlp.experts.linear_fc2.weight5
[36m(WorkerDict pid=96394)[0m 	module.language_model.decoder.layers.2.mlp.experts.linear_fc2.weight0
[36m(WorkerDict pid=96394)[0m 	module.language_model.decoder.layers.2.mlp.experts.linear_fc2.weight17
[36m(WorkerDict pid=96394)[0m 	module.language_model.decoder.layers.5.mlp.experts.linear_fc2.weight3
[36m(WorkerDict pid=96394)[0m 	module.language_model.decoder.layers.2.mlp.experts.linear_fc2.weight34
[36m(WorkerDict pid=96394)[0m 	module.language_model.decoder.layers.0.mlp.experts.linear_fc1.weight31
[36m(WorkerDict pid=96394)[0m 	module.language_model.decoder.layers.2.mlp.experts.linear_fc2.weight51
[36m(WorkerDict pid=96394)[0m 	module.language_model.decoder.layers.11.mlp.experts.linear_fc2.weight24
[36m(WorkerDict pid=96394)[0m 	module.language_model.decoder.layers.19.mlp.experts.linear_fc2.weight58
[36m(WorkerDict pid=96394)[0m 	module.language_model.decoder.layers.18.mlp.experts.linear_fc2.weight32
[36m(WorkerDict pid=96394)[0m 	module.language_model.decoder.layers.17.mlp.experts.linear_fc2.weight7
[36m(WorkerDict pid=96394)[0m 	module.language_model.decoder.layers.16.mlp.experts.linear_fc1.weight46
[36m(WorkerDict pid=96394)[0m 	module.language_model.decoder.layers.10.mlp.experts.linear_fc1.weight61
[36m(WorkerDict pid=96394)[0m 	module.language_model.decoder.layers.12.mlp.experts.linear_fc2.weight49
[36m(WorkerDict pid=96394)[0m 	module.language_model.decoder.layers.15.mlp.experts.linear_fc1.weight21
[36m(WorkerDict pid=96394)[0m 	module.language_model.decoder.layers.9.mlp.experts.linear_fc1.weight36
[36m(WorkerDict pid=96394)[0m 	module.language_model.decoder.layers.8.mlp.experts.linear_fc1.weight11
[36m(WorkerDict pid=96394)[0m 	module.language_model.decoder.layers.0.mlp.experts.linear_fc1.weight48
[36m(WorkerDict pid=96394)[0m 	module.language_model.decoder.layers.0.mlp.experts.linear_fc1.weight46
[36m(WorkerDict pid=96394)[0m 	module.language_model.decoder.layers.0.mlp.experts.linear_fc2.weight1
[36m(WorkerDict pid=96394)[0m 	module.language_model.decoder.layers.11.mlp.experts.linear_fc1.weight2
[36m(WorkerDict pid=96394)[0m 	module.language_model.decoder.layers.18.mlp.experts.linear_fc1.weight11
[36m(WorkerDict pid=96394)[0m 	module.language_model.decoder.layers.19.mlp.experts.linear_fc1.weight37
[36m(WorkerDict pid=96394)[0m 	module.language_model.decoder.layers.17.mlp.experts.linear_fc1.weight3
[36m(WorkerDict pid=96394)[0m 	module.language_model.decoder.layers.15.mlp.experts.linear_fc2.weight41
[36m(WorkerDict pid=96394)[0m 	module.language_model.decoder.layers.14.mlp.experts.linear_fc2.weight14
[36m(WorkerDict pid=96394)[0m 	module.language_model.decoder.layers.12.mlp.experts.linear_fc1.weight28
[36m(WorkerDict pid=96394)[0m 	module.language_model.decoder.layers.13.mlp.experts.linear_fc1.weight52
[36m(WorkerDict pid=96394)[0m 	module.language_model.decoder.layers.9.mlp.experts.linear_fc2.weight56
[36m(WorkerDict pid=96394)[0m 	module.language_model.decoder.layers.8.mlp.experts.linear_fc2.weight31
[36m(WorkerDict pid=96394)[0m 	module.language_model.decoder.layers.5.mlp.experts.linear_fc1.weight4
[36m(WorkerDict pid=96394)[0m 	module.language_model.decoder.layers.3.mlp.experts.linear_fc1.weight7
[36m(WorkerDict pid=96394)[0m 	module.language_model.decoder.layers.0.mlp.experts.linear_fc2.weight18
[36m(WorkerDict pid=96394)[0m 	module.language_model.decoder.layers.3.mlp.experts.linear_fc1.weight24
[36m(WorkerDict pid=96394)[0m 	module.language_model.decoder.layers.5.mlp.experts.linear_fc1.weight21
[36m(WorkerDict pid=96394)[0m 	module.language_model.decoder.layers.0.mlp.experts.linear_fc2.weight35
[36m(WorkerDict pid=96394)[0m 	module.language_model.decoder.layers.3.mlp.experts.linear_fc1.weight41
[36m(WorkerDict pid=96394)[0m 	module.language_model.decoder.layers.5.mlp.experts.linear_fc1.weight38
[36m(WorkerDict pid=96394)[0m 	module.language_model.decoder.layers.0.mlp.experts.linear_fc2.weight52
[36m(WorkerDict pid=96394)[0m 	module.language_model.decoder.layers.2.mlp.experts.linear_fc1.weight43
[36m(WorkerDict pid=96394)[0m 	module.language_model.decoder.layers.3.mlp.experts.linear_fc1.weight58
[36m(WorkerDict pid=96394)[0m 	module.language_model.decoder.layers.5.mlp.experts.linear_fc1.weight55
[36m(WorkerDict pid=96394)[0m 	module.language_model.decoder.layers.15.mlp.experts.linear_fc1.weight22
[36m(WorkerDict pid=96394)[0m 	module.language_model.decoder.layers.19.mlp.experts.linear_fc2.weight59
[36m(WorkerDict pid=96394)[0m 	module.language_model.decoder.layers.18.mlp.experts.linear_fc2.weight33
[36m(WorkerDict pid=96394)[0m 	module.language_model.decoder.layers.17.mlp.experts.linear_fc2.weight8
[36m(WorkerDict pid=96394)[0m 	module.language_model.decoder.layers.16.mlp.experts.linear_fc1.weight47
[36m(WorkerDict pid=96394)[0m 	module.language_model.decoder.layers.11.mlp.experts.linear_fc2.weight25
[36m(WorkerDict pid=96394)[0m 	module.language_model.decoder.layers.10.mlp.experts.linear_fc1.weight62
[36m(WorkerDict pid=96394)[0m 	module.language_model.decoder.layers.12.mlp.experts.linear_fc2.weight50
[36m(WorkerDict pid=96394)[0m 	module.language_model.decoder.layers.9.mlp.experts.linear_fc1.weight37
[36m(WorkerDict pid=96394)[0m 	module.language_model.decoder.layers.8.mlp.experts.linear_fc1.weight12
[36m(WorkerDict pid=96394)[0m 	module.language_model.decoder.layers.3.mlp.experts.linear_fc2.weight11
[36m(WorkerDict pid=96394)[0m 	module.language_model.decoder.layers.5.mlp.experts.linear_fc2.weight8
[36m(WorkerDict pid=96394)[0m 	module.language_model.decoder.layers.1.mlp.experts.linear_fc1.weight5
[36m(WorkerDict pid=96394)[0m 	module.language_model.decoder.layers.13.mlp.experts.linear_fc1.weight53
[36m(WorkerDict pid=96394)[0m 	module.language_model.decoder.layers.11.mlp.experts.linear_fc1.weight4
[36m(WorkerDict pid=96394)[0m 	module.language_model.decoder.layers.18.mlp.experts.linear_fc1.weight12
[36m(WorkerDict pid=96394)[0m 	module.language_model.decoder.layers.19.mlp.experts.linear_fc1.weight38
[36m(WorkerDict pid=96394)[0m 	module.language_model.decoder.layers.15.mlp.experts.linear_fc2.weight42
[36m(WorkerDict pid=96394)[0m 	module.language_model.decoder.layers.14.mlp.experts.linear_fc2.weight15
[36m(WorkerDict pid=96394)[0m 	module.language_model.decoder.layers.12.mlp.experts.linear_fc1.weight29
[36m(WorkerDict pid=96394)[0m 	module.language_model.decoder.layers.9.mlp.experts.linear_fc2.weight57
[36m(WorkerDict pid=96394)[0m 	module.language_model.decoder.layers.8.mlp.experts.linear_fc2.weight32
[36m(WorkerDict pid=96394)[0m 	module.language_model.decoder.layers.7.mlp.experts.linear_fc2.weight7
[36m(WorkerDict pid=96394)[0m 	module.language_model.decoder.layers.5.mlp.experts.linear_fc2.weight25
[36m(WorkerDict pid=96394)[0m 	module.language_model.decoder.layers.1.mlp.experts.linear_fc1.weight22
[36m(WorkerDict pid=96394)[0m 	module.language_model.decoder.layers.5.mlp.experts.linear_fc2.weight42
[36m(WorkerDict pid=96394)[0m 	module.language_model.decoder.layers.5.mlp.experts.linear_fc2.weight59
[36m(WorkerDict pid=96394)[0m 	module.language_model.decoder.layers.12.mlp.experts.linear_fc2.weight51
[36m(WorkerDict pid=96394)[0m 	module.language_model.decoder.layers.15.mlp.experts.linear_fc1.weight23
[36m(WorkerDict pid=96394)[0m 	module.language_model.decoder.layers.19.mlp.experts.linear_fc2.weight60
[36m(WorkerDict pid=96394)[0m 	module.language_model.decoder.layers.18.mlp.experts.linear_fc2.weight34
[36m(WorkerDict pid=96394)[0m 	module.language_model.decoder.layers.17.mlp.experts.linear_fc2.weight9
[36m(WorkerDict pid=96394)[0m 	module.language_model.decoder.layers.16.mlp.experts.linear_fc1.weight48
[36m(WorkerDict pid=96394)[0m 	module.language_model.decoder.layers.11.mlp.experts.linear_fc2.weight26
[36m(WorkerDict pid=96394)[0m 	module.language_model.decoder.layers.10.mlp.experts.linear_fc1.weight63
[36m(WorkerDict pid=96394)[0m 	module.language_model.decoder.layers.9.mlp.experts.linear_fc1.weight38
[36m(WorkerDict pid=96394)[0m 	module.language_model.decoder.layers.8.mlp.experts.linear_fc1.weight13
[36m(WorkerDict pid=96394)[0m 	module.language_model.decoder.layers.3.mlp.experts.linear_fc2.weight35
[36m(WorkerDict pid=96394)[0m 	module.language_model.decoder.layers.1.mlp.experts.linear_fc1.weight47
[36m(WorkerDict pid=96394)[0m 	module.language_model.decoder.layers.12.mlp.experts.linear_fc1.weight30
[36m(WorkerDict pid=96394)[0m 	module.language_model.decoder.layers.13.mlp.experts.linear_fc1.weight54
[36m(WorkerDict pid=96394)[0m 	module.language_model.decoder.layers.18.mlp.experts.linear_fc1.weight13
[36m(WorkerDict pid=96394)[0m 	module.language_model.decoder.layers.19.mlp.experts.linear_fc1.weight39
[36m(WorkerDict pid=96394)[0m 	module.language_model.decoder.layers.15.mlp.experts.linear_fc2.weight43
[36m(WorkerDict pid=96394)[0m 	module.language_model.decoder.layers.14.mlp.experts.linear_fc2.weight16
[36m(WorkerDict pid=96394)[0m 	module.language_model.decoder.layers.11.mlp.experts.linear_fc1.weight5
[36m(WorkerDict pid=96394)[0m 	module.language_model.decoder.layers.9.mlp.experts.linear_fc2.weight58
[36m(WorkerDict pid=96394)[0m 	module.language_model.decoder.layers.8.mlp.experts.linear_fc2.weight33
[36m(WorkerDict pid=96394)[0m 	module.language_model.decoder.layers.7.mlp.experts.linear_fc2.weight8
[36m(WorkerDict pid=96394)[0m 	module.language_model.decoder.layers.3.mlp.experts.linear_fc2.weight52
[36m(WorkerDict pid=96394)[0m 	module.language_model.decoder.layers.1.mlp.experts.linear_fc2.weight0
[36m(WorkerDict pid=96394)[0m 	module.language_model.decoder.layers.1.mlp.experts.linear_fc2.weight17
[36m(WorkerDict pid=96394)[0m 	module.language_model.decoder.layers.4.mlp.experts.linear_fc1.weight6
[36m(WorkerDict pid=96394)[0m 	module.language_model.decoder.layers.6.mlp.experts.linear_fc1.weight1
[36m(WorkerDict pid=96394)[0m 	module.language_model.decoder.layers.1.mlp.experts.linear_fc2.weight34
[36m(WorkerDict pid=96394)[0m 	module.language_model.decoder.layers.4.mlp.experts.linear_fc2.weight42
[36m(WorkerDict pid=96394)[0m 	module.language_model.decoder.layers.10.mlp.experts.linear_fc2.weight0
[36m(WorkerDict pid=96394)[0m 	module.language_model.decoder.layers.12.mlp.experts.linear_fc2.weight52
[36m(WorkerDict pid=96394)[0m 	module.language_model.decoder.layers.19.mlp.experts.linear_fc2.weight61
[36m(WorkerDict pid=96394)[0m 	module.language_model.decoder.layers.18.mlp.experts.linear_fc2.weight35
[36m(WorkerDict pid=96394)[0m 	module.language_model.decoder.layers.17.mlp.experts.linear_fc2.weight10
[36m(WorkerDict pid=96394)[0m 	module.language_model.decoder.layers.16.mlp.experts.linear_fc1.weight49
[36m(WorkerDict pid=96394)[0m 	module.language_model.decoder.layers.15.mlp.experts.linear_fc1.weight24
[36m(WorkerDict pid=96394)[0m 	module.language_model.decoder.layers.11.mlp.experts.linear_fc2.weight27
[36m(WorkerDict pid=96394)[0m 	module.language_model.decoder.layers.9.mlp.experts.linear_fc1.weight39
[36m(WorkerDict pid=96394)[0m 	module.language_model.decoder.layers.8.mlp.experts.linear_fc1.weight14
[36m(WorkerDict pid=96394)[0m 	module.language_model.decoder.layers.6.mlp.experts.linear_fc1.weight19
[36m(WorkerDict pid=96394)[0m 	module.language_model.decoder.layers.4.mlp.experts.linear_fc1.weight23
[36m(WorkerDict pid=96394)[0m 	module.language_model.decoder.layers.1.mlp.experts.linear_fc2.weight51
[36m(WorkerDict pid=96394)[0m 	module.language_model.decoder.layers.4.mlp.experts.linear_fc1.weight40
[36m(WorkerDict pid=96394)[0m 	module.language_model.decoder.layers.6.mlp.experts.linear_fc1.weight36
[36m(WorkerDict pid=96394)[0m 	module.language_model.decoder.layers.12.mlp.experts.linear_fc1.weight31
[36m(WorkerDict pid=96394)[0m 	module.language_model.decoder.layers.19.mlp.experts.linear_fc1.weight40
[36m(WorkerDict pid=96394)[0m 	module.language_model.decoder.layers.18.mlp.experts.linear_fc1.weight14
[36m(WorkerDict pid=96394)[0m 	module.language_model.decoder.layers.15.mlp.experts.linear_fc2.weight44
[36m(WorkerDict pid=96394)[0m 	module.language_model.decoder.layers.14.mlp.experts.linear_fc2.weight17
[36m(WorkerDict pid=96394)[0m 	module.language_model.decoder.layers.13.mlp.experts.linear_fc1.weight55
[36m(WorkerDict pid=96394)[0m 	module.language_model.decoder.layers.11.mlp.experts.linear_fc1.weight6
[36m(WorkerDict pid=96394)[0m 	module.language_model.decoder.layers.9.mlp.experts.linear_fc2.weight59
[36m(WorkerDict pid=96394)[0m 	module.language_model.decoder.layers.8.mlp.experts.linear_fc2.weight34
[36m(WorkerDict pid=96394)[0m 	module.language_model.decoder.layers.7.mlp.experts.linear_fc2.weight9
[36m(WorkerDict pid=96394)[0m 	module.language_model.decoder.layers.4.mlp.experts.linear_fc1.weight57
[36m(WorkerDict pid=96394)[0m 	module.language_model.decoder.layers.6.mlp.experts.linear_fc1.weight53
[36m(WorkerDict pid=96394)[0m 	module.language_model.decoder.layers.2.mlp.experts.linear_fc1.weight5
[36m(WorkerDict pid=96394)[0m 	module.language_model.decoder.layers.4.mlp.experts.linear_fc2.weight10
[36m(WorkerDict pid=96394)[0m 	module.language_model.decoder.layers.6.mlp.experts.linear_fc2.weight6
[36m(WorkerDict pid=96394)[0m 	module.language_model.decoder.layers.2.mlp.experts.linear_fc1.weight22
[36m(WorkerDict pid=96394)[0m 	module.language_model.decoder.layers.0.mlp.experts.linear_fc1.weight8
[36m(WorkerDict pid=96394)[0m 	module.language_model.decoder.layers.4.mlp.experts.linear_fc2.weight27
[36m(WorkerDict pid=96394)[0m 	module.language_model.decoder.layers.6.mlp.experts.linear_fc2.weight23
[36m(WorkerDict pid=96394)[0m 	module.language_model.decoder.layers.2.mlp.experts.linear_fc1.weight39
[36m(WorkerDict pid=96394)[0m 	module.language_model.decoder.layers.11.mlp.experts.linear_fc2.weight28
[36m(WorkerDict pid=96394)[0m 	module.language_model.decoder.layers.10.mlp.experts.linear_fc2.weight1
[36m(WorkerDict pid=96394)[0m 	module.language_model.decoder.layers.19.mlp.experts.linear_fc2.weight62
[36m(WorkerDict pid=96394)[0m 	module.language_model.decoder.layers.18.mlp.experts.linear_fc2.weight36
[36m(WorkerDict pid=96394)[0m 	module.language_model.decoder.layers.17.mlp.experts.linear_fc2.weight11
[36m(WorkerDict pid=96394)[0m 	module.language_model.decoder.layers.16.mlp.experts.linear_fc1.weight50
[36m(WorkerDict pid=96394)[0m 	module.language_model.decoder.layers.12.mlp.experts.linear_fc2.weight53
[36m(WorkerDict pid=96394)[0m 	module.language_model.decoder.layers.15.mlp.experts.linear_fc1.weight25
[36m(WorkerDict pid=96394)[0m 	module.language_model.decoder.layers.9.mlp.experts.linear_fc1.weight40
[36m(WorkerDict pid=96394)[0m 	module.language_model.decoder.layers.8.mlp.experts.linear_fc1.weight15
[36m(WorkerDict pid=96394)[0m 	module.language_model.decoder.layers.4.mlp.experts.linear_fc2.weight44
[36m(WorkerDict pid=96394)[0m 	module.language_model.decoder.layers.2.mlp.experts.linear_fc1.weight56
[36m(WorkerDict pid=96394)[0m 	module.language_model.decoder.layers.6.mlp.experts.linear_fc2.weight57
[36m(WorkerDict pid=96394)[0m 	module.language_model.decoder.layers.19.mlp.experts.linear_fc1.weight41
[36m(WorkerDict pid=96394)[0m 	module.language_model.decoder.layers.18.mlp.experts.linear_fc1.weight15
[36m(WorkerDict pid=96394)[0m 	module.language_model.decoder.layers.15.mlp.experts.linear_fc2.weight45
[36m(WorkerDict pid=96394)[0m 	module.language_model.decoder.layers.14.mlp.experts.linear_fc2.weight18
[36m(WorkerDict pid=96394)[0m 	module.language_model.decoder.layers.12.mlp.experts.linear_fc1.weight32
[36m(WorkerDict pid=96394)[0m 	module.language_model.decoder.layers.13.mlp.experts.linear_fc1.weight56
[36m(WorkerDict pid=96394)[0m 	module.language_model.decoder.layers.11.mlp.experts.linear_fc1.weight7
[36m(WorkerDict pid=96394)[0m 	module.language_model.decoder.layers.9.mlp.experts.linear_fc2.weight60
[36m(WorkerDict pid=96394)[0m 	module.language_model.decoder.layers.8.mlp.experts.linear_fc2.weight35
[36m(WorkerDict pid=96394)[0m 	module.language_model.decoder.layers.7.mlp.experts.linear_fc2.weight10
[36m(WorkerDict pid=96394)[0m 	module.language_model.decoder.layers.2.mlp.experts.linear_fc2.weight1
[36m(WorkerDict pid=96394)[0m 	module.language_model.decoder.layers.2.mlp.experts.linear_fc2.weight18
[36m(WorkerDict pid=96394)[0m 	module.language_model.decoder.layers.0.mlp.experts.linear_fc1.weight15
[36m(WorkerDict pid=96394)[0m 	module.language_model.decoder.layers.2.mlp.experts.linear_fc2.weight35
[36m(WorkerDict pid=96394)[0m 	module.language_model.decoder.layers.0.mlp.experts.linear_fc1.weight32
[36m(WorkerDict pid=96394)[0m 	module.language_model.decoder.layers.2.mlp.experts.linear_fc2.weight52
[36m(WorkerDict pid=96394)[0m 	module.language_model.decoder.layers.15.mlp.experts.linear_fc1.weight26
[36m(WorkerDict pid=96394)[0m 	module.language_model.decoder.layers.11.mlp.experts.linear_fc2.weight29
[36m(WorkerDict pid=96394)[0m 	module.language_model.decoder.layers.18.mlp.experts.linear_fc2.weight37
[36m(WorkerDict pid=96394)[0m 	module.language_model.decoder.layers.19.mlp.experts.linear_fc2.weight63
[36m(WorkerDict pid=96394)[0m 	module.language_model.decoder.layers.17.mlp.experts.linear_fc2.weight12
[36m(WorkerDict pid=96394)[0m 	module.language_model.decoder.layers.16.mlp.experts.linear_fc1.weight51
[36m(WorkerDict pid=96394)[0m 	module.language_model.decoder.layers.10.mlp.experts.linear_fc2.weight2
[36m(WorkerDict pid=96394)[0m 	module.language_model.decoder.layers.12.mlp.experts.linear_fc2.weight54
[36m(WorkerDict pid=96394)[0m 	module.language_model.decoder.layers.9.mlp.experts.linear_fc1.weight41
[36m(WorkerDict pid=96394)[0m 	module.language_model.decoder.layers.8.mlp.experts.linear_fc1.weight16
[36m(WorkerDict pid=96394)[0m 	module.language_model.decoder.layers.0.mlp.experts.linear_fc1.weight49
[36m(WorkerDict pid=96394)[0m 	module.language_model.decoder.layers.0.mlp.experts.linear_fc2.weight2
[36m(WorkerDict pid=96394)[0m 	module.language_model.decoder.layers.11.mlp.experts.linear_fc1.weight8
[36m(WorkerDict pid=96394)[0m 	module.language_model.decoder.layers.18.mlp.experts.linear_fc1.weight16
[36m(WorkerDict pid=96394)[0m 	module.language_model.decoder.layers.19.mlp.experts.linear_fc1.weight42
[36m(WorkerDict pid=96394)[0m 	module.language_model.decoder.layers.15.mlp.experts.linear_fc2.weight46
[36m(WorkerDict pid=96394)[0m 	module.language_model.decoder.layers.14.mlp.experts.linear_fc2.weight19
[36m(WorkerDict pid=96394)[0m 	module.language_model.decoder.layers.12.mlp.experts.linear_fc1.weight33
[36m(WorkerDict pid=96394)[0m 	module.language_model.decoder.layers.13.mlp.experts.linear_fc1.weight57
[36m(WorkerDict pid=96394)[0m 	module.language_model.decoder.layers.9.mlp.experts.linear_fc2.weight61
[36m(WorkerDict pid=96394)[0m 	module.language_model.decoder.layers.8.mlp.experts.linear_fc2.weight36
[36m(WorkerDict pid=96394)[0m 	module.language_model.decoder.layers.7.mlp.experts.linear_fc2.weight11
[36m(WorkerDict pid=96394)[0m 	module.language_model.decoder.layers.5.mlp.experts.linear_fc1.weight5
[36m(WorkerDict pid=96394)[0m 	module.language_model.decoder.layers.3.mlp.experts.linear_fc1.weight8
[36m(WorkerDict pid=96394)[0m 	module.language_model.decoder.layers.0.mlp.experts.linear_fc2.weight19
[36m(WorkerDict pid=96394)[0m 	module.language_model.decoder.layers.3.mlp.experts.linear_fc1.weight25
[36m(WorkerDict pid=96394)[0m 	module.language_model.decoder.layers.5.mlp.experts.linear_fc1.weight22
[36m(WorkerDict pid=96394)[0m 	module.language_model.decoder.layers.0.mlp.experts.linear_fc2.weight36
[36m(WorkerDict pid=96394)[0m 	module.language_model.decoder.layers.3.mlp.experts.linear_fc1.weight42
[36m(WorkerDict pid=96394)[0m 	module.language_model.decoder.layers.5.mlp.experts.linear_fc1.weight39
[36m(WorkerDict pid=96394)[0m 	module.language_model.decoder.layers.0.mlp.experts.linear_fc2.weight53
[36m(WorkerDict pid=96394)[0m 	module.language_model.decoder.layers.3.mlp.experts.linear_fc1.weight59
[36m(WorkerDict pid=96394)[0m 	module.language_model.decoder.layers.5.mlp.experts.linear_fc1.weight56
[36m(WorkerDict pid=96394)[0m 	module.language_model.decoder.layers.14.mlp.experts.linear_fc1.weight1
[36m(WorkerDict pid=96394)[0m 	module.language_model.decoder.layers.11.mlp.experts.linear_fc2.weight30
[36m(WorkerDict pid=96394)[0m 	module.language_model.decoder.layers.18.mlp.experts.linear_fc2.weight38
[36m(WorkerDict pid=96394)[0m 	module.language_model.decoder.layers.17.mlp.experts.linear_fc2.weight13
[36m(WorkerDict pid=96394)[0m 	module.language_model.decoder.layers.16.mlp.experts.linear_fc1.weight52
[36m(WorkerDict pid=96394)[0m 	module.language_model.decoder.layers.15.mlp.experts.linear_fc1.weight27
[36m(WorkerDict pid=96394)[0m 	module.language_model.decoder.layers.10.mlp.experts.linear_fc2.weight3
[36m(WorkerDict pid=96394)[0m 	module.language_model.decoder.layers.12.mlp.experts.linear_fc2.weight55
[36m(WorkerDict pid=96394)[0m 	module.language_model.decoder.layers.9.mlp.experts.linear_fc1.weight42
[36m(WorkerDict pid=96394)[0m 	module.language_model.decoder.layers.8.mlp.experts.linear_fc1.weight17
[36m(WorkerDict pid=96394)[0m 	module.language_model.decoder.layers.3.mlp.experts.linear_fc2.weight12
[36m(WorkerDict pid=96394)[0m 	module.language_model.decoder.layers.5.mlp.experts.linear_fc2.weight9
[36m(WorkerDict pid=96394)[0m 	module.language_model.decoder.layers.1.mlp.experts.linear_fc1.weight6
[36m(WorkerDict pid=96394)[0m 	module.language_model.decoder.layers.12.mlp.experts.linear_fc1.weight34
[36m(WorkerDict pid=96394)[0m 	module.language_model.decoder.layers.13.mlp.experts.linear_fc1.weight58
[36m(WorkerDict pid=96394)[0m 	module.language_model.decoder.layers.19.mlp.experts.linear_fc1.weight43
[36m(WorkerDict pid=96394)[0m 	module.language_model.decoder.layers.18.mlp.experts.linear_fc1.weight17
[36m(WorkerDict pid=96394)[0m 	module.language_model.decoder.layers.15.mlp.experts.linear_fc2.weight47
[36m(WorkerDict pid=96394)[0m 	module.language_model.decoder.layers.14.mlp.experts.linear_fc2.weight20
[36m(WorkerDict pid=96394)[0m 	module.language_model.decoder.layers.11.mlp.experts.linear_fc1.weight9
[36m(WorkerDict pid=96394)[0m 	module.language_model.decoder.layers.9.mlp.experts.linear_fc2.weight62
[36m(WorkerDict pid=96394)[0m 	module.language_model.decoder.layers.8.mlp.experts.linear_fc2.weight37
[36m(WorkerDict pid=96394)[0m 	module.language_model.decoder.layers.7.mlp.experts.linear_fc2.weight12
[36m(WorkerDict pid=96394)[0m 	module.language_model.decoder.layers.5.mlp.experts.linear_fc2.weight26
[36m(WorkerDict pid=96394)[0m 	module.language_model.decoder.layers.1.mlp.experts.linear_fc1.weight23
[36m(WorkerDict pid=96394)[0m 	module.language_model.decoder.layers.7.mlp.experts.linear_fc2.weight6
[36m(WorkerDict pid=96394)[0m 	module.language_model.decoder.layers.5.mlp.experts.linear_fc2.weight43
[36m(WorkerDict pid=96394)[0m 	module.language_model.decoder.layers.5.mlp.experts.linear_fc2.weight60
[36m(WorkerDict pid=96394)[0m 	module.language_model.decoder.layers.12.mlp.experts.linear_fc2.weight56
[36m(WorkerDict pid=96394)[0m 	module.language_model.decoder.layers.15.mlp.experts.linear_fc1.weight28
[36m(WorkerDict pid=96394)[0m 	module.language_model.decoder.layers.18.mlp.experts.linear_fc2.weight39
[36m(WorkerDict pid=96394)[0m 	module.language_model.decoder.layers.17.mlp.experts.linear_fc2.weight14
[36m(WorkerDict pid=96394)[0m 	module.language_model.decoder.layers.16.mlp.experts.linear_fc1.weight53
[36m(WorkerDict pid=96394)[0m 	module.language_model.decoder.layers.11.mlp.experts.linear_fc2.weight31
[36m(WorkerDict pid=96394)[0m 	module.language_model.decoder.layers.10.mlp.experts.linear_fc2.weight4
[36m(WorkerDict pid=96394)[0m 	module.language_model.decoder.layers.9.mlp.experts.linear_fc1.weight43
[36m(WorkerDict pid=96394)[0m 	module.language_model.decoder.layers.8.mlp.experts.linear_fc1.weight18
[36m(WorkerDict pid=96394)[0m 	module.language_model.decoder.layers.5.mlp.experts.linear_fc2.weight47
[36m(WorkerDict pid=96394)[0m 	module.language_model.decoder.layers.3.mlp.experts.linear_fc2.weight36
[36m(WorkerDict pid=96394)[0m 	module.language_model.decoder.layers.1.mlp.experts.linear_fc1.weight48
[36m(WorkerDict pid=96394)[0m 	module.language_model.decoder.layers.12.mlp.experts.linear_fc1.weight35
[36m(WorkerDict pid=96394)[0m 	module.language_model.decoder.layers.13.mlp.experts.linear_fc1.weight59
[36m(WorkerDict pid=96394)[0m 	module.language_model.decoder.layers.11.mlp.experts.linear_fc1.weight10
[36m(WorkerDict pid=96394)[0m 	module.language_model.decoder.layers.19.mlp.experts.linear_fc1.weight44
[36m(WorkerDict pid=96394)[0m 	module.language_model.decoder.layers.18.mlp.experts.linear_fc1.weight18
[36m(WorkerDict pid=96394)[0m 	module.language_model.decoder.layers.15.mlp.experts.linear_fc2.weight48
[36m(WorkerDict pid=96394)[0m 	module.language_model.decoder.layers.14.mlp.experts.linear_fc2.weight21
[36m(WorkerDict pid=96394)[0m 	module.language_model.decoder.layers.9.mlp.experts.linear_fc2.weight63
[36m(WorkerDict pid=96394)[0m 	module.language_model.decoder.layers.8.mlp.experts.linear_fc2.weight38
[36m(WorkerDict pid=96394)[0m 	module.language_model.decoder.layers.7.mlp.experts.linear_fc2.weight13
[36m(WorkerDict pid=96394)[0m 	module.language_model.decoder.layers.3.mlp.experts.linear_fc2.weight53
[36m(WorkerDict pid=96394)[0m 	module.language_model.decoder.layers.1.mlp.experts.linear_fc2.weight1
[36m(WorkerDict pid=96394)[0m 	module.language_model.decoder.layers.1.mlp.experts.linear_fc2.weight18
[36m(WorkerDict pid=96394)[0m 	module.language_model.decoder.layers.4.mlp.experts.linear_fc1.weight7
[36m(WorkerDict pid=96394)[0m 	module.language_model.decoder.layers.1.mlp.experts.linear_fc2.weight35
[36m(WorkerDict pid=96394)[0m 	module.language_model.decoder.layers.10.mlp.experts.linear_fc2.weight5
[36m(WorkerDict pid=96394)[0m 	module.language_model.decoder.layers.12.mlp.experts.linear_fc2.weight57
[36m(WorkerDict pid=96394)[0m 	module.language_model.decoder.layers.18.mlp.experts.linear_fc2.weight40
[36m(WorkerDict pid=96394)[0m 	module.language_model.decoder.layers.17.mlp.experts.linear_fc2.weight15
[36m(WorkerDict pid=96394)[0m 	module.language_model.decoder.layers.16.mlp.experts.linear_fc1.weight54
[36m(WorkerDict pid=96394)[0m 	module.language_model.decoder.layers.15.mlp.experts.linear_fc1.weight29
[36m(WorkerDict pid=96394)[0m 	module.language_model.decoder.layers.14.mlp.experts.linear_fc1.weight0
[36m(WorkerDict pid=96394)[0m 	module.language_model.decoder.layers.11.mlp.experts.linear_fc2.weight32
[36m(WorkerDict pid=96394)[0m 	module.language_model.decoder.layers.9.mlp.experts.linear_fc1.weight44
[36m(WorkerDict pid=96394)[0m 	module.language_model.decoder.layers.8.mlp.experts.linear_fc1.weight19
[36m(WorkerDict pid=96394)[0m 	module.language_model.decoder.layers.4.mlp.experts.linear_fc1.weight24
[36m(WorkerDict pid=96394)[0m 	module.language_model.decoder.layers.6.mlp.experts.linear_fc1.weight20
[36m(WorkerDict pid=96394)[0m 	module.language_model.decoder.layers.1.mlp.experts.linear_fc2.weight52
[36m(WorkerDict pid=96394)[0m 	module.language_model.decoder.layers.4.mlp.experts.linear_fc1.weight41
[36m(WorkerDict pid=96394)[0m 	module.language_model.decoder.layers.6.mlp.experts.linear_fc1.weight37
[36m(WorkerDict pid=96394)[0m 	module.language_model.decoder.layers.12.mlp.experts.linear_fc1.weight36
[36m(WorkerDict pid=96394)[0m 	module.language_model.decoder.layers.19.mlp.experts.linear_fc1.weight45
[36m(WorkerDict pid=96394)[0m 	module.language_model.decoder.layers.18.mlp.experts.linear_fc1.weight19
[36m(WorkerDict pid=96394)[0m 	module.language_model.decoder.layers.15.mlp.experts.linear_fc2.weight49
[36m(WorkerDict pid=96394)[0m 	module.language_model.decoder.layers.14.mlp.experts.linear_fc2.weight22
[36m(WorkerDict pid=96394)[0m 	module.language_model.decoder.layers.13.mlp.experts.linear_fc1.weight60
[36m(WorkerDict pid=96394)[0m 	module.language_model.decoder.layers.11.mlp.experts.linear_fc1.weight11
[36m(WorkerDict pid=96394)[0m 	module.language_model.decoder.layers.8.mlp.experts.linear_fc2.weight39
[36m(WorkerDict pid=96394)[0m 	module.language_model.decoder.layers.7.mlp.experts.linear_fc2.weight14
[36m(WorkerDict pid=96394)[0m 	module.language_model.decoder.layers.6.mlp.experts.linear_fc1.weight51
[36m(WorkerDict pid=96394)[0m 	module.language_model.decoder.layers.4.mlp.experts.linear_fc1.weight58
[36m(WorkerDict pid=96394)[0m 	module.language_model.decoder.layers.2.mlp.experts.linear_fc1.weight6
[36m(WorkerDict pid=96394)[0m 	module.language_model.decoder.layers.4.mlp.experts.linear_fc2.weight11
[36m(WorkerDict pid=96394)[0m 	module.language_model.decoder.layers.6.mlp.experts.linear_fc2.weight7
[36m(WorkerDict pid=96394)[0m 	module.language_model.decoder.layers.2.mlp.experts.linear_fc1.weight23
[36m(WorkerDict pid=96394)[0m 	module.language_model.decoder.layers.0.mlp.experts.linear_fc1.weight9
[36m(WorkerDict pid=96394)[0m 	module.language_model.decoder.layers.4.mlp.experts.linear_fc2.weight28
[36m(WorkerDict pid=96394)[0m 	module.language_model.decoder.layers.6.mlp.experts.linear_fc2.weight24
[36m(WorkerDict pid=96394)[0m 	module.language_model.decoder.layers.2.mlp.experts.linear_fc1.weight40
[36m(WorkerDict pid=96394)[0m 	module.language_model.decoder.layers.11.mlp.experts.linear_fc2.weight33
[36m(WorkerDict pid=96394)[0m 	module.language_model.decoder.layers.10.mlp.experts.linear_fc2.weight6
[36m(WorkerDict pid=96394)[0m 	module.language_model.decoder.layers.18.mlp.experts.linear_fc2.weight41
[36m(WorkerDict pid=96394)[0m 	module.language_model.decoder.layers.17.mlp.experts.linear_fc2.weight16
[36m(WorkerDict pid=96394)[0m 	module.language_model.decoder.layers.16.mlp.experts.linear_fc1.weight55
[36m(WorkerDict pid=96394)[0m 	module.language_model.decoder.layers.12.mlp.experts.linear_fc2.weight58
[36m(WorkerDict pid=96394)[0m 	module.language_model.decoder.layers.15.mlp.experts.linear_fc1.weight30
[36m(WorkerDict pid=96394)[0m 	module.language_model.decoder.layers.14.mlp.experts.linear_fc1.weight2
[36m(WorkerDict pid=96394)[0m 	module.language_model.decoder.layers.9.mlp.experts.linear_fc1.weight45
[36m(WorkerDict pid=96394)[0m 	module.language_model.decoder.layers.8.mlp.experts.linear_fc1.weight20
[36m(WorkerDict pid=96394)[0m 	module.language_model.decoder.layers.4.mlp.experts.linear_fc2.weight45
[36m(WorkerDict pid=96394)[0m 	module.language_model.decoder.layers.2.mlp.experts.linear_fc1.weight57
[36m(WorkerDict pid=96394)[0m 	module.language_model.decoder.layers.6.mlp.experts.linear_fc2.weight58
[36m(WorkerDict pid=96394)[0m 	module.language_model.decoder.layers.11.mlp.experts.linear_fc1.weight12
[36m(WorkerDict pid=96394)[0m 	module.language_model.decoder.layers.12.mlp.experts.linear_fc1.weight37
[36m(WorkerDict pid=96394)[0m 	module.language_model.decoder.layers.18.mlp.experts.linear_fc1.weight20
[36m(WorkerDict pid=96394)[0m 	module.language_model.decoder.layers.19.mlp.experts.linear_fc1.weight46
[36m(WorkerDict pid=96394)[0m 	module.language_model.decoder.layers.15.mlp.experts.linear_fc2.weight50
[36m(WorkerDict pid=96394)[0m 	module.language_model.decoder.layers.14.mlp.experts.linear_fc2.weight23
[36m(WorkerDict pid=96394)[0m 	module.language_model.decoder.layers.13.mlp.experts.linear_fc1.weight61
[36m(WorkerDict pid=96394)[0m 	module.language_model.decoder.layers.8.mlp.experts.linear_fc2.weight40
[36m(WorkerDict pid=96394)[0m 	module.language_model.decoder.layers.7.mlp.experts.linear_fc2.weight15
[36m(WorkerDict pid=96394)[0m 	module.language_model.decoder.layers.6.mlp.experts.linear_fc1.weight52
[36m(WorkerDict pid=96394)[0m 	module.language_model.decoder.layers.2.mlp.experts.linear_fc2.weight2
[36m(WorkerDict pid=96394)[0m 	module.language_model.decoder.layers.2.mlp.experts.linear_fc2.weight19
[36m(WorkerDict pid=96394)[0m 	module.language_model.decoder.layers.0.mlp.experts.linear_fc2.weight57
[36m(WorkerDict pid=96394)[0m 	module.language_model.decoder.layers.0.mlp.experts.linear_fc1.weight16
[36m(WorkerDict pid=96394)[0m 	module.language_model.decoder.layers.2.mlp.experts.linear_fc2.weight36
[36m(WorkerDict pid=96394)[0m 	module.language_model.decoder.layers.0.mlp.experts.linear_fc1.weight33
[36m(WorkerDict pid=96394)[0m 	module.language_model.decoder.layers.15.mlp.experts.linear_fc1.weight31
[36m(WorkerDict pid=96394)[0m 	module.language_model.decoder.layers.14.mlp.experts.linear_fc1.weight4
[36m(WorkerDict pid=96394)[0m 	module.language_model.decoder.layers.11.mlp.experts.linear_fc2.weight34
[36m(WorkerDict pid=96394)[0m 	module.language_model.decoder.layers.10.mlp.experts.linear_fc2.weight7
[36m(WorkerDict pid=96394)[0m 	module.language_model.decoder.layers.17.mlp.experts.linear_fc2.weight17
[36m(WorkerDict pid=96394)[0m 	module.language_model.decoder.layers.18.mlp.experts.linear_fc2.weight42
[36m(WorkerDict pid=96394)[0m 	module.language_model.decoder.layers.16.mlp.experts.linear_fc1.weight56
[36m(WorkerDict pid=96394)[0m 	module.language_model.decoder.layers.12.mlp.experts.linear_fc2.weight59
[36m(WorkerDict pid=96394)[0m 	module.language_model.decoder.layers.9.mlp.experts.linear_fc1.weight46
[36m(WorkerDict pid=96394)[0m 	module.language_model.decoder.layers.8.mlp.experts.linear_fc1.weight21
[36m(WorkerDict pid=96394)[0m 	module.language_model.decoder.layers.4.mlp.experts.linear_fc2.weight52
[36m(WorkerDict pid=96394)[0m 	module.language_model.decoder.layers.2.mlp.experts.linear_fc2.weight53
[36m(WorkerDict pid=96394)[0m 	module.language_model.decoder.layers.0.mlp.experts.linear_fc1.weight50
[36m(WorkerDict pid=96394)[0m 	module.language_model.decoder.layers.0.mlp.experts.linear_fc2.weight3
[36m(WorkerDict pid=96394)[0m 	module.language_model.decoder.layers.13.mlp.experts.linear_fc1.weight62
[36m(WorkerDict pid=96394)[0m 	module.language_model.decoder.layers.11.mlp.experts.linear_fc1.weight13
[36m(WorkerDict pid=96394)[0m 	module.language_model.decoder.layers.18.mlp.experts.linear_fc1.weight21
[36m(WorkerDict pid=96394)[0m 	module.language_model.decoder.layers.19.mlp.experts.linear_fc1.weight47
[36m(WorkerDict pid=96394)[0m 	module.language_model.decoder.layers.15.mlp.experts.linear_fc2.weight51
[36m(WorkerDict pid=96394)[0m 	module.language_model.decoder.layers.14.mlp.experts.linear_fc2.weight24
[36m(WorkerDict pid=96394)[0m 	module.language_model.decoder.layers.12.mlp.experts.linear_fc1.weight38
[36m(WorkerDict pid=96394)[0m 	module.language_model.decoder.layers.10.mlp.experts.linear_fc1.weight3
[36m(WorkerDict pid=96394)[0m 	module.language_model.decoder.layers.8.mlp.experts.linear_fc2.weight41
[36m(WorkerDict pid=96394)[0m 	module.language_model.decoder.layers.7.mlp.experts.linear_fc2.weight16
[36m(WorkerDict pid=96394)[0m 	module.language_model.decoder.layers.5.mlp.experts.linear_fc1.weight6
[36m(WorkerDict pid=96394)[0m 	module.language_model.decoder.layers.3.mlp.experts.linear_fc1.weight9
[36m(WorkerDict pid=96394)[0m 	module.language_model.decoder.layers.0.mlp.experts.linear_fc2.weight20
[36m(WorkerDict pid=96394)[0m 	module.language_model.decoder.layers.3.mlp.experts.linear_fc1.weight26
[36m(WorkerDict pid=96394)[0m 	module.language_model.decoder.layers.5.mlp.experts.linear_fc1.weight23
[36m(WorkerDict pid=96394)[0m 	module.language_model.decoder.layers.0.mlp.experts.linear_fc2.weight37
[36m(WorkerDict pid=96394)[0m 	module.language_model.decoder.layers.3.mlp.experts.linear_fc1.weight43
[36m(WorkerDict pid=96394)[0m 	module.language_model.decoder.layers.5.mlp.experts.linear_fc1.weight40
[36m(WorkerDict pid=96394)[0m 	module.language_model.decoder.layers.0.mlp.experts.linear_fc2.weight54
[36m(WorkerDict pid=96394)[0m 	module.language_model.decoder.layers.12.mlp.experts.linear_fc2.weight60
[36m(WorkerDict pid=96394)[0m 	module.language_model.decoder.layers.15.mlp.experts.linear_fc1.weight32
[36m(WorkerDict pid=96394)[0m 	module.language_model.decoder.layers.14.mlp.experts.linear_fc1.weight5
[36m(WorkerDict pid=96394)[0m 	module.language_model.decoder.layers.11.mlp.experts.linear_fc2.weight35
[36m(WorkerDict pid=96394)[0m 	module.language_model.decoder.layers.17.mlp.experts.linear_fc2.weight18
[36m(WorkerDict pid=96394)[0m 	module.language_model.decoder.layers.18.mlp.experts.linear_fc2.weight43
[36m(WorkerDict pid=96394)[0m 	module.language_model.decoder.layers.16.mlp.experts.linear_fc1.weight57
[36m(WorkerDict pid=96394)[0m 	module.language_model.decoder.layers.10.mlp.experts.linear_fc2.weight8
[36m(WorkerDict pid=96394)[0m 	module.language_model.decoder.layers.9.mlp.experts.linear_fc1.weight47
[36m(WorkerDict pid=96394)[0m 	module.language_model.decoder.layers.8.mlp.experts.linear_fc1.weight22
[36m(WorkerDict pid=96394)[0m 	module.language_model.decoder.layers.5.mlp.experts.linear_fc1.weight57
[36m(WorkerDict pid=96394)[0m 	module.language_model.decoder.layers.5.mlp.experts.linear_fc1.weight2
[36m(WorkerDict pid=96394)[0m 	module.language_model.decoder.layers.3.mlp.experts.linear_fc2.weight13
[36m(WorkerDict pid=96394)[0m 	module.language_model.decoder.layers.5.mlp.experts.linear_fc2.weight10
[36m(WorkerDict pid=96394)[0m 	module.language_model.decoder.layers.1.mlp.experts.linear_fc1.weight7
[36m(WorkerDict pid=96394)[0m 	module.language_model.decoder.layers.12.mlp.experts.linear_fc1.weight39
[36m(WorkerDict pid=96394)[0m 	module.language_model.decoder.layers.13.mlp.experts.linear_fc1.weight63
[36m(WorkerDict pid=96394)[0m 	module.language_model.decoder.layers.11.mlp.experts.linear_fc1.weight14
[36m(WorkerDict pid=96394)[0m 	module.language_model.decoder.layers.19.mlp.experts.linear_fc1.weight48
[36m(WorkerDict pid=96394)[0m 	module.language_model.decoder.layers.18.mlp.experts.linear_fc1.weight22
[36m(WorkerDict pid=96394)[0m 	module.language_model.decoder.layers.15.mlp.experts.linear_fc2.weight52
[36m(WorkerDict pid=96394)[0m 	module.language_model.decoder.layers.14.mlp.experts.linear_fc2.weight25
[36m(WorkerDict pid=96394)[0m 	module.language_model.decoder.layers.8.mlp.experts.linear_fc2.weight42
[36m(WorkerDict pid=96394)[0m 	module.language_model.decoder.layers.7.mlp.experts.linear_fc2.weight17
[36m(WorkerDict pid=96394)[0m 	module.language_model.decoder.layers.6.mlp.experts.linear_fc1.weight54
[36m(WorkerDict pid=96394)[0m 	module.language_model.decoder.layers.5.mlp.experts.linear_fc2.weight27
[36m(WorkerDict pid=96394)[0m 	module.language_model.decoder.layers.1.mlp.experts.linear_fc1.weight24
[36m(WorkerDict pid=96394)[0m 	module.language_model.decoder.layers.5.mlp.experts.linear_fc2.weight44
[36m(WorkerDict pid=96394)[0m 	module.language_model.decoder.layers.5.mlp.experts.linear_fc2.weight61
[36m(WorkerDict pid=96394)[0m 	module.language_model.decoder.layers.10.mlp.experts.linear_fc2.weight9
[36m(WorkerDict pid=96394)[0m 	module.language_model.decoder.layers.12.mlp.experts.linear_fc2.weight61
[36m(WorkerDict pid=96394)[0m 	module.language_model.decoder.layers.15.mlp.experts.linear_fc1.weight33
[36m(WorkerDict pid=96394)[0m 	module.language_model.decoder.layers.14.mlp.experts.linear_fc1.weight6
[36m(WorkerDict pid=96394)[0m 	module.language_model.decoder.layers.18.mlp.experts.linear_fc2.weight44
[36m(WorkerDict pid=96394)[0m 	module.language_model.decoder.layers.17.mlp.experts.linear_fc2.weight19
[36m(WorkerDict pid=96394)[0m 	module.language_model.decoder.layers.16.mlp.experts.linear_fc1.weight58
[36m(WorkerDict pid=96394)[0m 	module.language_model.decoder.layers.11.mlp.experts.linear_fc2.weight36
[36m(WorkerDict pid=96394)[0m 	module.language_model.decoder.layers.9.mlp.experts.linear_fc1.weight48
[36m(WorkerDict pid=96394)[0m 	module.language_model.decoder.layers.8.mlp.experts.linear_fc1.weight23
[36m(WorkerDict pid=96394)[0m 	module.language_model.decoder.layers.7.mlp.experts.linear_fc2.weight58
[36m(WorkerDict pid=96394)[0m 	module.language_model.decoder.layers.1.mlp.experts.linear_fc2.weight59
[36m(WorkerDict pid=96394)[0m 	module.language_model.decoder.layers.12.mlp.experts.linear_fc1.weight40
[36m(WorkerDict pid=96394)[0m 	module.language_model.decoder.layers.13.mlp.experts.linear_fc2.weight0
[36m(WorkerDict pid=96394)[0m 	module.language_model.decoder.layers.19.mlp.experts.linear_fc1.weight49
[36m(WorkerDict pid=96394)[0m 	module.language_model.decoder.layers.18.mlp.experts.linear_fc1.weight23
[36m(WorkerDict pid=96394)[0m 	module.language_model.decoder.layers.15.mlp.experts.linear_fc2.weight53
[36m(WorkerDict pid=96394)[0m 	module.language_model.decoder.layers.14.mlp.experts.linear_fc2.weight26
[36m(WorkerDict pid=96394)[0m 	module.language_model.decoder.layers.11.mlp.experts.linear_fc1.weight15
[36m(WorkerDict pid=96394)[0m 	module.language_model.decoder.layers.8.mlp.experts.linear_fc2.weight43
[36m(WorkerDict pid=96394)[0m 	module.language_model.decoder.layers.7.mlp.experts.linear_fc2.weight18
[36m(WorkerDict pid=96394)[0m 	module.language_model.decoder.layers.6.mlp.experts.linear_fc1.weight55
[36m(WorkerDict pid=96394)[0m 	module.language_model.decoder.layers.3.mlp.experts.linear_fc2.weight37
[36m(WorkerDict pid=96394)[0m 	module.language_model.decoder.layers.3.mlp.experts.linear_fc2.weight54
[36m(WorkerDict pid=96394)[0m 	module.language_model.decoder.layers.1.mlp.experts.linear_fc2.weight2
[36m(WorkerDict pid=96394)[0m 	module.language_model.decoder.layers.1.mlp.experts.linear_fc2.weight19
[36m(WorkerDict pid=96394)[0m 	module.language_model.decoder.layers.4.mlp.experts.linear_fc1.weight8
[36m(WorkerDict pid=96394)[0m 	module.language_model.decoder.layers.1.mlp.experts.linear_fc2.weight36
[36m(WorkerDict pid=96394)[0m 	module.language_model.decoder.layers.11.mlp.experts.linear_fc2.weight37
[36m(WorkerDict pid=96394)[0m 	module.language_model.decoder.layers.10.mlp.experts.linear_fc2.weight10
[36m(WorkerDict pid=96394)[0m 	module.language_model.decoder.layers.12.mlp.experts.linear_fc2.weight62
[36m(WorkerDict pid=96394)[0m 	module.language_model.decoder.layers.18.mlp.experts.linear_fc2.weight45
[36m(WorkerDict pid=96394)[0m 	module.language_model.decoder.layers.17.mlp.experts.linear_fc2.weight20
[36m(WorkerDict pid=96394)[0m 	module.language_model.decoder.layers.16.mlp.experts.linear_fc1.weight59
[36m(WorkerDict pid=96394)[0m 	module.language_model.decoder.layers.15.mlp.experts.linear_fc1.weight34
[36m(WorkerDict pid=96394)[0m 	module.language_model.decoder.layers.14.mlp.experts.linear_fc1.weight7
[36m(WorkerDict pid=96394)[0m 	module.language_model.decoder.layers.9.mlp.experts.linear_fc1.weight49
[36m(WorkerDict pid=96394)[0m 	module.language_model.decoder.layers.8.mlp.experts.linear_fc1.weight24
[36m(WorkerDict pid=96394)[0m 	module.language_model.decoder.layers.2.mlp.experts.linear_fc2.weight63
[36m(WorkerDict pid=96394)[0m 	module.language_model.decoder.layers.4.mlp.experts.linear_fc1.weight25
[36m(WorkerDict pid=96394)[0m 	module.language_model.decoder.layers.6.mlp.experts.linear_fc1.weight21
[36m(WorkerDict pid=96394)[0m 	module.language_model.decoder.layers.1.mlp.experts.linear_fc2.weight53
[36m(WorkerDict pid=96394)[0m 	module.language_model.decoder.layers.11.mlp.experts.linear_fc1.weight16
[36m(WorkerDict pid=96394)[0m 	module.language_model.decoder.layers.12.mlp.experts.linear_fc1.weight41
[36m(WorkerDict pid=96394)[0m 	module.language_model.decoder.layers.13.mlp.experts.linear_fc2.weight1
[36m(WorkerDict pid=96394)[0m 	module.language_model.decoder.layers.18.mlp.experts.linear_fc1.weight24
[36m(WorkerDict pid=96394)[0m 	module.language_model.decoder.layers.19.mlp.experts.linear_fc1.weight50
[36m(WorkerDict pid=96394)[0m 	module.language_model.decoder.layers.15.mlp.experts.linear_fc2.weight54
[36m(WorkerDict pid=96394)[0m 	module.language_model.decoder.layers.14.mlp.experts.linear_fc2.weight27
[36m(WorkerDict pid=96394)[0m 	module.language_model.decoder.layers.8.mlp.experts.linear_fc2.weight44
[36m(WorkerDict pid=96394)[0m 	module.language_model.decoder.layers.7.mlp.experts.linear_fc2.weight19
[36m(WorkerDict pid=96394)[0m 	module.language_model.decoder.layers.6.mlp.experts.linear_fc1.weight56
[36m(WorkerDict pid=96394)[0m 	module.language_model.decoder.layers.6.mlp.experts.linear_fc1.weight38
[36m(WorkerDict pid=96394)[0m 	module.language_model.decoder.layers.4.mlp.experts.linear_fc1.weight59
[36m(WorkerDict pid=96394)[0m 	module.language_model.decoder.layers.2.mlp.experts.linear_fc1.weight7
[36m(WorkerDict pid=96394)[0m 	module.language_model.decoder.layers.4.mlp.experts.linear_fc2.weight12
[36m(WorkerDict pid=96394)[0m 	module.language_model.decoder.layers.6.mlp.experts.linear_fc2.weight8
[36m(WorkerDict pid=96394)[0m 	module.language_model.decoder.layers.2.mlp.experts.linear_fc1.weight24
[36m(WorkerDict pid=96394)[0m 	module.language_model.decoder.layers.0.mlp.experts.linear_fc1.weight10
[36m(WorkerDict pid=96394)[0m 	module.language_model.decoder.layers.4.mlp.experts.linear_fc2.weight29
[36m(WorkerDict pid=96394)[0m 	module.language_model.decoder.layers.6.mlp.experts.linear_fc2.weight25
[36m(WorkerDict pid=96394)[0m 	module.language_model.decoder.layers.2.mlp.experts.linear_fc1.weight41
[36m(WorkerDict pid=96394)[0m 	module.language_model.decoder.layers.15.mlp.experts.linear_fc1.weight35
[36m(WorkerDict pid=96394)[0m 	module.language_model.decoder.layers.14.mlp.experts.linear_fc1.weight8
[36m(WorkerDict pid=96394)[0m 	module.language_model.decoder.layers.11.mlp.experts.linear_fc2.weight38
[36m(WorkerDict pid=96394)[0m 	module.language_model.decoder.layers.10.mlp.experts.linear_fc2.weight11
[36m(WorkerDict pid=96394)[0m 	module.language_model.decoder.layers.12.mlp.experts.linear_fc2.weight63
[36m(WorkerDict pid=96394)[0m 	module.language_model.decoder.layers.17.mlp.experts.linear_fc2.weight21
[36m(WorkerDict pid=96394)[0m 	module.language_model.decoder.layers.18.mlp.experts.linear_fc2.weight46
[36m(WorkerDict pid=96394)[0m 	module.language_model.decoder.layers.16.mlp.experts.linear_fc1.weight60
[36m(WorkerDict pid=96394)[0m 	module.language_model.decoder.layers.9.mlp.experts.linear_fc1.weight50
[36m(WorkerDict pid=96394)[0m 	module.language_model.decoder.layers.8.mlp.experts.linear_fc1.weight25
[36m(WorkerDict pid=96394)[0m 	module.language_model.decoder.layers.4.mlp.experts.linear_fc2.weight46
[36m(WorkerDict pid=96394)[0m 	module.language_model.decoder.layers.2.mlp.experts.linear_fc1.weight58
[36m(WorkerDict pid=96394)[0m 	module.language_model.decoder.layers.4.mlp.experts.linear_fc1.weight42
[36m(WorkerDict pid=96394)[0m 	module.language_model.decoder.layers.14.mlp.experts.linear_fc2.weight28
[36m(WorkerDict pid=96394)[0m 	module.language_model.decoder.layers.13.mlp.experts.linear_fc2.weight2
[36m(WorkerDict pid=96394)[0m 	module.language_model.decoder.layers.11.mlp.experts.linear_fc1.weight17
[36m(WorkerDict pid=96394)[0m 	module.language_model.decoder.layers.12.mlp.experts.linear_fc1.weight42
[36m(WorkerDict pid=96394)[0m 	module.language_model.decoder.layers.18.mlp.experts.linear_fc1.weight25
[36m(WorkerDict pid=96394)[0m 	module.language_model.decoder.layers.19.mlp.experts.linear_fc1.weight51
[36m(WorkerDict pid=96394)[0m 	module.language_model.decoder.layers.17.mlp.experts.linear_fc1.weight1
[36m(WorkerDict pid=96394)[0m 	module.language_model.decoder.layers.15.mlp.experts.linear_fc2.weight55
[36m(WorkerDict pid=96394)[0m 	module.language_model.decoder.layers.8.mlp.experts.linear_fc2.weight45
[36m(WorkerDict pid=96394)[0m 	module.language_model.decoder.layers.7.mlp.experts.linear_fc2.weight20
[36m(WorkerDict pid=96394)[0m 	module.language_model.decoder.layers.2.mlp.experts.linear_fc2.weight3
[36m(WorkerDict pid=96394)[0m 	module.language_model.decoder.layers.2.mlp.experts.linear_fc2.weight20
[36m(WorkerDict pid=96394)[0m 	module.language_model.decoder.layers.0.mlp.experts.linear_fc1.weight17
[36m(WorkerDict pid=96394)[0m 	module.language_model.decoder.layers.2.mlp.experts.linear_fc2.weight37
[36m(WorkerDict pid=96394)[0m 	module.language_model.decoder.layers.0.mlp.experts.linear_fc1.weight34
[36m(WorkerDict pid=96394)[0m 	module.language_model.decoder.layers.15.mlp.experts.linear_fc1.weight36
[36m(WorkerDict pid=96394)[0m 	module.language_model.decoder.layers.14.mlp.experts.linear_fc1.weight9
[36m(WorkerDict pid=96394)[0m 	module.language_model.decoder.layers.11.mlp.experts.linear_fc2.weight39
[36m(WorkerDict pid=96394)[0m 	module.language_model.decoder.layers.10.mlp.experts.linear_fc2.weight12
[36m(WorkerDict pid=96394)[0m 	module.language_model.decoder.layers.17.mlp.experts.linear_fc2.weight22
[36m(WorkerDict pid=96394)[0m 	module.language_model.decoder.layers.18.mlp.experts.linear_fc2.weight47
[36m(WorkerDict pid=96394)[0m 	module.language_model.decoder.layers.16.mlp.experts.linear_fc1.weight61
[36m(WorkerDict pid=96394)[0m 	module.language_model.decoder.layers.9.mlp.experts.linear_fc1.weight51
[36m(WorkerDict pid=96394)[0m 	module.language_model.decoder.layers.8.mlp.experts.linear_fc1.weight26
[36m(WorkerDict pid=96394)[0m 	module.language_model.decoder.layers.5.mlp.experts.linear_fc2.weight55
[36m(WorkerDict pid=96394)[0m 	module.language_model.decoder.layers.4.mlp.experts.linear_fc2.weight53
[36m(WorkerDict pid=96394)[0m 	module.language_model.decoder.layers.2.mlp.experts.linear_fc2.weight54
[36m(WorkerDict pid=96394)[0m 	module.language_model.decoder.layers.0.mlp.experts.linear_fc1.weight51
[36m(WorkerDict pid=96394)[0m 	module.language_model.decoder.layers.12.mlp.experts.linear_fc1.weight43
[36m(WorkerDict pid=96394)[0m 	module.language_model.decoder.layers.13.mlp.experts.linear_fc2.weight3
[36m(WorkerDict pid=96394)[0m 	module.language_model.decoder.layers.11.mlp.experts.linear_fc1.weight18
[36m(WorkerDict pid=96394)[0m 	module.language_model.decoder.layers.18.mlp.experts.linear_fc1.weight26
[36m(WorkerDict pid=96394)[0m 	module.language_model.decoder.layers.19.mlp.experts.linear_fc1.weight52
[36m(WorkerDict pid=96394)[0m 	module.language_model.decoder.layers.15.mlp.experts.linear_fc2.weight56
[36m(WorkerDict pid=96394)[0m 	module.language_model.decoder.layers.14.mlp.experts.linear_fc2.weight29
[36m(WorkerDict pid=96394)[0m 	module.language_model.decoder.layers.8.mlp.experts.linear_fc2.weight46
[36m(WorkerDict pid=96394)[0m 	module.language_model.decoder.layers.7.mlp.experts.linear_fc2.weight21
[36m(WorkerDict pid=96394)[0m 	module.language_model.decoder.layers.6.mlp.experts.linear_fc1.weight58
[36m(WorkerDict pid=96394)[0m 	module.language_model.decoder.layers.0.mlp.experts.linear_fc2.weight4
[36m(WorkerDict pid=96394)[0m 	module.language_model.decoder.layers.3.mlp.experts.linear_fc1.weight10
[36m(WorkerDict pid=96394)[0m 	module.language_model.decoder.layers.5.mlp.experts.linear_fc1.weight7
[36m(WorkerDict pid=96394)[0m 	module.language_model.decoder.layers.0.mlp.experts.linear_fc2.weight21
[36m(WorkerDict pid=96394)[0m 	module.language_model.decoder.layers.3.mlp.experts.linear_fc1.weight27
[36m(WorkerDict pid=96394)[0m 	module.language_model.decoder.layers.5.mlp.experts.linear_fc1.weight24
[36m(WorkerDict pid=96394)[0m 	module.language_model.decoder.layers.0.mlp.experts.linear_fc2.weight38
[36m(WorkerDict pid=96394)[0m 	module.language_model.decoder.layers.3.mlp.experts.linear_fc1.weight44
[36m(WorkerDict pid=96394)[0m 	module.language_model.decoder.layers.5.mlp.experts.linear_fc1.weight41
[36m(WorkerDict pid=96394)[0m 	module.language_model.decoder.layers.0.mlp.experts.linear_fc2.weight55
[36m(WorkerDict pid=96394)[0m 	module.language_model.decoder.layers.10.mlp.experts.linear_fc2.weight13
[36m(WorkerDict pid=96394)[0m 	module.language_model.decoder.layers.14.mlp.experts.linear_fc1.weight10
[36m(WorkerDict pid=96394)[0m 	module.language_model.decoder.layers.11.mlp.experts.linear_fc2.weight40
[36m(WorkerDict pid=96394)[0m 	module.language_model.decoder.layers.17.mlp.experts.linear_fc2.weight23
[36m(WorkerDict pid=96394)[0m 	module.language_model.decoder.layers.18.mlp.experts.linear_fc2.weight48
[36m(WorkerDict pid=96394)[0m 	module.language_model.decoder.layers.16.mlp.experts.linear_fc1.weight62
[36m(WorkerDict pid=96394)[0m 	module.language_model.decoder.layers.15.mlp.experts.linear_fc1.weight37
[36m(WorkerDict pid=96394)[0m 	module.language_model.decoder.layers.9.mlp.experts.linear_fc1.weight52
[36m(WorkerDict pid=96394)[0m 	module.language_model.decoder.layers.8.mlp.experts.linear_fc1.weight27
[36m(WorkerDict pid=96394)[0m 	module.language_model.decoder.layers.7.mlp.experts.linear_fc1.weight0
[36m(WorkerDict pid=96394)[0m 	module.language_model.decoder.layers.5.mlp.experts.linear_fc1.weight58
[36m(WorkerDict pid=96394)[0m 	module.language_model.decoder.layers.3.mlp.experts.linear_fc1.weight61
[36m(WorkerDict pid=96394)[0m 	module.language_model.decoder.layers.3.mlp.experts.linear_fc2.weight14
[36m(WorkerDict pid=96394)[0m 	module.language_model.decoder.layers.5.mlp.experts.linear_fc2.weight11
[36m(WorkerDict pid=96394)[0m 	module.language_model.decoder.layers.11.mlp.experts.linear_fc1.weight19
[36m(WorkerDict pid=96394)[0m 	module.language_model.decoder.layers.12.mlp.experts.linear_fc1.weight44
[36m(WorkerDict pid=96394)[0m 	module.language_model.decoder.layers.13.mlp.experts.linear_fc2.weight4
[36m(WorkerDict pid=96394)[0m 	module.language_model.decoder.layers.18.mlp.experts.linear_fc1.weight27
[36m(WorkerDict pid=96394)[0m 	module.language_model.decoder.layers.19.mlp.experts.linear_fc1.weight53
[36m(WorkerDict pid=96394)[0m 	module.language_model.decoder.layers.17.mlp.experts.linear_fc1.weight0
[36m(WorkerDict pid=96394)[0m 	module.language_model.decoder.layers.15.mlp.experts.linear_fc2.weight57
[36m(WorkerDict pid=96394)[0m 	module.language_model.decoder.layers.14.mlp.experts.linear_fc2.weight30
[36m(WorkerDict pid=96394)[0m 	module.language_model.decoder.layers.8.mlp.experts.linear_fc2.weight47
[36m(WorkerDict pid=96394)[0m 	module.language_model.decoder.layers.7.mlp.experts.linear_fc2.weight22
[36m(WorkerDict pid=96394)[0m 	module.language_model.decoder.layers.1.mlp.experts.linear_fc1.weight8
[36m(WorkerDict pid=96394)[0m 	module.language_model.decoder.layers.5.mlp.experts.linear_fc2.weight28
[36m(WorkerDict pid=96394)[0m 	module.language_model.decoder.layers.1.mlp.experts.linear_fc1.weight25
[36m(WorkerDict pid=96394)[0m 	module.language_model.decoder.layers.1.mlp.experts.linear_fc2.weight49
[36m(WorkerDict pid=96394)[0m 	module.language_model.decoder.layers.5.mlp.experts.linear_fc2.weight45
[36m(WorkerDict pid=96394)[0m 	module.language_model.decoder.layers.5.mlp.experts.linear_fc2.weight62
[36m(WorkerDict pid=96394)[0m 	module.language_model.decoder.layers.18.mlp.experts.linear_fc2.weight49
[36m(WorkerDict pid=96394)[0m 	module.language_model.decoder.layers.17.mlp.experts.linear_fc2.weight24
[36m(WorkerDict pid=96394)[0m 	module.language_model.decoder.layers.16.mlp.experts.linear_fc1.weight63
[36m(WorkerDict pid=96394)[0m 	module.language_model.decoder.layers.15.mlp.experts.linear_fc1.weight38
[36m(WorkerDict pid=96394)[0m 	module.language_model.decoder.layers.11.mlp.experts.linear_fc2.weight41
[36m(WorkerDict pid=96394)[0m 	module.language_model.decoder.layers.10.mlp.experts.linear_fc2.weight14
[36m(WorkerDict pid=96394)[0m 	module.language_model.decoder.layers.14.mlp.experts.linear_fc1.weight11
[36m(WorkerDict pid=96394)[0m 	module.language_model.decoder.layers.9.mlp.experts.linear_fc1.weight53
[36m(WorkerDict pid=96394)[0m 	module.language_model.decoder.layers.8.mlp.experts.linear_fc1.weight28
[36m(WorkerDict pid=96394)[0m 	module.language_model.decoder.layers.7.mlp.experts.linear_fc1.weight2
[36m(WorkerDict pid=96394)[0m 	module.language_model.decoder.layers.19.mlp.experts.linear_fc1.weight54
[36m(WorkerDict pid=96394)[0m 	module.language_model.decoder.layers.18.mlp.experts.linear_fc1.weight28
[36m(WorkerDict pid=96394)[0m 	module.language_model.decoder.layers.17.mlp.experts.linear_fc1.weight2
[36m(WorkerDict pid=96394)[0m 	module.language_model.decoder.layers.15.mlp.experts.linear_fc2.weight58
[36m(WorkerDict pid=96394)[0m 	module.language_model.decoder.layers.11.mlp.experts.linear_fc1.weight20
[36m(WorkerDict pid=96394)[0m 	module.language_model.decoder.layers.12.mlp.experts.linear_fc1.weight45
[36m(WorkerDict pid=96394)[0m 	module.language_model.decoder.layers.14.mlp.experts.linear_fc2.weight31
[36m(WorkerDict pid=96394)[0m 	module.language_model.decoder.layers.13.mlp.experts.linear_fc2.weight5
[36m(WorkerDict pid=96394)[0m 	module.language_model.decoder.layers.8.mlp.experts.linear_fc2.weight48
[36m(WorkerDict pid=96394)[0m 	module.language_model.decoder.layers.7.mlp.experts.linear_fc2.weight23
[36m(WorkerDict pid=96394)[0m 	module.language_model.decoder.layers.3.mlp.experts.linear_fc2.weight38
[36m(WorkerDict pid=96394)[0m 	module.language_model.decoder.layers.1.mlp.experts.linear_fc1.weight50
[36m(WorkerDict pid=96394)[0m 	module.language_model.decoder.layers.3.mlp.experts.linear_fc2.weight55
[36m(WorkerDict pid=96394)[0m 	module.language_model.decoder.layers.1.mlp.experts.linear_fc2.weight3
[36m(WorkerDict pid=96394)[0m 	module.language_model.decoder.layers.1.mlp.experts.linear_fc2.weight20
[36m(WorkerDict pid=96394)[0m 	module.language_model.decoder.layers.4.mlp.experts.linear_fc1.weight9
[36m(WorkerDict pid=96394)[0m 	module.language_model.decoder.layers.6.mlp.experts.linear_fc1.weight5
[36m(WorkerDict pid=96394)[0m 	module.language_model.decoder.layers.1.mlp.experts.linear_fc2.weight37
[36m(WorkerDict pid=96394)[0m 	module.language_model.decoder.layers.18.mlp.experts.linear_fc2.weight50
[36m(WorkerDict pid=96394)[0m 	module.language_model.decoder.layers.17.mlp.experts.linear_fc2.weight25
[36m(WorkerDict pid=96394)[0m 	module.language_model.decoder.layers.16.mlp.experts.linear_fc2.weight0
[36m(WorkerDict pid=96394)[0m 	module.language_model.decoder.layers.15.mlp.experts.linear_fc1.weight39
[36m(WorkerDict pid=96394)[0m 	module.language_model.decoder.layers.14.mlp.experts.linear_fc1.weight12
[36m(WorkerDict pid=96394)[0m 	module.language_model.decoder.layers.11.mlp.experts.linear_fc2.weight42
[36m(WorkerDict pid=96394)[0m 	module.language_model.decoder.layers.10.mlp.experts.linear_fc2.weight15
[36m(WorkerDict pid=96394)[0m 	module.language_model.decoder.layers.13.mlp.experts.linear_fc1.weight3
[36m(WorkerDict pid=96394)[0m 	module.language_model.decoder.layers.9.mlp.experts.linear_fc1.weight54
[36m(WorkerDict pid=96394)[0m 	module.language_model.decoder.layers.8.mlp.experts.linear_fc1.weight29
[36m(WorkerDict pid=96394)[0m 	module.language_model.decoder.layers.4.mlp.experts.linear_fc1.weight26
[36m(WorkerDict pid=96394)[0m 	module.language_model.decoder.layers.6.mlp.experts.linear_fc1.weight22
[36m(WorkerDict pid=96394)[0m 	module.language_model.decoder.layers.1.mlp.experts.linear_fc2.weight54
[36m(WorkerDict pid=96394)[0m 	module.language_model.decoder.layers.14.mlp.experts.linear_fc2.weight32
[36m(WorkerDict pid=96394)[0m 	module.language_model.decoder.layers.13.mlp.experts.linear_fc2.weight6
[36m(WorkerDict pid=96394)[0m 	module.language_model.decoder.layers.18.mlp.experts.linear_fc1.weight29
[36m(WorkerDict pid=96394)[0m 	module.language_model.decoder.layers.19.mlp.experts.linear_fc1.weight55
[36m(WorkerDict pid=96394)[0m 	module.language_model.decoder.layers.17.mlp.experts.linear_fc1.weight4
[36m(WorkerDict pid=96394)[0m 	module.language_model.decoder.layers.15.mlp.experts.linear_fc2.weight59
[36m(WorkerDict pid=96394)[0m 	module.language_model.decoder.layers.11.mlp.experts.linear_fc1.weight21
[36m(WorkerDict pid=96394)[0m 	module.language_model.decoder.layers.12.mlp.experts.linear_fc1.weight46
[36m(WorkerDict pid=96394)[0m 	module.language_model.decoder.layers.8.mlp.experts.linear_fc2.weight49
[36m(WorkerDict pid=96394)[0m 	module.language_model.decoder.layers.7.mlp.experts.linear_fc2.weight24
[36m(WorkerDict pid=96394)[0m 	module.language_model.decoder.layers.6.mlp.experts.linear_fc1.weight39
[36m(WorkerDict pid=96394)[0m 	module.language_model.decoder.layers.4.mlp.experts.linear_fc1.weight43
[36m(WorkerDict pid=96394)[0m 	module.language_model.decoder.layers.4.mlp.experts.linear_fc1.weight60
[36m(WorkerDict pid=96394)[0m 	module.language_model.decoder.layers.2.mlp.experts.linear_fc1.weight8
[36m(WorkerDict pid=96394)[0m 	module.language_model.decoder.layers.4.mlp.experts.linear_fc2.weight13
[36m(WorkerDict pid=96394)[0m 	module.language_model.decoder.layers.6.mlp.experts.linear_fc2.weight9
[36m(WorkerDict pid=96394)[0m 	module.language_model.decoder.layers.2.mlp.experts.linear_fc1.weight25
[36m(WorkerDict pid=96394)[0m 	module.language_model.decoder.layers.0.mlp.experts.linear_fc1.weight11
[36m(WorkerDict pid=96394)[0m 	module.language_model.decoder.layers.4.mlp.experts.linear_fc2.weight30
[36m(WorkerDict pid=96394)[0m 	module.language_model.decoder.layers.6.mlp.experts.linear_fc2.weight26
[36m(WorkerDict pid=96394)[0m 	module.language_model.decoder.layers.2.mlp.experts.linear_fc1.weight42
[36m(WorkerDict pid=96394)[0m 	module.language_model.decoder.layers.17.mlp.experts.linear_fc2.weight26
[36m(WorkerDict pid=96394)[0m 	module.language_model.decoder.layers.18.mlp.experts.linear_fc2.weight51
[36m(WorkerDict pid=96394)[0m 	module.language_model.decoder.layers.16.mlp.experts.linear_fc2.weight1
[36m(WorkerDict pid=96394)[0m 	module.language_model.decoder.layers.15.mlp.experts.linear_fc1.weight40
[36m(WorkerDict pid=96394)[0m 	module.language_model.decoder.layers.14.mlp.experts.linear_fc1.weight13
[36m(WorkerDict pid=96394)[0m 	module.language_model.decoder.layers.11.mlp.experts.linear_fc2.weight43
[36m(WorkerDict pid=96394)[0m 	module.language_model.decoder.layers.10.mlp.experts.linear_fc2.weight16
[36m(WorkerDict pid=96394)[0m 	module.language_model.decoder.layers.9.mlp.experts.linear_fc1.weight55
[36m(WorkerDict pid=96394)[0m 	module.language_model.decoder.layers.8.mlp.experts.linear_fc1.weight30
[36m(WorkerDict pid=96394)[0m 	module.language_model.decoder.layers.7.mlp.experts.linear_fc1.weight5
[36m(WorkerDict pid=96394)[0m 	module.language_model.decoder.layers.4.mlp.experts.linear_fc2.weight47
[36m(WorkerDict pid=96394)[0m 	module.language_model.decoder.layers.6.mlp.experts.linear_fc2.weight43
[36m(WorkerDict pid=96394)[0m 	module.language_model.decoder.layers.2.mlp.experts.linear_fc1.weight59
[36m(WorkerDict pid=96394)[0m 	module.language_model.decoder.layers.12.mlp.experts.linear_fc1.weight47
[36m(WorkerDict pid=96394)[0m 	module.language_model.decoder.layers.18.mlp.experts.linear_fc1.weight30
[36m(WorkerDict pid=96394)[0m 	module.language_model.decoder.layers.19.mlp.experts.linear_fc1.weight56
[36m(WorkerDict pid=96394)[0m 	module.language_model.decoder.layers.17.mlp.experts.linear_fc1.weight5
[36m(WorkerDict pid=96394)[0m 	module.language_model.decoder.layers.15.mlp.experts.linear_fc2.weight60
[36m(WorkerDict pid=96394)[0m 	module.language_model.decoder.layers.14.mlp.experts.linear_fc2.weight33
[36m(WorkerDict pid=96394)[0m 	module.language_model.decoder.layers.13.mlp.experts.linear_fc2.weight7
[36m(WorkerDict pid=96394)[0m 	module.language_model.decoder.layers.11.mlp.experts.linear_fc1.weight22
[36m(WorkerDict pid=96394)[0m 	module.language_model.decoder.layers.8.mlp.experts.linear_fc2.weight50
[36m(WorkerDict pid=96394)[0m 	module.language_model.decoder.layers.7.mlp.experts.linear_fc2.weight25
[36m(WorkerDict pid=96394)[0m 	module.language_model.decoder.layers.6.mlp.experts.linear_fc2.weight60
[36m(WorkerDict pid=96394)[0m 	module.language_model.decoder.layers.2.mlp.experts.linear_fc2.weight4
[36m(WorkerDict pid=96394)[0m 	module.language_model.decoder.layers.2.mlp.experts.linear_fc2.weight21
[36m(WorkerDict pid=96394)[0m 	module.language_model.decoder.layers.0.mlp.experts.linear_fc1.weight18
[36m(WorkerDict pid=96394)[0m 	module.language_model.decoder.layers.2.mlp.experts.linear_fc2.weight38
[36m(WorkerDict pid=96394)[0m 	module.language_model.decoder.layers.0.mlp.experts.linear_fc1.weight35
[36m(WorkerDict pid=96394)[0m 	module.language_model.decoder.layers.10.mlp.experts.linear_fc2.weight17
[36m(WorkerDict pid=96394)[0m 	module.language_model.decoder.layers.17.mlp.experts.linear_fc2.weight27
[36m(WorkerDict pid=96394)[0m 	module.language_model.decoder.layers.18.mlp.experts.linear_fc2.weight52
[36m(WorkerDict pid=96394)[0m 	module.language_model.decoder.layers.16.mlp.experts.linear_fc2.weight2
[36m(WorkerDict pid=96394)[0m 	module.language_model.decoder.layers.15.mlp.experts.linear_fc1.weight41
[36m(WorkerDict pid=96394)[0m 	module.language_model.decoder.layers.14.mlp.experts.linear_fc1.weight14
[36m(WorkerDict pid=96394)[0m 	module.language_model.decoder.layers.11.mlp.experts.linear_fc2.weight44
[36m(WorkerDict pid=96394)[0m 	module.language_model.decoder.layers.9.mlp.experts.linear_fc1.weight56
[36m(WorkerDict pid=96394)[0m 	module.language_model.decoder.layers.8.mlp.experts.linear_fc1.weight31
[36m(WorkerDict pid=96394)[0m 	module.language_model.decoder.layers.7.mlp.experts.linear_fc1.weight6
[36m(WorkerDict pid=96394)[0m 	module.language_model.decoder.layers.4.mlp.experts.linear_fc2.weight54
[36m(WorkerDict pid=96394)[0m 	module.language_model.decoder.layers.2.mlp.experts.linear_fc2.weight55
[36m(WorkerDict pid=96394)[0m 	module.language_model.decoder.layers.0.mlp.experts.linear_fc1.weight52
[36m(WorkerDict pid=96394)[0m 	module.language_model.decoder.layers.19.mlp.experts.linear_fc1.weight57
[36m(WorkerDict pid=96394)[0m 	module.language_model.decoder.layers.18.mlp.experts.linear_fc1.weight31
[36m(WorkerDict pid=96394)[0m 	module.language_model.decoder.layers.17.mlp.experts.linear_fc1.weight6
[36m(WorkerDict pid=96394)[0m 	module.language_model.decoder.layers.15.mlp.experts.linear_fc2.weight61
[36m(WorkerDict pid=96394)[0m 	module.language_model.decoder.layers.12.mlp.experts.linear_fc1.weight48
[36m(WorkerDict pid=96394)[0m 	module.language_model.decoder.layers.14.mlp.experts.linear_fc2.weight34
[36m(WorkerDict pid=96394)[0m 	module.language_model.decoder.layers.13.mlp.experts.linear_fc2.weight8
[36m(WorkerDict pid=96394)[0m 	module.language_model.decoder.layers.11.mlp.experts.linear_fc1.weight23
[36m(WorkerDict pid=96394)[0m 	module.language_model.decoder.layers.8.mlp.experts.linear_fc2.weight51
[36m(WorkerDict pid=96394)[0m 	module.language_model.decoder.layers.7.mlp.experts.linear_fc2.weight26
[36m(WorkerDict pid=96394)[0m 	module.language_model.decoder.layers.0.mlp.experts.linear_fc2.weight5
[36m(WorkerDict pid=96394)[0m 	module.language_model.decoder.layers.3.mlp.experts.linear_fc1.weight11
[36m(WorkerDict pid=96394)[0m 	module.language_model.decoder.layers.5.mlp.experts.linear_fc1.weight8
[36m(WorkerDict pid=96394)[0m 	module.language_model.decoder.layers.0.mlp.experts.linear_fc2.weight22
[36m(WorkerDict pid=96394)[0m 	module.language_model.decoder.layers.3.mlp.experts.linear_fc1.weight28
[36m(WorkerDict pid=96394)[0m 	module.language_model.decoder.layers.5.mlp.experts.linear_fc1.weight25
[36m(WorkerDict pid=96394)[0m 	module.language_model.decoder.layers.0.mlp.experts.linear_fc2.weight39
[36m(WorkerDict pid=96394)[0m 	module.language_model.decoder.layers.3.mlp.experts.linear_fc1.weight45
[36m(WorkerDict pid=96394)[0m 	module.language_model.decoder.layers.5.mlp.experts.linear_fc1.weight42
[36m(WorkerDict pid=96394)[0m 	module.language_model.decoder.layers.0.mlp.experts.linear_fc2.weight56
[36m(WorkerDict pid=96394)[0m 	module.language_model.decoder.layers.11.mlp.experts.linear_fc2.weight45
[36m(WorkerDict pid=96394)[0m 	module.language_model.decoder.layers.17.mlp.experts.linear_fc2.weight28
[36m(WorkerDict pid=96394)[0m 	module.language_model.decoder.layers.18.mlp.experts.linear_fc2.weight53
[36m(WorkerDict pid=96394)[0m 	module.language_model.decoder.layers.16.mlp.experts.linear_fc2.weight3
[36m(WorkerDict pid=96394)[0m 	module.language_model.decoder.layers.10.mlp.experts.linear_fc2.weight18
[36m(WorkerDict pid=96394)[0m 	module.language_model.decoder.layers.15.mlp.experts.linear_fc1.weight42
[36m(WorkerDict pid=96394)[0m 	module.language_model.decoder.layers.14.mlp.experts.linear_fc1.weight15
[36m(WorkerDict pid=96394)[0m 	module.language_model.decoder.layers.9.mlp.experts.linear_fc1.weight57
[36m(WorkerDict pid=96394)[0m 	module.language_model.decoder.layers.8.mlp.experts.linear_fc1.weight32
[36m(WorkerDict pid=96394)[0m 	module.language_model.decoder.layers.7.mlp.experts.linear_fc1.weight7
[36m(WorkerDict pid=96394)[0m 	module.language_model.decoder.layers.5.mlp.experts.linear_fc1.weight59
[36m(WorkerDict pid=96394)[0m 	module.language_model.decoder.layers.3.mlp.experts.linear_fc1.weight62
[36m(WorkerDict pid=96394)[0m 	module.language_model.decoder.layers.3.mlp.experts.linear_fc2.weight15
[36m(WorkerDict pid=96394)[0m 	module.language_model.decoder.layers.5.mlp.experts.linear_fc2.weight12
[36m(WorkerDict pid=96394)[0m 	module.language_model.decoder.layers.19.mlp.experts.linear_fc1.weight58
[36m(WorkerDict pid=96394)[0m 	module.language_model.decoder.layers.18.mlp.experts.linear_fc1.weight32
[36m(WorkerDict pid=96394)[0m 	module.language_model.decoder.layers.17.mlp.experts.linear_fc1.weight7
[36m(WorkerDict pid=96394)[0m 	module.language_model.decoder.layers.15.mlp.experts.linear_fc2.weight62
[36m(WorkerDict pid=96394)[0m 	module.language_model.decoder.layers.12.mlp.experts.linear_fc1.weight49
[36m(WorkerDict pid=96394)[0m 	module.language_model.decoder.layers.14.mlp.experts.linear_fc2.weight35
[36m(WorkerDict pid=96394)[0m 	module.language_model.decoder.layers.13.mlp.experts.linear_fc2.weight9
[36m(WorkerDict pid=96394)[0m 	module.language_model.decoder.layers.11.mlp.experts.linear_fc1.weight24
[36m(WorkerDict pid=96394)[0m 	module.language_model.decoder.layers.8.mlp.experts.linear_fc2.weight52
[36m(WorkerDict pid=96394)[0m 	module.language_model.decoder.layers.7.mlp.experts.linear_fc2.weight27
[36m(WorkerDict pid=96394)[0m 	module.language_model.decoder.layers.1.mlp.experts.linear_fc1.weight9
[36m(WorkerDict pid=96394)[0m 	module.language_model.decoder.layers.5.mlp.experts.linear_fc2.weight29
[36m(WorkerDict pid=96394)[0m 	module.language_model.decoder.layers.1.mlp.experts.linear_fc1.weight26
[36m(WorkerDict pid=96394)[0m 	module.language_model.decoder.layers.2.mlp.experts.linear_fc1.weight54
[36m(WorkerDict pid=96394)[0m 	module.language_model.decoder.layers.5.mlp.experts.linear_fc2.weight46
[36m(WorkerDict pid=96394)[0m 	module.language_model.decoder.layers.5.mlp.experts.linear_fc2.weight63
[36m(WorkerDict pid=96394)[0m 	module.language_model.decoder.layers.15.mlp.experts.linear_fc1.weight43
[36m(WorkerDict pid=96394)[0m 	module.language_model.decoder.layers.14.mlp.experts.linear_fc1.weight16
[36m(WorkerDict pid=96394)[0m 	module.language_model.decoder.layers.18.mlp.experts.linear_fc2.weight54
[36m(WorkerDict pid=96394)[0m 	module.language_model.decoder.layers.17.mlp.experts.linear_fc2.weight29
[36m(WorkerDict pid=96394)[0m 	module.language_model.decoder.layers.16.mlp.experts.linear_fc2.weight4
[36m(WorkerDict pid=96394)[0m 	module.language_model.decoder.layers.11.mlp.experts.linear_fc2.weight46
[36m(WorkerDict pid=96394)[0m 	module.language_model.decoder.layers.10.mlp.experts.linear_fc2.weight19
[36m(WorkerDict pid=96394)[0m 	module.language_model.decoder.layers.9.mlp.experts.linear_fc1.weight58
[36m(WorkerDict pid=96394)[0m 	module.language_model.decoder.layers.8.mlp.experts.linear_fc1.weight33
[36m(WorkerDict pid=96394)[0m 	module.language_model.decoder.layers.7.mlp.experts.linear_fc1.weight8
[36m(WorkerDict pid=96394)[0m 	module.language_model.decoder.layers.6.mlp.experts.linear_fc2.weight59
[36m(WorkerDict pid=96394)[0m 	module.language_model.decoder.layers.11.mlp.experts.linear_fc1.weight25
[36m(WorkerDict pid=96394)[0m 	module.language_model.decoder.layers.19.mlp.experts.linear_fc1.weight59
[36m(WorkerDict pid=96394)[0m 	module.language_model.decoder.layers.18.mlp.experts.linear_fc1.weight33
[36m(WorkerDict pid=96394)[0m 	module.language_model.decoder.layers.17.mlp.experts.linear_fc1.weight8
[36m(WorkerDict pid=96394)[0m 	module.language_model.decoder.layers.15.mlp.experts.linear_fc2.weight63
[36m(WorkerDict pid=96394)[0m 	module.language_model.decoder.layers.12.mlp.experts.linear_fc1.weight50
[36m(WorkerDict pid=96394)[0m 	module.language_model.decoder.layers.14.mlp.experts.linear_fc2.weight36
[36m(WorkerDict pid=96394)[0m 	module.language_model.decoder.layers.13.mlp.experts.linear_fc2.weight10
[36m(WorkerDict pid=96394)[0m 	module.language_model.decoder.layers.8.mlp.experts.linear_fc2.weight53
[36m(WorkerDict pid=96394)[0m 	module.language_model.decoder.layers.7.mlp.experts.linear_fc2.weight28
[36m(WorkerDict pid=96394)[0m 	module.language_model.decoder.layers.3.mlp.experts.linear_fc2.weight39
[36m(WorkerDict pid=96394)[0m 	module.language_model.decoder.layers.1.mlp.experts.linear_fc1.weight51
[36m(WorkerDict pid=96394)[0m 	module.language_model.decoder.layers.3.mlp.experts.linear_fc1.weight60
[36m(WorkerDict pid=96394)[0m 	module.language_model.decoder.layers.3.mlp.experts.linear_fc2.weight56
[36m(WorkerDict pid=96394)[0m 	module.language_model.decoder.layers.1.mlp.experts.linear_fc2.weight4
[36m(WorkerDict pid=96394)[0m 	module.language_model.decoder.layers.1.mlp.experts.linear_fc2.weight21
[36m(WorkerDict pid=96394)[0m 	module.language_model.decoder.layers.15.mlp.experts.linear_fc1.weight44
[36m(WorkerDict pid=96394)[0m 	module.language_model.decoder.layers.14.mlp.experts.linear_fc1.weight17
[36m(WorkerDict pid=96394)[0m 	module.language_model.decoder.layers.17.mlp.experts.linear_fc2.weight30
[36m(WorkerDict pid=96394)[0m 	module.language_model.decoder.layers.18.mlp.experts.linear_fc2.weight55
[36m(WorkerDict pid=96394)[0m 	module.language_model.decoder.layers.16.mlp.experts.linear_fc2.weight5
[36m(WorkerDict pid=96394)[0m 	module.language_model.decoder.layers.11.mlp.experts.linear_fc2.weight47
[36m(WorkerDict pid=96394)[0m 	module.language_model.decoder.layers.10.mlp.experts.linear_fc2.weight20
[36m(WorkerDict pid=96394)[0m 	module.language_model.decoder.layers.9.mlp.experts.linear_fc1.weight59
[36m(WorkerDict pid=96394)[0m 	module.language_model.decoder.layers.8.mlp.experts.linear_fc1.weight34
[36m(WorkerDict pid=96394)[0m 	module.language_model.decoder.layers.7.mlp.experts.linear_fc1.weight9
[36m(WorkerDict pid=96394)[0m 	module.language_model.decoder.layers.6.mlp.experts.linear_fc1.weight6
[36m(WorkerDict pid=96394)[0m 	module.language_model.decoder.layers.4.mlp.experts.linear_fc1.weight27
[36m(WorkerDict pid=96394)[0m 	module.language_model.decoder.layers.6.mlp.experts.linear_fc1.weight23
[36m(WorkerDict pid=96394)[0m 	module.language_model.decoder.layers.1.mlp.experts.linear_fc2.weight55
[36m(WorkerDict pid=96394)[0m 	module.language_model.decoder.layers.14.mlp.experts.linear_fc2.weight37
[36m(WorkerDict pid=96394)[0m 	module.language_model.decoder.layers.13.mlp.experts.linear_fc2.weight11
[36m(WorkerDict pid=96394)[0m 	module.language_model.decoder.layers.19.mlp.experts.linear_fc1.weight60
[36m(WorkerDict pid=96394)[0m 	module.language_model.decoder.layers.18.mlp.experts.linear_fc1.weight34
[36m(WorkerDict pid=96394)[0m 	module.language_model.decoder.layers.17.mlp.experts.linear_fc1.weight9
[36m(WorkerDict pid=96394)[0m 	module.language_model.decoder.layers.11.mlp.experts.linear_fc1.weight26
[36m(WorkerDict pid=96394)[0m 	module.language_model.decoder.layers.12.mlp.experts.linear_fc1.weight51
[36m(WorkerDict pid=96394)[0m 	module.language_model.decoder.layers.8.mlp.experts.linear_fc2.weight54
[36m(WorkerDict pid=96394)[0m 	module.language_model.decoder.layers.7.mlp.experts.linear_fc2.weight29
[36m(WorkerDict pid=96394)[0m 	module.language_model.decoder.layers.6.mlp.experts.linear_fc2.weight2
[36m(WorkerDict pid=96394)[0m 	module.language_model.decoder.layers.6.mlp.experts.linear_fc1.weight40
[36m(WorkerDict pid=96394)[0m 	module.language_model.decoder.layers.4.mlp.experts.linear_fc1.weight44
[36m(WorkerDict pid=96394)[0m 	module.language_model.decoder.layers.1.mlp.experts.linear_fc1.weight59
[36m(WorkerDict pid=96394)[0m 	module.language_model.decoder.layers.4.mlp.experts.linear_fc1.weight61
[36m(WorkerDict pid=96394)[0m 	module.language_model.decoder.layers.6.mlp.experts.linear_fc1.weight57
[36m(WorkerDict pid=96394)[0m 	module.language_model.decoder.layers.2.mlp.experts.linear_fc1.weight9
[36m(WorkerDict pid=96394)[0m 	module.language_model.decoder.layers.4.mlp.experts.linear_fc2.weight14
[36m(WorkerDict pid=96394)[0m 	module.language_model.decoder.layers.6.mlp.experts.linear_fc2.weight10
[36m(WorkerDict pid=96394)[0m 	module.language_model.decoder.layers.2.mlp.experts.linear_fc1.weight26
[36m(WorkerDict pid=96394)[0m 	module.language_model.decoder.layers.0.mlp.experts.linear_fc1.weight12
[36m(WorkerDict pid=96394)[0m 	module.language_model.decoder.layers.4.mlp.experts.linear_fc2.weight31
[36m(WorkerDict pid=96394)[0m 	module.language_model.decoder.layers.18.mlp.experts.linear_fc2.weight56
[36m(WorkerDict pid=96394)[0m 	module.language_model.decoder.layers.17.mlp.experts.linear_fc2.weight31
[36m(WorkerDict pid=96394)[0m 	module.language_model.decoder.layers.16.mlp.experts.linear_fc2.weight6
[36m(WorkerDict pid=96394)[0m 	module.language_model.decoder.layers.15.mlp.experts.linear_fc1.weight45
[36m(WorkerDict pid=96394)[0m 	module.language_model.decoder.layers.14.mlp.experts.linear_fc1.weight18
[36m(WorkerDict pid=96394)[0m 	module.language_model.decoder.layers.11.mlp.experts.linear_fc2.weight48
[36m(WorkerDict pid=96394)[0m 	module.language_model.decoder.layers.10.mlp.experts.linear_fc2.weight21
[36m(WorkerDict pid=96394)[0m 	module.language_model.decoder.layers.9.mlp.experts.linear_fc1.weight60
[36m(WorkerDict pid=96394)[0m 	module.language_model.decoder.layers.8.mlp.experts.linear_fc1.weight35
[36m(WorkerDict pid=96394)[0m 	module.language_model.decoder.layers.7.mlp.experts.linear_fc1.weight10
[36m(WorkerDict pid=96394)[0m 	module.language_model.decoder.layers.4.mlp.experts.linear_fc2.weight48
[36m(WorkerDict pid=96394)[0m 	module.language_model.decoder.layers.2.mlp.experts.linear_fc1.weight60
[36m(WorkerDict pid=96394)[0m 	module.language_model.decoder.layers.12.mlp.experts.linear_fc1.weight52
[36m(WorkerDict pid=96394)[0m 	module.language_model.decoder.layers.19.mlp.experts.linear_fc1.weight61
[36m(WorkerDict pid=96394)[0m 	module.language_model.decoder.layers.18.mlp.experts.linear_fc1.weight35
[36m(WorkerDict pid=96394)[0m 	module.language_model.decoder.layers.17.mlp.experts.linear_fc1.weight10
[36m(WorkerDict pid=96394)[0m 	module.language_model.decoder.layers.14.mlp.experts.linear_fc2.weight38
[36m(WorkerDict pid=96394)[0m 	module.language_model.decoder.layers.13.mlp.experts.linear_fc2.weight12
[36m(WorkerDict pid=96394)[0m 	module.language_model.decoder.layers.11.mlp.experts.linear_fc1.weight27
[36m(WorkerDict pid=96394)[0m 	module.language_model.decoder.layers.10.mlp.experts.linear_fc1.weight1
[36m(WorkerDict pid=96394)[0m 	module.language_model.decoder.layers.8.mlp.experts.linear_fc2.weight55
[36m(WorkerDict pid=96394)[0m 	module.language_model.decoder.layers.7.mlp.experts.linear_fc2.weight30
[36m(WorkerDict pid=96394)[0m 	module.language_model.decoder.layers.6.mlp.experts.linear_fc2.weight61
[36m(WorkerDict pid=96394)[0m 	module.language_model.decoder.layers.2.mlp.experts.linear_fc2.weight5
[36m(WorkerDict pid=96394)[0m 	module.language_model.decoder.layers.7.mlp.experts.linear_fc1.weight1
[36m(WorkerDict pid=96394)[0m 	module.language_model.decoder.layers.2.mlp.experts.linear_fc2.weight22
[36m(WorkerDict pid=96394)[0m 	module.language_model.decoder.layers.0.mlp.experts.linear_fc1.weight19
[36m(WorkerDict pid=96394)[0m 	module.language_model.decoder.layers.2.mlp.experts.linear_fc2.weight39
[36m(WorkerDict pid=96394)[0m 	module.language_model.decoder.layers.10.mlp.experts.linear_fc2.weight22
[36m(WorkerDict pid=96394)[0m 	module.language_model.decoder.layers.18.mlp.experts.linear_fc2.weight57
[36m(WorkerDict pid=96394)[0m 	module.language_model.decoder.layers.17.mlp.experts.linear_fc2.weight32
[36m(WorkerDict pid=96394)[0m 	module.language_model.decoder.layers.16.mlp.experts.linear_fc2.weight7
[36m(WorkerDict pid=96394)[0m 	module.language_model.decoder.layers.15.mlp.experts.linear_fc1.weight46
[36m(WorkerDict pid=96394)[0m 	module.language_model.decoder.layers.14.mlp.experts.linear_fc1.weight19
[36m(WorkerDict pid=96394)[0m 	module.language_model.decoder.layers.11.mlp.experts.linear_fc2.weight49
[36m(WorkerDict pid=96394)[0m 	module.language_model.decoder.layers.9.mlp.experts.linear_fc1.weight61
[36m(WorkerDict pid=96394)[0m 	module.language_model.decoder.layers.8.mlp.experts.linear_fc1.weight36
[36m(WorkerDict pid=96394)[0m 	module.language_model.decoder.layers.7.mlp.experts.linear_fc1.weight11
[36m(WorkerDict pid=96394)[0m 	module.language_model.decoder.layers.0.mlp.experts.linear_fc1.weight36
[36m(WorkerDict pid=96394)[0m 	module.language_model.decoder.layers.2.mlp.experts.linear_fc2.weight56
[36m(WorkerDict pid=96394)[0m 	module.language_model.decoder.layers.4.mlp.experts.linear_fc2.weight55
[36m(WorkerDict pid=96394)[0m 	module.language_model.decoder.layers.0.mlp.experts.linear_fc1.weight53
[36m(WorkerDict pid=96394)[0m 	module.language_model.decoder.layers.19.mlp.experts.linear_fc1.weight62
[36m(WorkerDict pid=96394)[0m 	module.language_model.decoder.layers.18.mlp.experts.linear_fc1.weight36
[36m(WorkerDict pid=96394)[0m 	module.language_model.decoder.layers.17.mlp.experts.linear_fc1.weight11
[36m(WorkerDict pid=96394)[0m 	module.language_model.decoder.layers.16.mlp.experts.linear_fc1.weight3
[36m(WorkerDict pid=96394)[0m 	module.language_model.decoder.layers.12.mlp.experts.linear_fc1.weight53
[36m(WorkerDict pid=96394)[0m 	module.language_model.decoder.layers.14.mlp.experts.linear_fc2.weight39
[36m(WorkerDict pid=96394)[0m 	module.language_model.decoder.layers.13.mlp.experts.linear_fc2.weight13
[36m(WorkerDict pid=96394)[0m 	module.language_model.decoder.layers.11.mlp.experts.linear_fc1.weight28
[36m(WorkerDict pid=96394)[0m 	module.language_model.decoder.layers.8.mlp.experts.linear_fc2.weight56
[36m(WorkerDict pid=96394)[0m 	module.language_model.decoder.layers.7.mlp.experts.linear_fc2.weight31
[36m(WorkerDict pid=96394)[0m 	module.language_model.decoder.layers.0.mlp.experts.linear_fc2.weight6
[36m(WorkerDict pid=96394)[0m 	module.language_model.decoder.layers.3.mlp.experts.linear_fc1.weight12
[36m(WorkerDict pid=96394)[0m 	module.language_model.decoder.layers.5.mlp.experts.linear_fc1.weight9
[36m(WorkerDict pid=96394)[0m 	module.language_model.decoder.layers.0.mlp.experts.linear_fc2.weight23
[36m(WorkerDict pid=96394)[0m 	module.language_model.decoder.layers.3.mlp.experts.linear_fc1.weight29
[36m(WorkerDict pid=96394)[0m 	module.language_model.decoder.layers.5.mlp.experts.linear_fc1.weight26
[36m(WorkerDict pid=96394)[0m 	module.language_model.decoder.layers.0.mlp.experts.linear_fc2.weight40
[36m(WorkerDict pid=96394)[0m 	module.language_model.decoder.layers.3.mlp.experts.linear_fc1.weight46
[36m(WorkerDict pid=96394)[0m 	module.language_model.decoder.layers.5.mlp.experts.linear_fc1.weight43
[36m(WorkerDict pid=96394)[0m 	module.language_model.decoder.layers.11.mlp.experts.linear_fc2.weight50
[36m(WorkerDict pid=96394)[0m 	module.language_model.decoder.layers.18.mlp.experts.linear_fc2.weight58
[36m(WorkerDict pid=96394)[0m 	module.language_model.decoder.layers.17.mlp.experts.linear_fc2.weight33
[36m(WorkerDict pid=96394)[0m 	module.language_model.decoder.layers.16.mlp.experts.linear_fc2.weight8
[36m(WorkerDict pid=96394)[0m 	module.language_model.decoder.layers.10.mlp.experts.linear_fc2.weight23
[36m(WorkerDict pid=96394)[0m 	module.language_model.decoder.layers.15.mlp.experts.linear_fc1.weight47
[36m(WorkerDict pid=96394)[0m 	module.language_model.decoder.layers.14.mlp.experts.linear_fc1.weight20
[36m(WorkerDict pid=96394)[0m 	module.language_model.decoder.layers.9.mlp.experts.linear_fc1.weight62
[36m(WorkerDict pid=96394)[0m 	module.language_model.decoder.layers.8.mlp.experts.linear_fc1.weight37
[36m(WorkerDict pid=96394)[0m 	module.language_model.decoder.layers.7.mlp.experts.linear_fc1.weight12
[36m(WorkerDict pid=96394)[0m 	module.language_model.decoder.layers.3.mlp.experts.linear_fc1.weight63
[36m(WorkerDict pid=96394)[0m 	module.language_model.decoder.layers.5.mlp.experts.linear_fc1.weight60
[36m(WorkerDict pid=96394)[0m 	module.language_model.decoder.layers.2.mlp.experts.linear_fc1.weight44
[36m(WorkerDict pid=96394)[0m 	module.language_model.decoder.layers.3.mlp.experts.linear_fc2.weight16
[36m(WorkerDict pid=96394)[0m 	module.language_model.decoder.layers.5.mlp.experts.linear_fc2.weight13
[36m(WorkerDict pid=96394)[0m 	module.language_model.decoder.layers.11.mlp.experts.linear_fc1.weight29
[36m(WorkerDict pid=96394)[0m 	module.language_model.decoder.layers.18.mlp.experts.linear_fc1.weight37
[36m(WorkerDict pid=96394)[0m 	module.language_model.decoder.layers.19.mlp.experts.linear_fc1.weight63
[36m(WorkerDict pid=96394)[0m 	module.language_model.decoder.layers.17.mlp.experts.linear_fc1.weight12
[36m(WorkerDict pid=96394)[0m 	module.language_model.decoder.layers.12.mlp.experts.linear_fc1.weight54
[36m(WorkerDict pid=96394)[0m 	module.language_model.decoder.layers.14.mlp.experts.linear_fc2.weight40
[36m(WorkerDict pid=96394)[0m 	module.language_model.decoder.layers.13.mlp.experts.linear_fc2.weight14
[36m(WorkerDict pid=96394)[0m 	module.language_model.decoder.layers.10.mlp.experts.linear_fc1.weight0
[36m(WorkerDict pid=96394)[0m 	module.language_model.decoder.layers.8.mlp.experts.linear_fc2.weight57
[36m(WorkerDict pid=96394)[0m 	module.language_model.decoder.layers.7.mlp.experts.linear_fc2.weight32
[36m(WorkerDict pid=96394)[0m 	module.language_model.decoder.layers.1.mlp.experts.linear_fc1.weight10
[36m(WorkerDict pid=96394)[0m 	module.language_model.decoder.layers.5.mlp.experts.linear_fc2.weight30
[36m(WorkerDict pid=96394)[0m 	module.language_model.decoder.layers.1.mlp.experts.linear_fc1.weight27
[36m(WorkerDict pid=96394)[0m 	module.language_model.decoder.layers.15.mlp.experts.linear_fc1.weight48
[36m(WorkerDict pid=96394)[0m 	module.language_model.decoder.layers.14.mlp.experts.linear_fc1.weight21
[36m(WorkerDict pid=96394)[0m 	module.language_model.decoder.layers.11.mlp.experts.linear_fc2.weight51
[36m(WorkerDict pid=96394)[0m 	module.language_model.decoder.layers.10.mlp.experts.linear_fc2.weight24
[36m(WorkerDict pid=96394)[0m 	module.language_model.decoder.layers.17.mlp.experts.linear_fc2.weight34
[36m(WorkerDict pid=96394)[0m 	module.language_model.decoder.layers.18.mlp.experts.linear_fc2.weight59
[36m(WorkerDict pid=96394)[0m 	module.language_model.decoder.layers.16.mlp.experts.linear_fc2.weight9
[36m(WorkerDict pid=96394)[0m 	module.language_model.decoder.layers.9.mlp.experts.linear_fc1.weight63
[36m(WorkerDict pid=96394)[0m 	module.language_model.decoder.layers.8.mlp.experts.linear_fc1.weight38
[36m(WorkerDict pid=96394)[0m 	module.language_model.decoder.layers.7.mlp.experts.linear_fc1.weight13
[36m(WorkerDict pid=96394)[0m 	module.language_model.decoder.layers.11.mlp.experts.linear_fc1.weight30
[36m(WorkerDict pid=96394)[0m 	module.language_model.decoder.layers.14.mlp.experts.linear_fc2.weight41
[36m(WorkerDict pid=96394)[0m 	module.language_model.decoder.layers.13.mlp.experts.linear_fc2.weight15
[36m(WorkerDict pid=96394)[0m 	module.language_model.decoder.layers.19.mlp.experts.linear_fc2.weight0
[36m(WorkerDict pid=96394)[0m 	module.language_model.decoder.layers.18.mlp.experts.linear_fc1.weight38
[36m(WorkerDict pid=96394)[0m 	module.language_model.decoder.layers.17.mlp.experts.linear_fc1.weight13
[36m(WorkerDict pid=96394)[0m 	module.language_model.decoder.layers.12.mlp.experts.linear_fc1.weight55
[36m(WorkerDict pid=96394)[0m 	module.language_model.decoder.layers.10.mlp.experts.linear_fc1.weight2
[36m(WorkerDict pid=96394)[0m 	module.language_model.decoder.layers.8.mlp.experts.linear_fc2.weight58
[36m(WorkerDict pid=96394)[0m 	module.language_model.decoder.layers.7.mlp.experts.linear_fc2.weight33
[36m(WorkerDict pid=96394)[0m 	module.language_model.decoder.layers.3.mlp.experts.linear_fc2.weight40
[36m(WorkerDict pid=96394)[0m 	module.language_model.decoder.layers.1.mlp.experts.linear_fc1.weight52
[36m(WorkerDict pid=96394)[0m 	module.language_model.decoder.layers.3.mlp.experts.linear_fc2.weight57
[36m(WorkerDict pid=96394)[0m 	module.language_model.decoder.layers.1.mlp.experts.linear_fc2.weight5
[36m(WorkerDict pid=96394)[0m 	module.language_model.decoder.layers.1.mlp.experts.linear_fc2.weight22
[36m(WorkerDict pid=96394)[0m 	module.language_model.decoder.layers.1.mlp.experts.linear_fc1.weight49
[36m(WorkerDict pid=96394)[0m 	module.language_model.decoder.layers.15.mlp.experts.linear_fc1.weight49
[36m(WorkerDict pid=96394)[0m 	module.language_model.decoder.layers.14.mlp.experts.linear_fc1.weight22
[36m(WorkerDict pid=96394)[0m 	module.language_model.decoder.layers.11.mlp.experts.linear_fc2.weight52
[36m(WorkerDict pid=96394)[0m 	module.language_model.decoder.layers.17.mlp.experts.linear_fc2.weight35
[36m(WorkerDict pid=96394)[0m 	module.language_model.decoder.layers.18.mlp.experts.linear_fc2.weight60
[36m(WorkerDict pid=96394)[0m 	module.language_model.decoder.layers.16.mlp.experts.linear_fc2.weight10
[36m(WorkerDict pid=96394)[0m 	module.language_model.decoder.layers.10.mlp.experts.linear_fc2.weight25
[36m(WorkerDict pid=96394)[0m 	module.language_model.decoder.layers.9.mlp.experts.linear_fc2.weight0
[36m(WorkerDict pid=96394)[0m 	module.language_model.decoder.layers.8.mlp.experts.linear_fc1.weight39
[36m(WorkerDict pid=96394)[0m 	module.language_model.decoder.layers.7.mlp.experts.linear_fc1.weight14
[36m(WorkerDict pid=96394)[0m 	module.language_model.decoder.layers.6.mlp.experts.linear_fc1.weight7
[36m(WorkerDict pid=96394)[0m 	module.language_model.decoder.layers.4.mlp.experts.linear_fc1.weight11
[36m(WorkerDict pid=96394)[0m 	module.language_model.decoder.layers.1.mlp.experts.linear_fc2.weight39
[36m(WorkerDict pid=96394)[0m 	module.language_model.decoder.layers.4.mlp.experts.linear_fc1.weight28
[36m(WorkerDict pid=96394)[0m 	module.language_model.decoder.layers.6.mlp.experts.linear_fc1.weight24
[36m(WorkerDict pid=96394)[0m 	module.language_model.decoder.layers.1.mlp.experts.linear_fc2.weight56
[36m(WorkerDict pid=96394)[0m 	module.language_model.decoder.layers.12.mlp.experts.linear_fc1.weight56
[36m(WorkerDict pid=96394)[0m 	module.language_model.decoder.layers.14.mlp.experts.linear_fc2.weight42
[36m(WorkerDict pid=96394)[0m 	module.language_model.decoder.layers.13.mlp.experts.linear_fc2.weight16
[36m(WorkerDict pid=96394)[0m 	module.language_model.decoder.layers.19.mlp.experts.linear_fc2.weight1
[36m(WorkerDict pid=96394)[0m 	module.language_model.decoder.layers.18.mlp.experts.linear_fc1.weight39
[36m(WorkerDict pid=96394)[0m 	module.language_model.decoder.layers.17.mlp.experts.linear_fc1.weight14
[36m(WorkerDict pid=96394)[0m 	module.language_model.decoder.layers.11.mlp.experts.linear_fc1.weight31
[36m(WorkerDict pid=96394)[0m 	module.language_model.decoder.layers.10.mlp.experts.linear_fc1.weight4
[36m(WorkerDict pid=96394)[0m 	module.language_model.decoder.layers.8.mlp.experts.linear_fc2.weight59
[36m(WorkerDict pid=96394)[0m 	module.language_model.decoder.layers.7.mlp.experts.linear_fc2.weight34
[36m(WorkerDict pid=96394)[0m 	module.language_model.decoder.layers.4.mlp.experts.linear_fc1.weight45
[36m(WorkerDict pid=96394)[0m 	module.language_model.decoder.layers.2.mlp.experts.linear_fc1.weight1
[36m(WorkerDict pid=96394)[0m 	module.language_model.decoder.layers.4.mlp.experts.linear_fc1.weight62
[36m(WorkerDict pid=96394)[0m 	module.language_model.decoder.layers.2.mlp.experts.linear_fc1.weight10
[36m(WorkerDict pid=96394)[0m 	module.language_model.decoder.layers.4.mlp.experts.linear_fc2.weight15
[36m(WorkerDict pid=96394)[0m 	module.language_model.decoder.layers.6.mlp.experts.linear_fc2.weight11
[36m(WorkerDict pid=96394)[0m 	module.language_model.decoder.layers.2.mlp.experts.linear_fc1.weight27
[36m(WorkerDict pid=96394)[0m 	module.language_model.decoder.layers.0.mlp.experts.linear_fc1.weight13
[36m(WorkerDict pid=96394)[0m 	module.language_model.decoder.layers.10.mlp.experts.linear_fc2.weight26
[36m(WorkerDict pid=96394)[0m 	module.language_model.decoder.layers.18.mlp.experts.linear_fc2.weight61
[36m(WorkerDict pid=96394)[0m 	module.language_model.decoder.layers.17.mlp.experts.linear_fc2.weight36
[36m(WorkerDict pid=96394)[0m 	module.language_model.decoder.layers.16.mlp.experts.linear_fc2.weight11
[36m(WorkerDict pid=96394)[0m 	module.language_model.decoder.layers.15.mlp.experts.linear_fc1.weight50
[36m(WorkerDict pid=96394)[0m 	module.language_model.decoder.layers.14.mlp.experts.linear_fc1.weight23
[36m(WorkerDict pid=96394)[0m 	module.language_model.decoder.layers.11.mlp.experts.linear_fc2.weight53
[36m(WorkerDict pid=96394)[0m 	module.language_model.decoder.layers.9.mlp.experts.linear_fc2.weight1
[36m(WorkerDict pid=96394)[0m 	module.language_model.decoder.layers.8.mlp.experts.linear_fc1.weight40
[36m(WorkerDict pid=96394)[0m 	module.language_model.decoder.layers.7.mlp.experts.linear_fc1.weight15
[36m(WorkerDict pid=96394)[0m 	module.language_model.decoder.layers.6.mlp.experts.linear_fc2.weight28
[36m(WorkerDict pid=96394)[0m 	module.language_model.decoder.layers.4.mlp.experts.linear_fc2.weight32
[36m(WorkerDict pid=96394)[0m 	module.language_model.decoder.layers.4.mlp.experts.linear_fc2.weight49
[36m(WorkerDict pid=96394)[0m 	module.language_model.decoder.layers.6.mlp.experts.linear_fc2.weight45
[36m(WorkerDict pid=96394)[0m 	module.language_model.decoder.layers.2.mlp.experts.linear_fc1.weight61
[36m(WorkerDict pid=96394)[0m 	module.language_model.decoder.layers.12.mlp.experts.linear_fc1.weight57
[36m(WorkerDict pid=96394)[0m 	module.language_model.decoder.layers.19.mlp.experts.linear_fc2.weight2
[36m(WorkerDict pid=96394)[0m 	module.language_model.decoder.layers.18.mlp.experts.linear_fc1.weight40
[36m(WorkerDict pid=96394)[0m 	module.language_model.decoder.layers.17.mlp.experts.linear_fc1.weight15
[36m(WorkerDict pid=96394)[0m 	module.language_model.decoder.layers.14.mlp.experts.linear_fc2.weight43
[36m(WorkerDict pid=96394)[0m 	module.language_model.decoder.layers.13.mlp.experts.linear_fc2.weight17
[36m(WorkerDict pid=96394)[0m 	module.language_model.decoder.layers.11.mlp.experts.linear_fc1.weight32
[36m(WorkerDict pid=96394)[0m 	module.language_model.decoder.layers.10.mlp.experts.linear_fc1.weight5
[36m(WorkerDict pid=96394)[0m 	module.language_model.decoder.layers.8.mlp.experts.linear_fc2.weight60
[36m(WorkerDict pid=96394)[0m 	module.language_model.decoder.layers.7.mlp.experts.linear_fc2.weight35
[36m(WorkerDict pid=96394)[0m 	module.language_model.decoder.layers.6.mlp.experts.linear_fc2.weight62
[36m(WorkerDict pid=96394)[0m 	module.language_model.decoder.layers.2.mlp.experts.linear_fc2.weight6
[36m(WorkerDict pid=96394)[0m 	module.language_model.decoder.layers.2.mlp.experts.linear_fc2.weight23
[36m(WorkerDict pid=96394)[0m 	module.language_model.decoder.layers.0.mlp.experts.linear_fc1.weight20
[36m(WorkerDict pid=96394)[0m 	module.language_model.decoder.layers.2.mlp.experts.linear_fc2.weight40
[36m(WorkerDict pid=96394)[0m 	module.language_model.decoder.layers.11.mlp.experts.linear_fc2.weight54
[36m(WorkerDict pid=96394)[0m 	module.language_model.decoder.layers.10.mlp.experts.linear_fc2.weight27
[36m(WorkerDict pid=96394)[0m 	module.language_model.decoder.layers.18.mlp.experts.linear_fc2.weight62
[36m(WorkerDict pid=96394)[0m 	module.language_model.decoder.layers.17.mlp.experts.linear_fc2.weight37
[36m(WorkerDict pid=96394)[0m 	module.language_model.decoder.layers.16.mlp.experts.linear_fc2.weight12
[36m(WorkerDict pid=96394)[0m 	module.language_model.decoder.layers.15.mlp.experts.linear_fc1.weight51
[36m(WorkerDict pid=96394)[0m 	module.language_model.decoder.layers.14.mlp.experts.linear_fc1.weight24
[36m(WorkerDict pid=96394)[0m 	module.language_model.decoder.layers.9.mlp.experts.linear_fc2.weight2
[36m(WorkerDict pid=96394)[0m 	module.language_model.decoder.layers.8.mlp.experts.linear_fc1.weight41
[36m(WorkerDict pid=96394)[0m 	module.language_model.decoder.layers.7.mlp.experts.linear_fc1.weight16
[36m(WorkerDict pid=96394)[0m 	module.language_model.decoder.layers.0.mlp.experts.linear_fc1.weight37
[36m(WorkerDict pid=96394)[0m 	module.language_model.decoder.layers.2.mlp.experts.linear_fc2.weight57
[36m(WorkerDict pid=96394)[0m 	module.language_model.decoder.layers.0.mlp.experts.linear_fc1.weight54
[36m(WorkerDict pid=96394)[0m 	module.language_model.decoder.layers.11.mlp.experts.linear_fc1.weight33
[36m(WorkerDict pid=96394)[0m 	module.language_model.decoder.layers.12.mlp.experts.linear_fc1.weight58
[36m(WorkerDict pid=96394)[0m 	module.language_model.decoder.layers.18.mlp.experts.linear_fc1.weight41
[36m(WorkerDict pid=96394)[0m 	module.language_model.decoder.layers.19.mlp.experts.linear_fc2.weight3
[36m(WorkerDict pid=96394)[0m 	module.language_model.decoder.layers.17.mlp.experts.linear_fc1.weight16
[36m(WorkerDict pid=96394)[0m 	module.language_model.decoder.layers.14.mlp.experts.linear_fc2.weight44
[36m(WorkerDict pid=96394)[0m 	module.language_model.decoder.layers.13.mlp.experts.linear_fc2.weight18
[36m(WorkerDict pid=96394)[0m 	module.language_model.decoder.layers.10.mlp.experts.linear_fc1.weight6
[36m(WorkerDict pid=96394)[0m 	module.language_model.decoder.layers.8.mlp.experts.linear_fc2.weight61
[36m(WorkerDict pid=96394)[0m 	module.language_model.decoder.layers.7.mlp.experts.linear_fc2.weight36
[36m(WorkerDict pid=96394)[0m 	module.language_model.decoder.layers.0.mlp.experts.linear_fc2.weight7
[36m(WorkerDict pid=96394)[0m 	module.language_model.decoder.layers.3.mlp.experts.linear_fc1.weight13
[36m(WorkerDict pid=96394)[0m 	module.language_model.decoder.layers.5.mlp.experts.linear_fc1.weight10
[36m(WorkerDict pid=96394)[0m 	module.language_model.decoder.layers.0.mlp.experts.linear_fc2.weight24
[36m(WorkerDict pid=96394)[0m 	module.language_model.decoder.layers.3.mlp.experts.linear_fc1.weight30
[36m(WorkerDict pid=96394)[0m 	module.language_model.decoder.layers.5.mlp.experts.linear_fc1.weight27
[36m(WorkerDict pid=96394)[0m 	module.language_model.decoder.layers.0.mlp.experts.linear_fc2.weight41
[36m(WorkerDict pid=96394)[0m 	module.language_model.decoder.layers.3.mlp.experts.linear_fc1.weight47
[36m(WorkerDict pid=96394)[0m 	module.language_model.decoder.layers.5.mlp.experts.linear_fc1.weight44
[36m(WorkerDict pid=96394)[0m 	module.language_model.decoder.layers.15.mlp.experts.linear_fc1.weight52
[36m(WorkerDict pid=96394)[0m 	module.language_model.decoder.layers.14.mlp.experts.linear_fc1.weight25
[36m(WorkerDict pid=96394)[0m 	module.language_model.decoder.layers.11.mlp.experts.linear_fc2.weight55
[36m(WorkerDict pid=96394)[0m 	module.language_model.decoder.layers.10.mlp.experts.linear_fc2.weight28
[36m(WorkerDict pid=96394)[0m 	module.language_model.decoder.layers.17.mlp.experts.linear_fc2.weight38
[36m(WorkerDict pid=96394)[0m 	module.language_model.decoder.layers.18.mlp.experts.linear_fc2.weight63
[36m(WorkerDict pid=96394)[0m 	module.language_model.decoder.layers.16.mlp.experts.linear_fc2.weight13
[36m(WorkerDict pid=96394)[0m 	module.language_model.decoder.layers.9.mlp.experts.linear_fc2.weight3
[36m(WorkerDict pid=96394)[0m 	module.language_model.decoder.layers.8.mlp.experts.linear_fc1.weight42
[36m(WorkerDict pid=96394)[0m 	module.language_model.decoder.layers.7.mlp.experts.linear_fc1.weight17
[36m(WorkerDict pid=96394)[0m 	module.language_model.decoder.layers.0.mlp.experts.linear_fc2.weight58
[36m(WorkerDict pid=96394)[0m 	module.language_model.decoder.layers.3.mlp.experts.linear_fc2.weight0
[36m(WorkerDict pid=96394)[0m 	module.language_model.decoder.layers.5.mlp.experts.linear_fc1.weight61
[36m(WorkerDict pid=96394)[0m 	module.language_model.decoder.layers.14.mlp.experts.linear_fc2.weight45
[36m(WorkerDict pid=96394)[0m 	module.language_model.decoder.layers.13.mlp.experts.linear_fc2.weight19
[36m(WorkerDict pid=96394)[0m 	module.language_model.decoder.layers.11.mlp.experts.linear_fc1.weight34
[36m(WorkerDict pid=96394)[0m 	module.language_model.decoder.layers.18.mlp.experts.linear_fc1.weight42
[36m(WorkerDict pid=96394)[0m 	module.language_model.decoder.layers.19.mlp.experts.linear_fc2.weight4
[36m(WorkerDict pid=96394)[0m 	module.language_model.decoder.layers.17.mlp.experts.linear_fc1.weight17
[36m(WorkerDict pid=96394)[0m 	module.language_model.decoder.layers.12.mlp.experts.linear_fc1.weight59
[36m(WorkerDict pid=96394)[0m 	module.language_model.decoder.layers.10.mlp.experts.linear_fc1.weight7
[36m(WorkerDict pid=96394)[0m 	module.language_model.decoder.layers.8.mlp.experts.linear_fc2.weight62
[36m(WorkerDict pid=96394)[0m 	module.language_model.decoder.layers.7.mlp.experts.linear_fc2.weight37
[36m(WorkerDict pid=96394)[0m 	module.language_model.decoder.layers.5.mlp.experts.linear_fc2.weight14
[36m(WorkerDict pid=96394)[0m 	module.language_model.decoder.layers.1.mlp.experts.linear_fc1.weight11
[36m(WorkerDict pid=96394)[0m 	module.language_model.decoder.layers.5.mlp.experts.linear_fc2.weight31
[36m(WorkerDict pid=96394)[0m 	module.language_model.decoder.layers.1.mlp.experts.linear_fc1.weight28
[36m(WorkerDict pid=96394)[0m 	module.language_model.decoder.layers.5.mlp.experts.linear_fc2.weight48
[36m(WorkerDict pid=96394)[0m 	module.language_model.decoder.layers.13.mlp.experts.linear_fc1.weight1
[36m(WorkerDict pid=96394)[0m 	module.language_model.decoder.layers.15.mlp.experts.linear_fc1.weight53
[36m(WorkerDict pid=96394)[0m 	module.language_model.decoder.layers.14.mlp.experts.linear_fc1.weight26
[36m(WorkerDict pid=96394)[0m 	module.language_model.decoder.layers.11.mlp.experts.linear_fc2.weight56
[36m(WorkerDict pid=96394)[0m 	module.language_model.decoder.layers.17.mlp.experts.linear_fc2.weight39
[36m(WorkerDict pid=96394)[0m 	module.language_model.decoder.layers.16.mlp.experts.linear_fc2.weight14
[36m(WorkerDict pid=96394)[0m 	module.language_model.decoder.layers.10.mlp.experts.linear_fc2.weight29
[36m(WorkerDict pid=96394)[0m 	module.language_model.decoder.layers.9.mlp.experts.linear_fc2.weight4
[36m(WorkerDict pid=96394)[0m 	module.language_model.decoder.layers.8.mlp.experts.linear_fc1.weight43
[36m(WorkerDict pid=96394)[0m 	module.language_model.decoder.layers.7.mlp.experts.linear_fc1.weight18
[36m(WorkerDict pid=96394)[0m 	module.language_model.decoder.layers.12.mlp.experts.linear_fc1.weight60
[36m(WorkerDict pid=96394)[0m 	module.language_model.decoder.layers.14.mlp.experts.linear_fc2.weight46
[36m(WorkerDict pid=96394)[0m 	module.language_model.decoder.layers.13.mlp.experts.linear_fc2.weight22
[36m(WorkerDict pid=96394)[0m 	module.language_model.decoder.layers.11.mlp.experts.linear_fc1.weight35
[36m(WorkerDict pid=96394)[0m 	module.language_model.decoder.layers.18.mlp.experts.linear_fc1.weight43
[36m(WorkerDict pid=96394)[0m 	module.language_model.decoder.layers.19.mlp.experts.linear_fc2.weight5
[36m(WorkerDict pid=96394)[0m 	module.language_model.decoder.layers.17.mlp.experts.linear_fc1.weight18
[36m(WorkerDict pid=96394)[0m 	module.language_model.decoder.layers.10.mlp.experts.linear_fc1.weight8
[36m(WorkerDict pid=96394)[0m 	module.language_model.decoder.layers.8.mlp.experts.linear_fc2.weight63
[36m(WorkerDict pid=96394)[0m 	module.language_model.decoder.layers.7.mlp.experts.linear_fc2.weight38
[36m(WorkerDict pid=96394)[0m 	module.language_model.decoder.layers.3.mlp.experts.linear_fc2.weight41
[36m(WorkerDict pid=96394)[0m 	module.language_model.decoder.layers.1.mlp.experts.linear_fc1.weight53
[36m(WorkerDict pid=96394)[0m 	module.language_model.decoder.layers.3.mlp.experts.linear_fc2.weight58
[36m(WorkerDict pid=96394)[0m 	module.language_model.decoder.layers.1.mlp.experts.linear_fc2.weight6
[36m(WorkerDict pid=96394)[0m 	module.language_model.decoder.layers.1.mlp.experts.linear_fc2.weight23
[36m(WorkerDict pid=96394)[0m 	module.language_model.decoder.layers.10.mlp.experts.linear_fc2.weight30
[36m(WorkerDict pid=96394)[0m 	module.language_model.decoder.layers.14.mlp.experts.linear_fc1.weight27
[36m(WorkerDict pid=96394)[0m 	module.language_model.decoder.layers.17.mlp.experts.linear_fc2.weight40
[36m(WorkerDict pid=96394)[0m 	module.language_model.decoder.layers.16.mlp.experts.linear_fc2.weight15
[36m(WorkerDict pid=96394)[0m 	module.language_model.decoder.layers.15.mlp.experts.linear_fc1.weight54
[36m(WorkerDict pid=96394)[0m 	module.language_model.decoder.layers.11.mlp.experts.linear_fc2.weight57
[36m(WorkerDict pid=96394)[0m 	module.language_model.decoder.layers.9.mlp.experts.linear_fc2.weight5
[36m(WorkerDict pid=96394)[0m 	module.language_model.decoder.layers.8.mlp.experts.linear_fc1.weight44
[36m(WorkerDict pid=96394)[0m 	module.language_model.decoder.layers.7.mlp.experts.linear_fc1.weight19
[36m(WorkerDict pid=96394)[0m 	module.language_model.decoder.layers.6.mlp.experts.linear_fc1.weight8
[36m(WorkerDict pid=96394)[0m 	module.language_model.decoder.layers.4.mlp.experts.linear_fc1.weight12
[36m(WorkerDict pid=96394)[0m 	module.language_model.decoder.layers.1.mlp.experts.linear_fc2.weight40
[36m(WorkerDict pid=96394)[0m 	module.language_model.decoder.layers.4.mlp.experts.linear_fc1.weight29
[36m(WorkerDict pid=96394)[0m 	module.language_model.decoder.layers.6.mlp.experts.linear_fc1.weight25
[36m(WorkerDict pid=96394)[0m 	module.language_model.decoder.layers.1.mlp.experts.linear_fc2.weight57
[36m(WorkerDict pid=96394)[0m 	module.language_model.decoder.layers.12.mlp.experts.linear_fc1.weight61
[36m(WorkerDict pid=96394)[0m 	module.language_model.decoder.layers.14.mlp.experts.linear_fc2.weight47
[36m(WorkerDict pid=96394)[0m 	module.language_model.decoder.layers.13.mlp.experts.linear_fc2.weight21
[36m(WorkerDict pid=96394)[0m 	module.language_model.decoder.layers.19.mlp.experts.linear_fc2.weight6
[36m(WorkerDict pid=96394)[0m 	module.language_model.decoder.layers.18.mlp.experts.linear_fc1.weight44
[36m(WorkerDict pid=96394)[0m 	module.language_model.decoder.layers.17.mlp.experts.linear_fc1.weight19
[36m(WorkerDict pid=96394)[0m 	module.language_model.decoder.layers.11.mlp.experts.linear_fc1.weight36
[36m(WorkerDict pid=96394)[0m 	module.language_model.decoder.layers.10.mlp.experts.linear_fc1.weight9
[36m(WorkerDict pid=96394)[0m 	module.language_model.decoder.layers.7.mlp.experts.linear_fc2.weight39
[36m(WorkerDict pid=96394)[0m 	module.language_model.decoder.layers.6.mlp.experts.linear_fc2.weight12
[36m(WorkerDict pid=96394)[0m 	module.language_model.decoder.layers.4.mlp.experts.linear_fc1.weight46
[36m(WorkerDict pid=96394)[0m 	module.language_model.decoder.layers.6.mlp.experts.linear_fc1.weight42
[36m(WorkerDict pid=96394)[0m 	module.language_model.decoder.layers.4.mlp.experts.linear_fc1.weight63
[36m(WorkerDict pid=96394)[0m 	module.language_model.decoder.layers.6.mlp.experts.linear_fc1.weight59
[36m(WorkerDict pid=96394)[0m 	module.language_model.decoder.layers.2.mlp.experts.linear_fc1.weight11
[36m(WorkerDict pid=96394)[0m 	module.language_model.decoder.layers.4.mlp.experts.linear_fc2.weight16
[36m(WorkerDict pid=96394)[0m 	module.language_model.decoder.layers.2.mlp.experts.linear_fc1.weight28
[36m(WorkerDict pid=96394)[0m 	module.language_model.decoder.layers.0.mlp.experts.linear_fc1.weight14
[36m(WorkerDict pid=96394)[0m 	module.language_model.decoder.layers.11.mlp.experts.linear_fc2.weight58
[36m(WorkerDict pid=96394)[0m 	module.language_model.decoder.layers.10.mlp.experts.linear_fc2.weight31
[36m(WorkerDict pid=96394)[0m 	module.language_model.decoder.layers.13.mlp.experts.linear_fc1.weight0
[36m(WorkerDict pid=96394)[0m 	module.language_model.decoder.layers.17.mlp.experts.linear_fc2.weight41
[36m(WorkerDict pid=96394)[0m 	module.language_model.decoder.layers.16.mlp.experts.linear_fc2.weight16
[36m(WorkerDict pid=96394)[0m 	module.language_model.decoder.layers.15.mlp.experts.linear_fc1.weight55
[36m(WorkerDict pid=96394)[0m 	module.language_model.decoder.layers.14.mlp.experts.linear_fc1.weight28
[36m(WorkerDict pid=96394)[0m 	module.language_model.decoder.layers.9.mlp.experts.linear_fc2.weight6
[36m(WorkerDict pid=96394)[0m 	module.language_model.decoder.layers.8.mlp.experts.linear_fc1.weight45
[36m(WorkerDict pid=96394)[0m 	module.language_model.decoder.layers.7.mlp.experts.linear_fc1.weight20
[36m(WorkerDict pid=96394)[0m 	module.language_model.decoder.layers.4.mlp.experts.linear_fc2.weight33
[36m(WorkerDict pid=96394)[0m 	module.language_model.decoder.layers.2.mlp.experts.linear_fc1.weight45
[36m(WorkerDict pid=96394)[0m 	module.language_model.decoder.layers.4.mlp.experts.linear_fc2.weight50
[36m(WorkerDict pid=96394)[0m 	module.language_model.decoder.layers.6.mlp.experts.linear_fc2.weight46
[36m(WorkerDict pid=96394)[0m 	module.language_model.decoder.layers.2.mlp.experts.linear_fc1.weight62
[36m(WorkerDict pid=96394)[0m 	module.language_model.decoder.layers.11.mlp.experts.linear_fc1.weight37
[36m(WorkerDict pid=96394)[0m 	module.language_model.decoder.layers.12.mlp.experts.linear_fc1.weight62
[36m(WorkerDict pid=96394)[0m 	module.language_model.decoder.layers.14.mlp.experts.linear_fc2.weight48
[36m(WorkerDict pid=96394)[0m 	module.language_model.decoder.layers.13.mlp.experts.linear_fc2.weight23
[36m(WorkerDict pid=96394)[0m 	module.language_model.decoder.layers.18.mlp.experts.linear_fc1.weight45
[36m(WorkerDict pid=96394)[0m 	module.language_model.decoder.layers.19.mlp.experts.linear_fc2.weight7
[36m(WorkerDict pid=96394)[0m 	module.language_model.decoder.layers.17.mlp.experts.linear_fc1.weight20
[36m(WorkerDict pid=96394)[0m 	module.language_model.decoder.layers.10.mlp.experts.linear_fc1.weight10
[36m(WorkerDict pid=96394)[0m 	module.language_model.decoder.layers.7.mlp.experts.linear_fc2.weight40
[36m(WorkerDict pid=96394)[0m 	module.language_model.decoder.layers.6.mlp.experts.linear_fc2.weight13
[36m(WorkerDict pid=96394)[0m 	module.language_model.decoder.layers.6.mlp.experts.linear_fc2.weight63
[36m(WorkerDict pid=96394)[0m 	module.language_model.decoder.layers.2.mlp.experts.linear_fc2.weight7
[36m(WorkerDict pid=96394)[0m 	module.language_model.decoder.layers.2.mlp.experts.linear_fc2.weight24
[36m(WorkerDict pid=96394)[0m 	module.language_model.decoder.layers.0.mlp.experts.linear_fc1.weight21
[36m(WorkerDict pid=96394)[0m 	module.language_model.decoder.layers.2.mlp.experts.linear_fc2.weight41
[36m(WorkerDict pid=96394)[0m 	module.language_model.decoder.layers.15.mlp.experts.linear_fc1.weight56
[36m(WorkerDict pid=96394)[0m 	module.language_model.decoder.layers.14.mlp.experts.linear_fc1.weight29
[36m(WorkerDict pid=96394)[0m 	module.language_model.decoder.layers.11.mlp.experts.linear_fc2.weight59
[36m(WorkerDict pid=96394)[0m 	module.language_model.decoder.layers.10.mlp.experts.linear_fc2.weight32
[36m(WorkerDict pid=96394)[0m 	module.language_model.decoder.layers.13.mlp.experts.linear_fc1.weight2
[36m(WorkerDict pid=96394)[0m 	module.language_model.decoder.layers.17.mlp.experts.linear_fc2.weight42
[36m(WorkerDict pid=96394)[0m 	module.language_model.decoder.layers.16.mlp.experts.linear_fc2.weight17
[36m(WorkerDict pid=96394)[0m 	module.language_model.decoder.layers.9.mlp.experts.linear_fc2.weight7
[36m(WorkerDict pid=96394)[0m 	module.language_model.decoder.layers.8.mlp.experts.linear_fc1.weight46
[36m(WorkerDict pid=96394)[0m 	module.language_model.decoder.layers.7.mlp.experts.linear_fc1.weight21
[36m(WorkerDict pid=96394)[0m 	module.language_model.decoder.layers.0.mlp.experts.linear_fc1.weight38
[36m(WorkerDict pid=96394)[0m 	module.language_model.decoder.layers.2.mlp.experts.linear_fc2.weight58
[36m(WorkerDict pid=96394)[0m 	module.language_model.decoder.layers.4.mlp.experts.linear_fc2.weight57
[36m(WorkerDict pid=96394)[0m 	module.language_model.decoder.layers.0.mlp.experts.linear_fc1.weight55
[36m(WorkerDict pid=96394)[0m 	module.language_model.decoder.layers.14.mlp.experts.linear_fc2.weight49
[36m(WorkerDict pid=96394)[0m 	module.language_model.decoder.layers.13.mlp.experts.linear_fc2.weight24
[36m(WorkerDict pid=96394)[0m 	module.language_model.decoder.layers.11.mlp.experts.linear_fc1.weight38
[36m(WorkerDict pid=96394)[0m 	module.language_model.decoder.layers.12.mlp.experts.linear_fc1.weight63
[36m(WorkerDict pid=96394)[0m 	module.language_model.decoder.layers.18.mlp.experts.linear_fc1.weight46
[36m(WorkerDict pid=96394)[0m 	module.language_model.decoder.layers.19.mlp.experts.linear_fc2.weight8
[36m(WorkerDict pid=96394)[0m 	module.language_model.decoder.layers.17.mlp.experts.linear_fc1.weight21
[36m(WorkerDict pid=96394)[0m 	module.language_model.decoder.layers.10.mlp.experts.linear_fc1.weight11
[36m(WorkerDict pid=96394)[0m 	module.language_model.decoder.layers.9.mlp.experts.linear_fc1.weight3
[36m(WorkerDict pid=96394)[0m 	module.language_model.decoder.layers.7.mlp.experts.linear_fc2.weight41
[36m(WorkerDict pid=96394)[0m 	module.language_model.decoder.layers.0.mlp.experts.linear_fc2.weight8
[36m(WorkerDict pid=96394)[0m 	module.language_model.decoder.layers.3.mlp.experts.linear_fc1.weight14
[36m(WorkerDict pid=96394)[0m 	module.language_model.decoder.layers.5.mlp.experts.linear_fc1.weight11
[36m(WorkerDict pid=96394)[0m 	module.language_model.decoder.layers.0.mlp.experts.linear_fc2.weight25
[36m(WorkerDict pid=96394)[0m 	module.language_model.decoder.layers.3.mlp.experts.linear_fc1.weight31
[36m(WorkerDict pid=96394)[0m 	module.language_model.decoder.layers.5.mlp.experts.linear_fc1.weight28
[36m(WorkerDict pid=96394)[0m 	module.language_model.decoder.layers.0.mlp.experts.linear_fc2.weight42
[36m(WorkerDict pid=96394)[0m 	module.language_model.decoder.layers.3.mlp.experts.linear_fc1.weight48
[36m(WorkerDict pid=96394)[0m 	module.language_model.decoder.layers.5.mlp.experts.linear_fc1.weight45
[36m(WorkerDict pid=96394)[0m 	module.language_model.decoder.layers.13.mlp.experts.linear_fc1.weight4
[36m(WorkerDict pid=96394)[0m 	module.language_model.decoder.layers.15.mlp.experts.linear_fc1.weight57
[36m(WorkerDict pid=96394)[0m 	module.language_model.decoder.layers.14.mlp.experts.linear_fc1.weight30
[36m(WorkerDict pid=96394)[0m 	module.language_model.decoder.layers.11.mlp.experts.linear_fc2.weight60
[36m(WorkerDict pid=96394)[0m 	module.language_model.decoder.layers.10.mlp.experts.linear_fc2.weight33
[36m(WorkerDict pid=96394)[0m 	module.language_model.decoder.layers.17.mlp.experts.linear_fc2.weight43
[36m(WorkerDict pid=96394)[0m 	module.language_model.decoder.layers.16.mlp.experts.linear_fc2.weight18
[36m(WorkerDict pid=96394)[0m 	module.language_model.decoder.layers.9.mlp.experts.linear_fc2.weight8
[36m(WorkerDict pid=96394)[0m 	module.language_model.decoder.layers.8.mlp.experts.linear_fc1.weight47
[36m(WorkerDict pid=96394)[0m 	module.language_model.decoder.layers.7.mlp.experts.linear_fc1.weight22
[36m(WorkerDict pid=96394)[0m 	module.language_model.decoder.layers.0.mlp.experts.linear_fc2.weight59
[36m(WorkerDict pid=96394)[0m 	module.language_model.decoder.layers.3.mlp.experts.linear_fc2.weight1
[36m(WorkerDict pid=96394)[0m 	module.language_model.decoder.layers.5.mlp.experts.linear_fc1.weight62
[36m(WorkerDict pid=96394)[0m 	module.language_model.decoder.layers.7.mlp.experts.linear_fc1.weight42
[36m(WorkerDict pid=96394)[0m 	module.language_model.decoder.layers.12.mlp.experts.linear_fc2.weight0
[36m(WorkerDict pid=96394)[0m 	module.language_model.decoder.layers.14.mlp.experts.linear_fc2.weight50
[36m(WorkerDict pid=96394)[0m 	module.language_model.decoder.layers.13.mlp.experts.linear_fc2.weight25
[36m(WorkerDict pid=96394)[0m 	module.language_model.decoder.layers.11.mlp.experts.linear_fc1.weight39
[36m(WorkerDict pid=96394)[0m 	module.language_model.decoder.layers.18.mlp.experts.linear_fc1.weight47
[36m(WorkerDict pid=96394)[0m 	module.language_model.decoder.layers.19.mlp.experts.linear_fc2.weight9
[36m(WorkerDict pid=96394)[0m 	module.language_model.decoder.layers.17.mlp.experts.linear_fc1.weight22
[36m(WorkerDict pid=96394)[0m 	module.language_model.decoder.layers.10.mlp.experts.linear_fc1.weight12
[36m(WorkerDict pid=96394)[0m 	module.language_model.decoder.layers.7.mlp.experts.linear_fc2.weight42
[36m(WorkerDict pid=96394)[0m 	module.language_model.decoder.layers.6.mlp.experts.linear_fc2.weight15
[36m(WorkerDict pid=96394)[0m 	module.language_model.decoder.layers.5.mlp.experts.linear_fc2.weight15
[36m(WorkerDict pid=96394)[0m 	module.language_model.decoder.layers.3.mlp.experts.linear_fc2.weight18
[36m(WorkerDict pid=96394)[0m 	module.language_model.decoder.layers.1.mlp.experts.linear_fc1.weight12
[36m(WorkerDict pid=96394)[0m 	module.language_model.decoder.layers.5.mlp.experts.linear_fc2.weight32
[36m(WorkerDict pid=96394)[0m 	module.language_model.decoder.layers.1.mlp.experts.linear_fc1.weight29
[36m(WorkerDict pid=96394)[0m 	module.language_model.decoder.layers.5.mlp.experts.linear_fc2.weight49
[36m(WorkerDict pid=96394)[0m 	module.language_model.decoder.layers.5.mlp.experts.linear_fc2.weight35
[36m(WorkerDict pid=96394)[0m 	module.language_model.decoder.layers.0.mlp.experts.linear_fc2.weight14
[36m(WorkerDict pid=96394)[0m 	module.language_model.decoder.layers.12.mlp.experts.linear_fc2.weight1
[36m(WorkerDict pid=96394)[0m 	module.language_model.decoder.layers.14.mlp.experts.linear_fc2.weight51
[36m(WorkerDict pid=96394)[0m 	module.language_model.decoder.layers.13.mlp.experts.linear_fc2.weight26
[36m(WorkerDict pid=96394)[0m 	module.language_model.decoder.layers.11.mlp.experts.linear_fc1.weight40
[36m(WorkerDict pid=96394)[0m 	module.language_model.decoder.layers.18.mlp.experts.linear_fc1.weight48
[36m(WorkerDict pid=96394)[0m 	module.language_model.decoder.layers.19.mlp.experts.linear_fc2.weight10
[36m(WorkerDict pid=96394)[0m 	module.language_model.decoder.layers.17.mlp.experts.linear_fc1.weight23
[36m(WorkerDict pid=96394)[0m 	module.language_model.decoder.layers.10.mlp.experts.linear_fc1.weight13
[36m(WorkerDict pid=96394)[0m 	module.language_model.decoder.layers.7.mlp.experts.linear_fc2.weight43
[36m(WorkerDict pid=96394)[0m 	module.language_model.decoder.layers.6.mlp.experts.linear_fc2.weight16
[36m(WorkerDict pid=96394)[0m 	module.language_model.decoder.layers.1.mlp.experts.linear_fc2.weight60
[36m(WorkerDict pid=96394)[0m 	module.language_model.decoder.layers.8.mlp.experts.linear_fc1.weight1
[36m(WorkerDict pid=96394)[0m 	module.language_model.decoder.layers.3.mlp.experts.linear_fc2.weight42
[36m(WorkerDict pid=96394)[0m 	module.language_model.decoder.layers.1.mlp.experts.linear_fc1.weight54
[36m(WorkerDict pid=96394)[0m 	module.language_model.decoder.layers.3.mlp.experts.linear_fc2.weight59
[36m(WorkerDict pid=96394)[0m 	module.language_model.decoder.layers.1.mlp.experts.linear_fc2.weight7
[36m(WorkerDict pid=96390)[0m 	module.language_model.decoder.layers.6.mlp.experts.linear_fc2.weight47
[36m(WorkerDict pid=96390)[0m 	module.language_model.decoder.layers.2.mlp.experts.linear_fc2.weight44
[36m(WorkerDict pid=96390)[0m 	module.language_model.decoder.layers.0.mlp.experts.linear_fc1.weight59
[36m(WorkerDict pid=96390)[0m 	module.language_model.decoder.layers.2.mlp.experts.linear_fc2.weight61
[36m(WorkerDict pid=96390)[0m 	module.language_model.decoder.layers.0.mlp.experts.linear_fc2.weight12
[36m(WorkerDict pid=96390)[0m 	module.language_model.decoder.layers.19.mlp.experts.linear_fc2.weight41
[36m(WorkerDict pid=96390)[0m 	module.language_model.decoder.layers.18.mlp.experts.linear_fc2.weight14
[36m(WorkerDict pid=96390)[0m 	module.language_model.decoder.layers.17.mlp.experts.linear_fc1.weight54
[36m(WorkerDict pid=96390)[0m 	module.language_model.decoder.layers.16.mlp.experts.linear_fc1.weight29
[36m(WorkerDict pid=96390)[0m 	module.language_model.decoder.layers.12.mlp.experts.linear_fc2.weight32
[36m(WorkerDict pid=96390)[0m 	module.language_model.decoder.layers.11.mlp.experts.linear_fc2.weight8
[36m(WorkerDict pid=96390)[0m 	module.language_model.decoder.layers.15.mlp.experts.linear_fc1.weight4
[36m(WorkerDict pid=96390)[0m 	module.language_model.decoder.layers.13.mlp.experts.linear_fc2.weight57
[36m(WorkerDict pid=96390)[0m 	module.language_model.decoder.layers.10.mlp.experts.linear_fc1.weight45
[36m(WorkerDict pid=96390)[0m 	module.language_model.decoder.layers.9.mlp.experts.linear_fc1.weight20
[36m(WorkerDict pid=96390)[0m 	module.language_model.decoder.layers.3.mlp.experts.linear_fc1.weight1
[36m(WorkerDict pid=96390)[0m 	module.language_model.decoder.layers.0.mlp.experts.linear_fc2.weight29
[36m(WorkerDict pid=96390)[0m 	module.language_model.decoder.layers.19.mlp.experts.linear_fc1.weight20
[36m(WorkerDict pid=96390)[0m 	module.language_model.decoder.layers.16.mlp.experts.linear_fc2.weight49
[36m(WorkerDict pid=96390)[0m 	module.language_model.decoder.layers.15.mlp.experts.linear_fc2.weight24
[36m(WorkerDict pid=96390)[0m 	module.language_model.decoder.layers.14.mlp.experts.linear_fc1.weight61
[36m(WorkerDict pid=96390)[0m 	module.language_model.decoder.layers.13.mlp.experts.linear_fc1.weight36
[36m(WorkerDict pid=96390)[0m 	module.language_model.decoder.layers.12.mlp.experts.linear_fc1.weight11
[36m(WorkerDict pid=96390)[0m 	module.language_model.decoder.layers.9.mlp.experts.linear_fc2.weight40
[36m(WorkerDict pid=96390)[0m 	module.language_model.decoder.layers.8.mlp.experts.linear_fc2.weight15
[36m(WorkerDict pid=96390)[0m 	module.language_model.decoder.layers.7.mlp.experts.linear_fc1.weight54
[36m(WorkerDict pid=96390)[0m 	module.language_model.decoder.layers.6.mlp.experts.linear_fc1.weight27
[36m(WorkerDict pid=96390)[0m 	module.language_model.decoder.layers.3.mlp.experts.linear_fc1.weight17
[36m(WorkerDict pid=96390)[0m 	module.language_model.decoder.layers.0.mlp.experts.linear_fc2.weight46
[36m(WorkerDict pid=96390)[0m 	module.language_model.decoder.layers.3.mlp.experts.linear_fc1.weight34
[36m(WorkerDict pid=96390)[0m 	module.language_model.decoder.layers.0.mlp.experts.linear_fc2.weight63
[36m(WorkerDict pid=96390)[0m 	module.language_model.decoder.layers.3.mlp.experts.linear_fc1.weight51
[36m(WorkerDict pid=96390)[0m 	module.language_model.decoder.layers.3.mlp.experts.linear_fc2.weight4
[36m(WorkerDict pid=96390)[0m 	module.language_model.decoder.layers.1.mlp.experts.linear_fc1.weight16
[36m(WorkerDict pid=96390)[0m 	module.language_model.decoder.layers.19.mlp.experts.linear_fc2.weight42
[36m(WorkerDict pid=96390)[0m 	module.language_model.decoder.layers.18.mlp.experts.linear_fc2.weight15
[36m(WorkerDict pid=96390)[0m 	module.language_model.decoder.layers.17.mlp.experts.linear_fc1.weight55
[36m(WorkerDict pid=96390)[0m 	module.language_model.decoder.layers.16.mlp.experts.linear_fc1.weight30
[36m(WorkerDict pid=96390)[0m 	module.language_model.decoder.layers.11.mlp.experts.linear_fc2.weight9
[36m(WorkerDict pid=96390)[0m 	module.language_model.decoder.layers.15.mlp.experts.linear_fc1.weight5
[36m(WorkerDict pid=96390)[0m 	module.language_model.decoder.layers.13.mlp.experts.linear_fc2.weight58
[36m(WorkerDict pid=96390)[0m 	module.language_model.decoder.layers.12.mlp.experts.linear_fc2.weight33
[36m(WorkerDict pid=96390)[0m 	module.language_model.decoder.layers.10.mlp.experts.linear_fc1.weight46
[36m(WorkerDict pid=96390)[0m 	module.language_model.decoder.layers.9.mlp.experts.linear_fc1.weight21
[36m(WorkerDict pid=96390)[0m 	module.language_model.decoder.layers.3.mlp.experts.linear_fc2.weight21
[36m(WorkerDict pid=96390)[0m 	module.language_model.decoder.layers.1.mlp.experts.linear_fc1.weight33
[36m(WorkerDict pid=96390)[0m 	module.language_model.decoder.layers.5.mlp.experts.linear_fc1.weight10
[36m(WorkerDict pid=96390)[0m 	module.language_model.decoder.layers.19.mlp.experts.linear_fc1.weight21
[36m(WorkerDict pid=96390)[0m 	module.language_model.decoder.layers.16.mlp.experts.linear_fc2.weight50
[36m(WorkerDict pid=96390)[0m 	module.language_model.decoder.layers.15.mlp.experts.linear_fc2.weight25
[36m(WorkerDict pid=96390)[0m 	module.language_model.decoder.layers.11.mlp.experts.linear_fc1.weight3
[36m(WorkerDict pid=96390)[0m 	module.language_model.decoder.layers.14.mlp.experts.linear_fc1.weight62
[36m(WorkerDict pid=96390)[0m 	module.language_model.decoder.layers.13.mlp.experts.linear_fc1.weight37
[36m(WorkerDict pid=96390)[0m 	module.language_model.decoder.layers.12.mlp.experts.linear_fc1.weight12
[36m(WorkerDict pid=96390)[0m 	module.language_model.decoder.layers.9.mlp.experts.linear_fc2.weight41
[36m(WorkerDict pid=96390)[0m 	module.language_model.decoder.layers.8.mlp.experts.linear_fc2.weight16
[36m(WorkerDict pid=96390)[0m 	module.language_model.decoder.layers.7.mlp.experts.linear_fc1.weight55
[36m(WorkerDict pid=96390)[0m 	module.language_model.decoder.layers.3.mlp.experts.linear_fc2.weight38
[36m(WorkerDict pid=96390)[0m 	module.language_model.decoder.layers.1.mlp.experts.linear_fc1.weight50
[36m(WorkerDict pid=96390)[0m 	module.language_model.decoder.layers.5.mlp.experts.linear_fc1.weight27
[36m(WorkerDict pid=96390)[0m 	module.language_model.decoder.layers.3.mlp.experts.linear_fc2.weight55
[36m(WorkerDict pid=96390)[0m 	module.language_model.decoder.layers.1.mlp.experts.linear_fc2.weight3
[36m(WorkerDict pid=96390)[0m 	module.language_model.decoder.layers.7.mlp.experts.linear_fc2.weight32
[36m(WorkerDict pid=96390)[0m 	module.language_model.decoder.layers.5.mlp.experts.linear_fc1.weight44
[36m(WorkerDict pid=96390)[0m 	module.language_model.decoder.layers.5.mlp.experts.linear_fc1.weight61
[36m(WorkerDict pid=96390)[0m 	module.language_model.decoder.layers.19.mlp.experts.linear_fc2.weight43
[36m(WorkerDict pid=96390)[0m 	module.language_model.decoder.layers.18.mlp.experts.linear_fc2.weight16
[36m(WorkerDict pid=96390)[0m 	module.language_model.decoder.layers.17.mlp.experts.linear_fc1.weight56
[36m(WorkerDict pid=96390)[0m 	module.language_model.decoder.layers.16.mlp.experts.linear_fc1.weight31
[36m(WorkerDict pid=96390)[0m 	module.language_model.decoder.layers.11.mlp.experts.linear_fc2.weight10
[36m(WorkerDict pid=96390)[0m 	module.language_model.decoder.layers.15.mlp.experts.linear_fc1.weight6
[36m(WorkerDict pid=96390)[0m 	module.language_model.decoder.layers.13.mlp.experts.linear_fc2.weight59
[36m(WorkerDict pid=96390)[0m 	module.language_model.decoder.layers.12.mlp.experts.linear_fc2.weight34
[36m(WorkerDict pid=96390)[0m 	module.language_model.decoder.layers.10.mlp.experts.linear_fc1.weight47
[36m(WorkerDict pid=96390)[0m 	module.language_model.decoder.layers.9.mlp.experts.linear_fc1.weight22
[36m(WorkerDict pid=96390)[0m 	module.language_model.decoder.layers.5.mlp.experts.linear_fc2.weight14
[36m(WorkerDict pid=96390)[0m 	module.language_model.decoder.layers.5.mlp.experts.linear_fc2.weight31
[36m(WorkerDict pid=96390)[0m 	module.language_model.decoder.layers.19.mlp.experts.linear_fc1.weight22
[36m(WorkerDict pid=96390)[0m 	module.language_model.decoder.layers.16.mlp.experts.linear_fc2.weight51
[36m(WorkerDict pid=96390)[0m 	module.language_model.decoder.layers.15.mlp.experts.linear_fc2.weight26
[36m(WorkerDict pid=96390)[0m 	module.language_model.decoder.layers.14.mlp.experts.linear_fc1.weight63
[36m(WorkerDict pid=96390)[0m 	module.language_model.decoder.layers.13.mlp.experts.linear_fc1.weight38
[36m(WorkerDict pid=96390)[0m 	module.language_model.decoder.layers.12.mlp.experts.linear_fc1.weight13
[36m(WorkerDict pid=96390)[0m 	module.language_model.decoder.layers.9.mlp.experts.linear_fc2.weight42
[36m(WorkerDict pid=96390)[0m 	module.language_model.decoder.layers.8.mlp.experts.linear_fc2.weight17
[36m(WorkerDict pid=96390)[0m 	module.language_model.decoder.layers.7.mlp.experts.linear_fc1.weight56
[36m(WorkerDict pid=96390)[0m 	module.language_model.decoder.layers.6.mlp.experts.linear_fc1.weight29
[36m(WorkerDict pid=96390)[0m 	module.language_model.decoder.layers.5.mlp.experts.linear_fc2.weight48
[36m(WorkerDict pid=96390)[0m 	module.language_model.decoder.layers.1.mlp.experts.linear_fc2.weight10
[36m(WorkerDict pid=96390)[0m 	module.language_model.decoder.layers.1.mlp.experts.linear_fc2.weight27
[36m(WorkerDict pid=96390)[0m 	module.language_model.decoder.layers.3.mlp.experts.linear_fc2.weight61
[36m(WorkerDict pid=96390)[0m 	module.language_model.decoder.layers.6.mlp.experts.linear_fc1.weight0
[36m(WorkerDict pid=96390)[0m 	module.language_model.decoder.layers.1.mlp.experts.linear_fc2.weight44
[36m(WorkerDict pid=96390)[0m 	module.language_model.decoder.layers.19.mlp.experts.linear_fc2.weight44
[36m(WorkerDict pid=96390)[0m 	module.language_model.decoder.layers.18.mlp.experts.linear_fc2.weight17
[36m(WorkerDict pid=96390)[0m 	module.language_model.decoder.layers.17.mlp.experts.linear_fc1.weight57
[36m(WorkerDict pid=96390)[0m 	module.language_model.decoder.layers.16.mlp.experts.linear_fc1.weight32
[36m(WorkerDict pid=96390)[0m 	module.language_model.decoder.layers.15.mlp.experts.linear_fc1.weight7
[36m(WorkerDict pid=96390)[0m 	module.language_model.decoder.layers.13.mlp.experts.linear_fc2.weight60
[36m(WorkerDict pid=96390)[0m 	module.language_model.decoder.layers.12.mlp.experts.linear_fc2.weight35
[36m(WorkerDict pid=96390)[0m 	module.language_model.decoder.layers.11.mlp.experts.linear_fc2.weight11
[36m(WorkerDict pid=96390)[0m 	module.language_model.decoder.layers.10.mlp.experts.linear_fc1.weight48
[36m(WorkerDict pid=96390)[0m 	module.language_model.decoder.layers.9.mlp.experts.linear_fc1.weight23
[36m(WorkerDict pid=96390)[0m 	module.language_model.decoder.layers.6.mlp.experts.linear_fc1.weight19
[36m(WorkerDict pid=96390)[0m 	module.language_model.decoder.layers.1.mlp.experts.linear_fc2.weight61
[36m(WorkerDict pid=96390)[0m 	module.language_model.decoder.layers.4.mlp.experts.linear_fc1.weight15
[36m(WorkerDict pid=96390)[0m 	module.language_model.decoder.layers.14.mlp.experts.linear_fc2.weight0
[36m(WorkerDict pid=96390)[0m 	module.language_model.decoder.layers.13.mlp.experts.linear_fc1.weight39
[36m(WorkerDict pid=96390)[0m 	module.language_model.decoder.layers.12.mlp.experts.linear_fc1.weight14
[36m(WorkerDict pid=96390)[0m 	module.language_model.decoder.layers.19.mlp.experts.linear_fc1.weight23
[36m(WorkerDict pid=96390)[0m 	module.language_model.decoder.layers.16.mlp.experts.linear_fc2.weight52
[36m(WorkerDict pid=96390)[0m 	module.language_model.decoder.layers.15.mlp.experts.linear_fc2.weight27
[36m(WorkerDict pid=96390)[0m 	module.language_model.decoder.layers.9.mlp.experts.linear_fc2.weight43
[36m(WorkerDict pid=96390)[0m 	module.language_model.decoder.layers.8.mlp.experts.linear_fc2.weight18
[36m(WorkerDict pid=96390)[0m 	module.language_model.decoder.layers.7.mlp.experts.linear_fc1.weight57
[36m(WorkerDict pid=96390)[0m 	module.language_model.decoder.layers.6.mlp.experts.linear_fc1.weight30
[36m(WorkerDict pid=96390)[0m 	module.language_model.decoder.layers.4.mlp.experts.linear_fc1.weight32
[36m(WorkerDict pid=96390)[0m 	module.language_model.decoder.layers.2.mlp.experts.linear_fc1.weight15
[36m(WorkerDict pid=96390)[0m 	module.language_model.decoder.layers.4.mlp.experts.linear_fc1.weight49
[36m(WorkerDict pid=96390)[0m 	module.language_model.decoder.layers.2.mlp.experts.linear_fc1.weight32
[36m(WorkerDict pid=96390)[0m 	module.language_model.decoder.layers.5.mlp.experts.linear_fc2.weight33
[36m(WorkerDict pid=96390)[0m 	module.language_model.decoder.layers.4.mlp.experts.linear_fc2.weight2
[36m(WorkerDict pid=96390)[0m 	module.language_model.decoder.layers.2.mlp.experts.linear_fc1.weight49
[36m(WorkerDict pid=96390)[0m 	module.language_model.decoder.layers.0.mlp.experts.linear_fc1.weight1
[36m(WorkerDict pid=96390)[0m 	module.language_model.decoder.layers.6.mlp.experts.linear_fc1.weight44
[36m(WorkerDict pid=96390)[0m 	module.language_model.decoder.layers.4.mlp.experts.linear_fc2.weight19
[36m(WorkerDict pid=96390)[0m 	module.language_model.decoder.layers.11.mlp.experts.linear_fc2.weight12
[36m(WorkerDict pid=96390)[0m 	module.language_model.decoder.layers.18.mlp.experts.linear_fc2.weight18
[36m(WorkerDict pid=96390)[0m 	module.language_model.decoder.layers.19.mlp.experts.linear_fc2.weight45
[36m(WorkerDict pid=96390)[0m 	module.language_model.decoder.layers.17.mlp.experts.linear_fc1.weight58
[36m(WorkerDict pid=96390)[0m 	module.language_model.decoder.layers.16.mlp.experts.linear_fc1.weight33
[36m(WorkerDict pid=96390)[0m 	module.language_model.decoder.layers.15.mlp.experts.linear_fc1.weight8
[36m(WorkerDict pid=96390)[0m 	module.language_model.decoder.layers.13.mlp.experts.linear_fc2.weight61
[36m(WorkerDict pid=96390)[0m 	module.language_model.decoder.layers.12.mlp.experts.linear_fc2.weight36
[36m(WorkerDict pid=96390)[0m 	module.language_model.decoder.layers.10.mlp.experts.linear_fc1.weight49
[36m(WorkerDict pid=96390)[0m 	module.language_model.decoder.layers.9.mlp.experts.linear_fc1.weight24
[36m(WorkerDict pid=96390)[0m 	module.language_model.decoder.layers.6.mlp.experts.linear_fc1.weight61
[36m(WorkerDict pid=96390)[0m 	module.language_model.decoder.layers.2.mlp.experts.linear_fc2.weight2
[36m(WorkerDict pid=96390)[0m 	module.language_model.decoder.layers.0.mlp.experts.linear_fc1.weight17
[36m(WorkerDict pid=96390)[0m 	module.language_model.decoder.layers.4.mlp.experts.linear_fc2.weight36
[36m(WorkerDict pid=96390)[0m 	module.language_model.decoder.layers.2.mlp.experts.linear_fc2.weight19
[36m(WorkerDict pid=96390)[0m 	module.language_model.decoder.layers.0.mlp.experts.linear_fc1.weight34
[36m(WorkerDict pid=96390)[0m 	module.language_model.decoder.layers.6.mlp.experts.linear_fc2.weight14
[36m(WorkerDict pid=96390)[0m 	module.language_model.decoder.layers.19.mlp.experts.linear_fc1.weight24
[36m(WorkerDict pid=96390)[0m 	module.language_model.decoder.layers.16.mlp.experts.linear_fc2.weight53
[36m(WorkerDict pid=96390)[0m 	module.language_model.decoder.layers.15.mlp.experts.linear_fc2.weight28
[36m(WorkerDict pid=96390)[0m 	module.language_model.decoder.layers.14.mlp.experts.linear_fc2.weight1
[36m(WorkerDict pid=96390)[0m 	module.language_model.decoder.layers.13.mlp.experts.linear_fc1.weight40
[36m(WorkerDict pid=96390)[0m 	module.language_model.decoder.layers.12.mlp.experts.linear_fc1.weight15
[36m(WorkerDict pid=96390)[0m 	module.language_model.decoder.layers.9.mlp.experts.linear_fc2.weight44
[36m(WorkerDict pid=96390)[0m 	module.language_model.decoder.layers.8.mlp.experts.linear_fc2.weight19
[36m(WorkerDict pid=96390)[0m 	module.language_model.decoder.layers.7.mlp.experts.linear_fc1.weight58
[36m(WorkerDict pid=96390)[0m 	module.language_model.decoder.layers.6.mlp.experts.linear_fc1.weight31
[36m(WorkerDict pid=96390)[0m 	module.language_model.decoder.layers.4.mlp.experts.linear_fc2.weight53
[36m(WorkerDict pid=96390)[0m 	module.language_model.decoder.layers.6.mlp.experts.linear_fc2.weight31
[36m(WorkerDict pid=96390)[0m 	module.language_model.decoder.layers.6.mlp.experts.linear_fc2.weight48
[36m(WorkerDict pid=96390)[0m 	module.language_model.decoder.layers.2.mlp.experts.linear_fc2.weight45
[36m(WorkerDict pid=96390)[0m 	module.language_model.decoder.layers.0.mlp.experts.linear_fc1.weight60
[36m(WorkerDict pid=96390)[0m 	module.language_model.decoder.layers.19.mlp.experts.linear_fc2.weight46
[36m(WorkerDict pid=96390)[0m 	module.language_model.decoder.layers.18.mlp.experts.linear_fc2.weight19
[36m(WorkerDict pid=96390)[0m 	module.language_model.decoder.layers.17.mlp.experts.linear_fc1.weight59
[36m(WorkerDict pid=96390)[0m 	module.language_model.decoder.layers.16.mlp.experts.linear_fc1.weight34
[36m(WorkerDict pid=96390)[0m 	module.language_model.decoder.layers.11.mlp.experts.linear_fc2.weight13
[36m(WorkerDict pid=96390)[0m 	module.language_model.decoder.layers.15.mlp.experts.linear_fc1.weight9
[36m(WorkerDict pid=96390)[0m 	module.language_model.decoder.layers.13.mlp.experts.linear_fc2.weight62
[36m(WorkerDict pid=96390)[0m 	module.language_model.decoder.layers.12.mlp.experts.linear_fc2.weight37
[36m(WorkerDict pid=96390)[0m 	module.language_model.decoder.layers.10.mlp.experts.linear_fc1.weight50
[36m(WorkerDict pid=96390)[0m 	module.language_model.decoder.layers.9.mlp.experts.linear_fc1.weight25
[36m(WorkerDict pid=96390)[0m 	module.language_model.decoder.layers.7.mlp.experts.linear_fc1.weight4
[36m(WorkerDict pid=96390)[0m 	module.language_model.decoder.layers.0.mlp.experts.linear_fc2.weight30
[36m(WorkerDict pid=96390)[0m 	module.language_model.decoder.layers.19.mlp.experts.linear_fc1.weight25
[36m(WorkerDict pid=96390)[0m 	module.language_model.decoder.layers.16.mlp.experts.linear_fc2.weight54
[36m(WorkerDict pid=96390)[0m 	module.language_model.decoder.layers.15.mlp.experts.linear_fc2.weight29
[36m(WorkerDict pid=96390)[0m 	module.language_model.decoder.layers.14.mlp.experts.linear_fc2.weight2
[36m(WorkerDict pid=96390)[0m 	module.language_model.decoder.layers.13.mlp.experts.linear_fc1.weight41
[36m(WorkerDict pid=96390)[0m 	module.language_model.decoder.layers.12.mlp.experts.linear_fc1.weight16
[36m(WorkerDict pid=96390)[0m 	module.language_model.decoder.layers.9.mlp.experts.linear_fc2.weight45
[36m(WorkerDict pid=96390)[0m 	module.language_model.decoder.layers.8.mlp.experts.linear_fc2.weight20
[36m(WorkerDict pid=96390)[0m 	module.language_model.decoder.layers.7.mlp.experts.linear_fc1.weight59
[36m(WorkerDict pid=96390)[0m 	module.language_model.decoder.layers.6.mlp.experts.linear_fc1.weight32
[36m(WorkerDict pid=96390)[0m 	module.language_model.decoder.layers.3.mlp.experts.linear_fc1.weight18
[36m(WorkerDict pid=96390)[0m 	module.language_model.decoder.layers.0.mlp.experts.linear_fc2.weight47
[36m(WorkerDict pid=96390)[0m 	module.language_model.decoder.layers.3.mlp.experts.linear_fc1.weight35
[36m(WorkerDict pid=96390)[0m 	module.language_model.decoder.layers.3.mlp.experts.linear_fc1.weight52
[36m(WorkerDict pid=96390)[0m 	module.language_model.decoder.layers.1.mlp.experts.linear_fc1.weight1
[36m(WorkerDict pid=96390)[0m 	module.language_model.decoder.layers.3.mlp.experts.linear_fc2.weight5
[36m(WorkerDict pid=96390)[0m 	module.language_model.decoder.layers.19.mlp.experts.linear_fc2.weight47
[36m(WorkerDict pid=96390)[0m 	module.language_model.decoder.layers.18.mlp.experts.linear_fc2.weight20
[36m(WorkerDict pid=96390)[0m 	module.language_model.decoder.layers.17.mlp.experts.linear_fc1.weight60
[36m(WorkerDict pid=96390)[0m 	module.language_model.decoder.layers.16.mlp.experts.linear_fc1.weight35
[36m(WorkerDict pid=96390)[0m 	module.language_model.decoder.layers.10.mlp.experts.linear_fc1.weight51
[36m(WorkerDict pid=96390)[0m 	module.language_model.decoder.layers.11.mlp.experts.linear_fc2.weight14
[36m(WorkerDict pid=96390)[0m 	module.language_model.decoder.layers.15.mlp.experts.linear_fc1.weight10
[36m(WorkerDict pid=96390)[0m 	module.language_model.decoder.layers.13.mlp.experts.linear_fc2.weight63
[36m(WorkerDict pid=96390)[0m 	module.language_model.decoder.layers.12.mlp.experts.linear_fc2.weight38
[36m(WorkerDict pid=96390)[0m 	module.language_model.decoder.layers.9.mlp.experts.linear_fc1.weight26
[36m(WorkerDict pid=96390)[0m 	module.language_model.decoder.layers.3.mlp.experts.linear_fc2.weight22
[36m(WorkerDict pid=96390)[0m 	module.language_model.decoder.layers.1.mlp.experts.linear_fc1.weight34
[36m(WorkerDict pid=96390)[0m 	module.language_model.decoder.layers.5.mlp.experts.linear_fc1.weight11
[36m(WorkerDict pid=96390)[0m 	module.language_model.decoder.layers.15.mlp.experts.linear_fc2.weight30
[36m(WorkerDict pid=96390)[0m 	module.language_model.decoder.layers.19.mlp.experts.linear_fc1.weight26
[36m(WorkerDict pid=96390)[0m 	module.language_model.decoder.layers.18.mlp.experts.linear_fc1.weight2
[36m(WorkerDict pid=96390)[0m 	module.language_model.decoder.layers.16.mlp.experts.linear_fc2.weight55
[36m(WorkerDict pid=96390)[0m 	module.language_model.decoder.layers.14.mlp.experts.linear_fc2.weight3
[36m(WorkerDict pid=96390)[0m 	module.language_model.decoder.layers.13.mlp.experts.linear_fc1.weight42
[36m(WorkerDict pid=96390)[0m 	module.language_model.decoder.layers.12.mlp.experts.linear_fc1.weight17
[36m(WorkerDict pid=96390)[0m 	module.language_model.decoder.layers.9.mlp.experts.linear_fc2.weight46
[36m(WorkerDict pid=96390)[0m 	module.language_model.decoder.layers.8.mlp.experts.linear_fc2.weight21
[36m(WorkerDict pid=96390)[0m 	module.language_model.decoder.layers.7.mlp.experts.linear_fc1.weight60
[36m(WorkerDict pid=96390)[0m 	module.language_model.decoder.layers.3.mlp.experts.linear_fc2.weight39
[36m(WorkerDict pid=96390)[0m 	module.language_model.decoder.layers.1.mlp.experts.linear_fc1.weight51
[36m(WorkerDict pid=96390)[0m 	module.language_model.decoder.layers.5.mlp.experts.linear_fc1.weight28
[36m(WorkerDict pid=96390)[0m 	module.language_model.decoder.layers.3.mlp.experts.linear_fc2.weight56
[36m(WorkerDict pid=96390)[0m 	module.language_model.decoder.layers.1.mlp.experts.linear_fc2.weight4
[36m(WorkerDict pid=96390)[0m 	module.language_model.decoder.layers.5.mlp.experts.linear_fc1.weight45
[36m(WorkerDict pid=96390)[0m 	module.language_model.decoder.layers.5.mlp.experts.linear_fc1.weight62
[36m(WorkerDict pid=96390)[0m 	module.language_model.decoder.layers.15.mlp.experts.linear_fc1.weight11
[36m(WorkerDict pid=96390)[0m 	module.language_model.decoder.layers.12.mlp.experts.linear_fc2.weight39
[36m(WorkerDict pid=96390)[0m 	module.language_model.decoder.layers.19.mlp.experts.linear_fc2.weight48
[36m(WorkerDict pid=96390)[0m 	module.language_model.decoder.layers.18.mlp.experts.linear_fc2.weight21
[36m(WorkerDict pid=96390)[0m 	module.language_model.decoder.layers.17.mlp.experts.linear_fc1.weight61
[36m(WorkerDict pid=96390)[0m 	module.language_model.decoder.layers.16.mlp.experts.linear_fc1.weight36
[36m(WorkerDict pid=96390)[0m 	module.language_model.decoder.layers.10.mlp.experts.linear_fc1.weight52
[36m(WorkerDict pid=96390)[0m 	module.language_model.decoder.layers.11.mlp.experts.linear_fc2.weight15
[36m(WorkerDict pid=96390)[0m 	module.language_model.decoder.layers.9.mlp.experts.linear_fc1.weight27
[36m(WorkerDict pid=96390)[0m 	module.language_model.decoder.layers.8.mlp.experts.linear_fc1.weight0
[36m(WorkerDict pid=96390)[0m 	module.language_model.decoder.layers.5.mlp.experts.linear_fc2.weight15
[36m(WorkerDict pid=96390)[0m 	module.language_model.decoder.layers.0.mlp.experts.linear_fc1.weight25
[36m(WorkerDict pid=96390)[0m 	module.language_model.decoder.layers.8.mlp.experts.linear_fc1.weight4
[36m(WorkerDict pid=96390)[0m 	module.language_model.decoder.layers.5.mlp.experts.linear_fc2.weight32
[36m(WorkerDict pid=96390)[0m 	module.language_model.decoder.layers.14.mlp.experts.linear_fc2.weight4
[36m(WorkerDict pid=96390)[0m 	module.language_model.decoder.layers.13.mlp.experts.linear_fc1.weight43
[36m(WorkerDict pid=96390)[0m 	module.language_model.decoder.layers.12.mlp.experts.linear_fc1.weight18
[36m(WorkerDict pid=96390)[0m 	module.language_model.decoder.layers.19.mlp.experts.linear_fc1.weight27
[36m(WorkerDict pid=96390)[0m 	module.language_model.decoder.layers.16.mlp.experts.linear_fc2.weight56
[36m(WorkerDict pid=96390)[0m 	module.language_model.decoder.layers.15.mlp.experts.linear_fc2.weight31
[36m(WorkerDict pid=96390)[0m 	module.language_model.decoder.layers.9.mlp.experts.linear_fc2.weight47
[36m(WorkerDict pid=96390)[0m 	module.language_model.decoder.layers.8.mlp.experts.linear_fc2.weight22
[36m(WorkerDict pid=96390)[0m 	module.language_model.decoder.layers.7.mlp.experts.linear_fc1.weight61
[36m(WorkerDict pid=96390)[0m 	module.language_model.decoder.layers.6.mlp.experts.linear_fc1.weight34
[36m(WorkerDict pid=96390)[0m 	module.language_model.decoder.layers.5.mlp.experts.linear_fc2.weight49
[36m(WorkerDict pid=96390)[0m 	module.language_model.decoder.layers.1.mlp.experts.linear_fc2.weight11
[36m(WorkerDict pid=96390)[0m 	module.language_model.decoder.layers.6.mlp.experts.linear_fc1.weight3
[36m(WorkerDict pid=96390)[0m 	module.language_model.decoder.layers.1.mlp.experts.linear_fc2.weight28
[36m(WorkerDict pid=96390)[0m 	module.language_model.decoder.layers.3.mlp.experts.linear_fc2.weight62
[36m(WorkerDict pid=96390)[0m 	module.language_model.decoder.layers.6.mlp.experts.linear_fc1.weight2
[36m(WorkerDict pid=96390)[0m 	module.language_model.decoder.layers.1.mlp.experts.linear_fc2.weight45
[36m(WorkerDict pid=96390)[0m 	module.language_model.decoder.layers.1.mlp.experts.linear_fc1.weight28
[36m(WorkerDict pid=96390)[0m 	module.language_model.decoder.layers.11.mlp.experts.linear_fc2.weight16
[36m(WorkerDict pid=96390)[0m 	module.language_model.decoder.layers.15.mlp.experts.linear_fc1.weight12
[36m(WorkerDict pid=96390)[0m 	module.language_model.decoder.layers.12.mlp.experts.linear_fc2.weight40
[36m(WorkerDict pid=96390)[0m 	module.language_model.decoder.layers.19.mlp.experts.linear_fc2.weight49
[36m(WorkerDict pid=96390)[0m 	module.language_model.decoder.layers.18.mlp.experts.linear_fc2.weight22
[36m(WorkerDict pid=96390)[0m 	module.language_model.decoder.layers.17.mlp.experts.linear_fc1.weight62
[36m(WorkerDict pid=96390)[0m 	module.language_model.decoder.layers.16.mlp.experts.linear_fc1.weight37
[36m(WorkerDict pid=96390)[0m 	module.language_model.decoder.layers.10.mlp.experts.linear_fc1.weight53
[36m(WorkerDict pid=96390)[0m 	module.language_model.decoder.layers.9.mlp.experts.linear_fc1.weight28
[36m(WorkerDict pid=96390)[0m 	module.language_model.decoder.layers.8.mlp.experts.linear_fc1.weight2
[36m(WorkerDict pid=96390)[0m 	module.language_model.decoder.layers.6.mlp.experts.linear_fc1.weight20
[36m(WorkerDict pid=96390)[0m 	module.language_model.decoder.layers.1.mlp.experts.linear_fc2.weight62
[36m(WorkerDict pid=96390)[0m 	module.language_model.decoder.layers.4.mlp.experts.linear_fc1.weight16
[36m(WorkerDict pid=96390)[0m 	module.language_model.decoder.layers.14.mlp.experts.linear_fc2.weight5
[36m(WorkerDict pid=96390)[0m 	module.language_model.decoder.layers.13.mlp.experts.linear_fc1.weight44
[36m(WorkerDict pid=96390)[0m 	module.language_model.decoder.layers.12.mlp.experts.linear_fc1.weight19
[36m(WorkerDict pid=96390)[0m 	module.language_model.decoder.layers.18.mlp.experts.linear_fc1.weight0
[36m(WorkerDict pid=96390)[0m 	module.language_model.decoder.layers.19.mlp.experts.linear_fc1.weight28
[36m(WorkerDict pid=96390)[0m 	module.language_model.decoder.layers.16.mlp.experts.linear_fc2.weight57
[36m(WorkerDict pid=96390)[0m 	module.language_model.decoder.layers.15.mlp.experts.linear_fc2.weight32
[36m(WorkerDict pid=96390)[0m 	module.language_model.decoder.layers.9.mlp.experts.linear_fc2.weight48
[36m(WorkerDict pid=96390)[0m 	module.language_model.decoder.layers.8.mlp.experts.linear_fc2.weight23
[36m(WorkerDict pid=96390)[0m 	module.language_model.decoder.layers.7.mlp.experts.linear_fc1.weight62
[36m(WorkerDict pid=96390)[0m 	module.language_model.decoder.layers.4.mlp.experts.linear_fc1.weight33
[36m(WorkerDict pid=96390)[0m 	module.language_model.decoder.layers.2.mlp.experts.linear_fc1.weight16
[36m(WorkerDict pid=96390)[0m 	module.language_model.decoder.layers.4.mlp.experts.linear_fc1.weight50
[36m(WorkerDict pid=96390)[0m 	module.language_model.decoder.layers.2.mlp.experts.linear_fc1.weight33
[36m(WorkerDict pid=96390)[0m 	module.language_model.decoder.layers.6.mlp.experts.linear_fc1.weight28
[36m(WorkerDict pid=96390)[0m 	module.language_model.decoder.layers.4.mlp.experts.linear_fc2.weight3
[36m(WorkerDict pid=96390)[0m 	module.language_model.decoder.layers.2.mlp.experts.linear_fc1.weight50
[36m(WorkerDict pid=96390)[0m 	module.language_model.decoder.layers.6.mlp.experts.linear_fc1.weight45
[36m(WorkerDict pid=96390)[0m 	module.language_model.decoder.layers.10.mlp.experts.linear_fc1.weight54
[36m(WorkerDict pid=96390)[0m 	module.language_model.decoder.layers.11.mlp.experts.linear_fc2.weight17
[36m(WorkerDict pid=96390)[0m 	module.language_model.decoder.layers.19.mlp.experts.linear_fc2.weight50
[36m(WorkerDict pid=96390)[0m 	module.language_model.decoder.layers.18.mlp.experts.linear_fc2.weight23
[36m(WorkerDict pid=96390)[0m 	module.language_model.decoder.layers.17.mlp.experts.linear_fc1.weight63
[36m(WorkerDict pid=96390)[0m 	module.language_model.decoder.layers.16.mlp.experts.linear_fc1.weight38
[36m(WorkerDict pid=96390)[0m 	module.language_model.decoder.layers.15.mlp.experts.linear_fc1.weight13
[36m(WorkerDict pid=96390)[0m 	module.language_model.decoder.layers.14.mlp.experts.linear_fc1.weight3
[36m(WorkerDict pid=96390)[0m 	module.language_model.decoder.layers.12.mlp.experts.linear_fc2.weight41
[36m(WorkerDict pid=96390)[0m 	module.language_model.decoder.layers.9.mlp.experts.linear_fc1.weight29
[36m(WorkerDict pid=96390)[0m 	module.language_model.decoder.layers.4.mlp.experts.linear_fc2.weight20
[36m(WorkerDict pid=96390)[0m 	module.language_model.decoder.layers.2.mlp.experts.linear_fc2.weight3
[36m(WorkerDict pid=96390)[0m 	module.language_model.decoder.layers.6.mlp.experts.linear_fc1.weight62
[36m(WorkerDict pid=96390)[0m 	module.language_model.decoder.layers.0.mlp.experts.linear_fc1.weight18
[36m(WorkerDict pid=96390)[0m 	module.language_model.decoder.layers.4.mlp.experts.linear_fc2.weight37
[36m(WorkerDict pid=96390)[0m 	module.language_model.decoder.layers.2.mlp.experts.linear_fc2.weight20
[36m(WorkerDict pid=96390)[0m 	module.language_model.decoder.layers.0.mlp.experts.linear_fc1.weight35
[36m(WorkerDict pid=96390)[0m 	module.language_model.decoder.layers.12.mlp.experts.linear_fc1.weight20
[36m(WorkerDict pid=96390)[0m 	module.language_model.decoder.layers.18.mlp.experts.linear_fc1.weight1
[36m(WorkerDict pid=96390)[0m 	module.language_model.decoder.layers.19.mlp.experts.linear_fc1.weight29
[36m(WorkerDict pid=96390)[0m 	module.language_model.decoder.layers.16.mlp.experts.linear_fc2.weight58
[36m(WorkerDict pid=96390)[0m 	module.language_model.decoder.layers.14.mlp.experts.linear_fc2.weight6
[36m(WorkerDict pid=96390)[0m 	module.language_model.decoder.layers.13.mlp.experts.linear_fc1.weight45
[36m(WorkerDict pid=96390)[0m 	module.language_model.decoder.layers.15.mlp.experts.linear_fc2.weight33
[36m(WorkerDict pid=96390)[0m 	module.language_model.decoder.layers.9.mlp.experts.linear_fc2.weight49
[36m(WorkerDict pid=96390)[0m 	module.language_model.decoder.layers.8.mlp.experts.linear_fc2.weight24
[36m(WorkerDict pid=96390)[0m 	module.language_model.decoder.layers.7.mlp.experts.linear_fc1.weight63
[36m(WorkerDict pid=96390)[0m 	module.language_model.decoder.layers.4.mlp.experts.linear_fc2.weight54
[36m(WorkerDict pid=96390)[0m 	module.language_model.decoder.layers.6.mlp.experts.linear_fc2.weight32
[36m(WorkerDict pid=96390)[0m 	module.language_model.decoder.layers.6.mlp.experts.linear_fc2.weight49
[36m(WorkerDict pid=96390)[0m 	module.language_model.decoder.layers.2.mlp.experts.linear_fc2.weight46
[36m(WorkerDict pid=96390)[0m 	module.language_model.decoder.layers.0.mlp.experts.linear_fc1.weight61
[36m(WorkerDict pid=96390)[0m 	module.language_model.decoder.layers.7.mlp.experts.linear_fc1.weight3
[36m(WorkerDict pid=96390)[0m 	module.language_model.decoder.layers.10.mlp.experts.linear_fc1.weight55
[36m(WorkerDict pid=96390)[0m 	module.language_model.decoder.layers.19.mlp.experts.linear_fc2.weight51
[36m(WorkerDict pid=96390)[0m 	module.language_model.decoder.layers.18.mlp.experts.linear_fc2.weight24
[36m(WorkerDict pid=96390)[0m 	module.language_model.decoder.layers.17.mlp.experts.linear_fc2.weight0
[36m(WorkerDict pid=96390)[0m 	module.language_model.decoder.layers.16.mlp.experts.linear_fc1.weight39
[36m(WorkerDict pid=96390)[0m 	module.language_model.decoder.layers.11.mlp.experts.linear_fc2.weight18
[36m(WorkerDict pid=96390)[0m 	module.language_model.decoder.layers.12.mlp.experts.linear_fc2.weight42
[36m(WorkerDict pid=96390)[0m 	module.language_model.decoder.layers.15.mlp.experts.linear_fc1.weight14
[36m(WorkerDict pid=96390)[0m 	module.language_model.decoder.layers.9.mlp.experts.linear_fc1.weight30
[36m(WorkerDict pid=96390)[0m 	module.language_model.decoder.layers.8.mlp.experts.linear_fc1.weight5
[36m(WorkerDict pid=96390)[0m 	module.language_model.decoder.layers.2.mlp.experts.linear_fc2.weight63
[36m(WorkerDict pid=96390)[0m 	module.language_model.decoder.layers.0.mlp.experts.linear_fc2.weight14
[36m(WorkerDict pid=96390)[0m 	module.language_model.decoder.layers.3.mlp.experts.linear_fc1.weight0
[36m(WorkerDict pid=96390)[0m 	module.language_model.decoder.layers.0.mlp.experts.linear_fc2.weight31
[36m(WorkerDict pid=96390)[0m 	module.language_model.decoder.layers.7.mlp.experts.linear_fc1.weight22
[36m(WorkerDict pid=96390)[0m 	module.language_model.decoder.layers.19.mlp.experts.linear_fc1.weight30
[36m(WorkerDict pid=96390)[0m 	module.language_model.decoder.layers.18.mlp.experts.linear_fc1.weight3
[36m(WorkerDict pid=96390)[0m 	module.language_model.decoder.layers.16.mlp.experts.linear_fc2.weight59
[36m(WorkerDict pid=96390)[0m 	module.language_model.decoder.layers.15.mlp.experts.linear_fc2.weight34
[36m(WorkerDict pid=96390)[0m 	module.language_model.decoder.layers.12.mlp.experts.linear_fc1.weight21
[36m(WorkerDict pid=96390)[0m 	module.language_model.decoder.layers.14.mlp.experts.linear_fc2.weight7
[36m(WorkerDict pid=96390)[0m 	module.language_model.decoder.layers.13.mlp.experts.linear_fc1.weight46
[36m(WorkerDict pid=96390)[0m 	module.language_model.decoder.layers.9.mlp.experts.linear_fc2.weight50
[36m(WorkerDict pid=96390)[0m 	module.language_model.decoder.layers.8.mlp.experts.linear_fc2.weight25
[36m(WorkerDict pid=96390)[0m 	module.language_model.decoder.layers.7.mlp.experts.linear_fc2.weight0
[36m(WorkerDict pid=96390)[0m 	module.language_model.decoder.layers.3.mlp.experts.linear_fc1.weight19
[36m(WorkerDict pid=96390)[0m 	module.language_model.decoder.layers.0.mlp.experts.linear_fc2.weight48
[36m(WorkerDict pid=96390)[0m 	module.language_model.decoder.layers.3.mlp.experts.linear_fc2.weight16
[36m(WorkerDict pid=96390)[0m 	module.language_model.decoder.layers.3.mlp.experts.linear_fc1.weight36
[36m(WorkerDict pid=96390)[0m 	module.language_model.decoder.layers.3.mlp.experts.linear_fc1.weight53
[36m(WorkerDict pid=96390)[0m 	module.language_model.decoder.layers.15.mlp.experts.linear_fc1.weight15
[36m(WorkerDict pid=96390)[0m 	module.language_model.decoder.layers.12.mlp.experts.linear_fc2.weight43
[36m(WorkerDict pid=96390)[0m 	module.language_model.decoder.layers.10.mlp.experts.linear_fc1.weight56
[36m(WorkerDict pid=96390)[0m 	module.language_model.decoder.layers.19.mlp.experts.linear_fc2.weight52
[36m(WorkerDict pid=96390)[0m 	module.language_model.decoder.layers.18.mlp.experts.linear_fc2.weight25
[36m(WorkerDict pid=96390)[0m 	module.language_model.decoder.layers.17.mlp.experts.linear_fc2.weight1
[36m(WorkerDict pid=96390)[0m 	module.language_model.decoder.layers.16.mlp.experts.linear_fc1.weight40
[36m(WorkerDict pid=96390)[0m 	module.language_model.decoder.layers.11.mlp.experts.linear_fc2.weight19
[36m(WorkerDict pid=96390)[0m 	module.language_model.decoder.layers.9.mlp.experts.linear_fc1.weight31
[36m(WorkerDict pid=96390)[0m 	module.language_model.decoder.layers.8.mlp.experts.linear_fc1.weight6
[36m(WorkerDict pid=96390)[0m 	module.language_model.decoder.layers.3.mlp.experts.linear_fc2.weight6
[36m(WorkerDict pid=96390)[0m 	module.language_model.decoder.layers.1.mlp.experts.linear_fc1.weight18
[36m(WorkerDict pid=96390)[0m 	module.language_model.decoder.layers.3.mlp.experts.linear_fc2.weight23
[36m(WorkerDict pid=96390)[0m 	module.language_model.decoder.layers.1.mlp.experts.linear_fc1.weight35
[36m(WorkerDict pid=96390)[0m 	module.language_model.decoder.layers.14.mlp.experts.linear_fc2.weight8
[36m(WorkerDict pid=96390)[0m 	module.language_model.decoder.layers.13.mlp.experts.linear_fc1.weight47
[36m(WorkerDict pid=96390)[0m 	module.language_model.decoder.layers.12.mlp.experts.linear_fc1.weight22
[36m(WorkerDict pid=96390)[0m 	module.language_model.decoder.layers.18.mlp.experts.linear_fc1.weight4
[36m(WorkerDict pid=96390)[0m 	module.language_model.decoder.layers.19.mlp.experts.linear_fc1.weight31
[36m(WorkerDict pid=96390)[0m 	module.language_model.decoder.layers.16.mlp.experts.linear_fc2.weight60
[36m(WorkerDict pid=96390)[0m 	module.language_model.decoder.layers.15.mlp.experts.linear_fc2.weight35
[36m(WorkerDict pid=96390)[0m 	module.language_model.decoder.layers.9.mlp.experts.linear_fc2.weight51
[36m(WorkerDict pid=96390)[0m 	module.language_model.decoder.layers.8.mlp.experts.linear_fc2.weight26
[36m(WorkerDict pid=96390)[0m 	module.language_model.decoder.layers.7.mlp.experts.linear_fc2.weight1
[36m(WorkerDict pid=96390)[0m 	module.language_model.decoder.layers.5.mlp.experts.linear_fc1.weight12
[36m(WorkerDict pid=96390)[0m 	module.language_model.decoder.layers.3.mlp.experts.linear_fc2.weight40
[36m(WorkerDict pid=96390)[0m 	module.language_model.decoder.layers.1.mlp.experts.linear_fc1.weight52
[36m(WorkerDict pid=96390)[0m 	module.language_model.decoder.layers.0.mlp.experts.linear_fc1.weight15
[36m(WorkerDict pid=96390)[0m 	module.language_model.decoder.layers.5.mlp.experts.linear_fc1.weight29
[36m(WorkerDict pid=96390)[0m 	module.language_model.decoder.layers.3.mlp.experts.linear_fc2.weight57
[36m(WorkerDict pid=96390)[0m 	module.language_model.decoder.layers.1.mlp.experts.linear_fc2.weight5
[36m(WorkerDict pid=96390)[0m 	module.language_model.decoder.layers.5.mlp.experts.linear_fc1.weight46
[36m(WorkerDict pid=96390)[0m 	module.language_model.decoder.layers.5.mlp.experts.linear_fc1.weight63
[36m(WorkerDict pid=96390)[0m 	module.language_model.decoder.layers.11.mlp.experts.linear_fc2.weight20
[36m(WorkerDict pid=96390)[0m 	module.language_model.decoder.layers.15.mlp.experts.linear_fc1.weight16
[36m(WorkerDict pid=96390)[0m 	module.language_model.decoder.layers.12.mlp.experts.linear_fc2.weight44
[36m(WorkerDict pid=96390)[0m 	module.language_model.decoder.layers.18.mlp.experts.linear_fc2.weight26
[36m(WorkerDict pid=96390)[0m 	module.language_model.decoder.layers.19.mlp.experts.linear_fc2.weight53
[36m(WorkerDict pid=96390)[0m 	module.language_model.decoder.layers.17.mlp.experts.linear_fc2.weight2
[36m(WorkerDict pid=96390)[0m 	module.language_model.decoder.layers.16.mlp.experts.linear_fc1.weight41
[36m(WorkerDict pid=96390)[0m 	module.language_model.decoder.layers.10.mlp.experts.linear_fc1.weight57
[36m(WorkerDict pid=96390)[0m 	module.language_model.decoder.layers.9.mlp.experts.linear_fc1.weight32
[36m(WorkerDict pid=96390)[0m 	module.language_model.decoder.layers.8.mlp.experts.linear_fc1.weight7
[36m(WorkerDict pid=96390)[0m 	module.language_model.decoder.layers.5.mlp.experts.linear_fc2.weight16
[36m(WorkerDict pid=96390)[0m 	module.language_model.decoder.layers.14.mlp.experts.linear_fc2.weight9
[36m(WorkerDict pid=96390)[0m 	module.language_model.decoder.layers.13.mlp.experts.linear_fc1.weight48
[36m(WorkerDict pid=96390)[0m 	module.language_model.decoder.layers.12.mlp.experts.linear_fc1.weight23
[36m(WorkerDict pid=96390)[0m 	module.language_model.decoder.layers.18.mlp.experts.linear_fc1.weight5
[36m(WorkerDict pid=96390)[0m 	module.language_model.decoder.layers.19.mlp.experts.linear_fc1.weight32
[36m(WorkerDict pid=96390)[0m 	module.language_model.decoder.layers.16.mlp.experts.linear_fc2.weight61
[36m(WorkerDict pid=96390)[0m 	module.language_model.decoder.layers.15.mlp.experts.linear_fc2.weight36
[36m(WorkerDict pid=96390)[0m 	module.language_model.decoder.layers.9.mlp.experts.linear_fc2.weight52
[36m(WorkerDict pid=96390)[0m 	module.language_model.decoder.layers.8.mlp.experts.linear_fc2.weight27
[36m(WorkerDict pid=96390)[0m 	module.language_model.decoder.layers.7.mlp.experts.linear_fc2.weight2
[36m(WorkerDict pid=96390)[0m 	module.language_model.decoder.layers.5.mlp.experts.linear_fc2.weight50
[36m(WorkerDict pid=96390)[0m 	module.language_model.decoder.layers.1.mlp.experts.linear_fc2.weight12
[36m(WorkerDict pid=96390)[0m 	module.language_model.decoder.layers.1.mlp.experts.linear_fc2.weight29
[36m(WorkerDict pid=96390)[0m 	module.language_model.decoder.layers.3.mlp.experts.linear_fc2.weight63
[36m(WorkerDict pid=96390)[0m 	module.language_model.decoder.layers.1.mlp.experts.linear_fc2.weight46
[36m(WorkerDict pid=96390)[0m 	module.language_model.decoder.layers.10.mlp.experts.linear_fc1.weight58
[36m(WorkerDict pid=96390)[0m 	module.language_model.decoder.layers.11.mlp.experts.linear_fc2.weight21
[36m(WorkerDict pid=96390)[0m 	module.language_model.decoder.layers.15.mlp.experts.linear_fc1.weight17
[36m(WorkerDict pid=96390)[0m 	module.language_model.decoder.layers.12.mlp.experts.linear_fc2.weight45
[36m(WorkerDict pid=96390)[0m 	module.language_model.decoder.layers.18.mlp.experts.linear_fc2.weight27
[36m(WorkerDict pid=96390)[0m 	module.language_model.decoder.layers.19.mlp.experts.linear_fc2.weight54
[36m(WorkerDict pid=96390)[0m 	module.language_model.decoder.layers.17.mlp.experts.linear_fc2.weight3
[36m(WorkerDict pid=96390)[0m 	module.language_model.decoder.layers.16.mlp.experts.linear_fc1.weight42
[36m(WorkerDict pid=96390)[0m 	module.language_model.decoder.layers.9.mlp.experts.linear_fc1.weight33
[36m(WorkerDict pid=96390)[0m 	module.language_model.decoder.layers.8.mlp.experts.linear_fc1.weight8
[36m(WorkerDict pid=96390)[0m 	module.language_model.decoder.layers.4.mlp.experts.linear_fc1.weight1
[36m(WorkerDict pid=96390)[0m 	module.language_model.decoder.layers.6.mlp.experts.linear_fc1.weight21
[36m(WorkerDict pid=96390)[0m 	module.language_model.decoder.layers.1.mlp.experts.linear_fc2.weight63
[36m(WorkerDict pid=96390)[0m 	module.language_model.decoder.layers.4.mlp.experts.linear_fc1.weight17
[36m(WorkerDict pid=96390)[0m 	module.language_model.decoder.layers.11.mlp.experts.linear_fc1.weight1
[36m(WorkerDict pid=96390)[0m 	module.language_model.decoder.layers.14.mlp.experts.linear_fc2.weight10
[36m(WorkerDict pid=96390)[0m 	module.language_model.decoder.layers.13.mlp.experts.linear_fc1.weight49
[36m(WorkerDict pid=96390)[0m 	module.language_model.decoder.layers.12.mlp.experts.linear_fc1.weight24
[36m(WorkerDict pid=96390)[0m 	module.language_model.decoder.layers.18.mlp.experts.linear_fc1.weight6
[36m(WorkerDict pid=96390)[0m 	module.language_model.decoder.layers.19.mlp.experts.linear_fc1.weight33
[36m(WorkerDict pid=96390)[0m 	module.language_model.decoder.layers.16.mlp.experts.linear_fc2.weight62
[36m(WorkerDict pid=96390)[0m 	module.language_model.decoder.layers.15.mlp.experts.linear_fc2.weight37
[36m(WorkerDict pid=96390)[0m 	module.language_model.decoder.layers.9.mlp.experts.linear_fc2.weight53
[36m(WorkerDict pid=96390)[0m 	module.language_model.decoder.layers.8.mlp.experts.linear_fc2.weight28
[36m(WorkerDict pid=96390)[0m 	module.language_model.decoder.layers.2.mlp.experts.linear_fc1.weight1
[36m(WorkerDict pid=96390)[0m 	module.language_model.decoder.layers.4.mlp.experts.linear_fc1.weight34
[36m(WorkerDict pid=96390)[0m 	module.language_model.decoder.layers.2.mlp.experts.linear_fc1.weight17
[36m(WorkerDict pid=96390)[0m 	module.language_model.decoder.layers.4.mlp.experts.linear_fc1.weight51
[36m(WorkerDict pid=96390)[0m 	module.language_model.decoder.layers.2.mlp.experts.linear_fc1.weight34
[36m(WorkerDict pid=96390)[0m 	module.language_model.decoder.layers.0.mlp.experts.linear_fc1.weight3
[36m(WorkerDict pid=96390)[0m 	module.language_model.decoder.layers.4.mlp.experts.linear_fc2.weight4
[36m(WorkerDict pid=96390)[0m 	module.language_model.decoder.layers.2.mlp.experts.linear_fc1.weight51
[36m(WorkerDict pid=96390)[0m 	module.language_model.decoder.layers.0.mlp.experts.linear_fc1.weight0
[36m(WorkerDict pid=96390)[0m 	module.language_model.decoder.layers.6.mlp.experts.linear_fc1.weight46
[36m(WorkerDict pid=96390)[0m 	module.language_model.decoder.layers.10.mlp.experts.linear_fc1.weight59
[36m(WorkerDict pid=96390)[0m 	module.language_model.decoder.layers.11.mlp.experts.linear_fc2.weight22
[36m(WorkerDict pid=96390)[0m 	module.language_model.decoder.layers.18.mlp.experts.linear_fc2.weight28
[36m(WorkerDict pid=96390)[0m 	module.language_model.decoder.layers.19.mlp.experts.linear_fc2.weight55
[36m(WorkerDict pid=96390)[0m 	module.language_model.decoder.layers.17.mlp.experts.linear_fc2.weight4
[36m(WorkerDict pid=96390)[0m 	module.language_model.decoder.layers.16.mlp.experts.linear_fc1.weight43
[36m(WorkerDict pid=96390)[0m 	module.language_model.decoder.layers.15.mlp.experts.linear_fc1.weight18
[36m(WorkerDict pid=96390)[0m 	module.language_model.decoder.layers.12.mlp.experts.linear_fc2.weight46
[36m(WorkerDict pid=96390)[0m 	module.language_model.decoder.layers.9.mlp.experts.linear_fc1.weight34
[36m(WorkerDict pid=96390)[0m 	module.language_model.decoder.layers.8.mlp.experts.linear_fc1.weight9
[36m(WorkerDict pid=96390)[0m 	module.language_model.decoder.layers.4.mlp.experts.linear_fc2.weight21
[36m(WorkerDict pid=96390)[0m 	module.language_model.decoder.layers.2.mlp.experts.linear_fc2.weight4
[36m(WorkerDict pid=96390)[0m 	module.language_model.decoder.layers.0.mlp.experts.linear_fc1.weight19
[36m(WorkerDict pid=96390)[0m 	module.language_model.decoder.layers.6.mlp.experts.linear_fc1.weight63
[36m(WorkerDict pid=96390)[0m 	module.language_model.decoder.layers.4.mlp.experts.linear_fc2.weight38
[36m(WorkerDict pid=96390)[0m 	module.language_model.decoder.layers.19.mlp.experts.linear_fc1.weight34
[36m(WorkerDict pid=96390)[0m 	module.language_model.decoder.layers.18.mlp.experts.linear_fc1.weight7
[36m(WorkerDict pid=96390)[0m 	module.language_model.decoder.layers.16.mlp.experts.linear_fc2.weight63
[36m(WorkerDict pid=96390)[0m 	module.language_model.decoder.layers.15.mlp.experts.linear_fc2.weight38
[36m(WorkerDict pid=96390)[0m 	module.language_model.decoder.layers.14.mlp.experts.linear_fc2.weight11
[36m(WorkerDict pid=96390)[0m 	module.language_model.decoder.layers.13.mlp.experts.linear_fc1.weight50
[36m(WorkerDict pid=96390)[0m 	module.language_model.decoder.layers.12.mlp.experts.linear_fc1.weight25
[36m(WorkerDict pid=96390)[0m 	module.language_model.decoder.layers.9.mlp.experts.linear_fc2.weight54
[36m(WorkerDict pid=96390)[0m 	module.language_model.decoder.layers.8.mlp.experts.linear_fc2.weight29
[36m(WorkerDict pid=96390)[0m 	module.language_model.decoder.layers.7.mlp.experts.linear_fc2.weight4
[36m(WorkerDict pid=96390)[0m 	module.language_model.decoder.layers.6.mlp.experts.linear_fc2.weight33
[36m(WorkerDict pid=96390)[0m 	module.language_model.decoder.layers.6.mlp.experts.linear_fc2.weight50
[36m(WorkerDict pid=96390)[0m 	module.language_model.decoder.layers.2.mlp.experts.linear_fc2.weight47
[36m(WorkerDict pid=96390)[0m 	module.language_model.decoder.layers.0.mlp.experts.linear_fc1.weight62
[36m(WorkerDict pid=96390)[0m 	module.language_model.decoder.layers.15.mlp.experts.linear_fc1.weight19
[36m(WorkerDict pid=96390)[0m 	module.language_model.decoder.layers.12.mlp.experts.linear_fc2.weight47
[36m(WorkerDict pid=96390)[0m 	module.language_model.decoder.layers.10.mlp.experts.linear_fc1.weight60
[36m(WorkerDict pid=96390)[0m 	module.language_model.decoder.layers.18.mlp.experts.linear_fc2.weight29
[36m(WorkerDict pid=96390)[0m 	module.language_model.decoder.layers.19.mlp.experts.linear_fc2.weight56
[36m(WorkerDict pid=96390)[0m 	module.language_model.decoder.layers.17.mlp.experts.linear_fc2.weight5
[36m(WorkerDict pid=96390)[0m 	module.language_model.decoder.layers.16.mlp.experts.linear_fc1.weight44
[36m(WorkerDict pid=96390)[0m 	module.language_model.decoder.layers.11.mlp.experts.linear_fc2.weight23
[36m(WorkerDict pid=96390)[0m 	module.language_model.decoder.layers.9.mlp.experts.linear_fc1.weight35
[36m(WorkerDict pid=96390)[0m 	module.language_model.decoder.layers.8.mlp.experts.linear_fc1.weight10
[36m(WorkerDict pid=96390)[0m 	module.language_model.decoder.layers.0.mlp.experts.linear_fc2.weight15
[36m(WorkerDict pid=96390)[0m 	module.language_model.decoder.layers.3.mlp.experts.linear_fc1.weight2
[36m(WorkerDict pid=96390)[0m 	module.language_model.decoder.layers.0.mlp.experts.linear_fc2.weight32
[36m(WorkerDict pid=96390)[0m 	module.language_model.decoder.layers.11.mlp.experts.linear_fc1.weight0
[36m(WorkerDict pid=96390)[0m 	module.language_model.decoder.layers.18.mlp.experts.linear_fc1.weight8
[36m(WorkerDict pid=96390)[0m 	module.language_model.decoder.layers.19.mlp.experts.linear_fc1.weight35
[36m(WorkerDict pid=96390)[0m 	module.language_model.decoder.layers.15.mlp.experts.linear_fc2.weight39
[36m(WorkerDict pid=96390)[0m 	module.language_model.decoder.layers.14.mlp.experts.linear_fc2.weight12
[36m(WorkerDict pid=96390)[0m 	module.language_model.decoder.layers.13.mlp.experts.linear_fc1.weight51
[36m(WorkerDict pid=96390)[0m 	module.language_model.decoder.layers.12.mlp.experts.linear_fc1.weight26
[36m(WorkerDict pid=96390)[0m 	module.language_model.decoder.layers.9.mlp.experts.linear_fc2.weight55
[36m(WorkerDict pid=96390)[0m 	module.language_model.decoder.layers.8.mlp.experts.linear_fc2.weight30
[36m(WorkerDict pid=96390)[0m 	module.language_model.decoder.layers.7.mlp.experts.linear_fc2.weight5
[36m(WorkerDict pid=96390)[0m 	module.language_model.decoder.layers.3.mlp.experts.linear_fc1.weight20
[36m(WorkerDict pid=96390)[0m 	module.language_model.decoder.layers.0.mlp.experts.linear_fc2.weight49
[36m(WorkerDict pid=96390)[0m 	module.language_model.decoder.layers.3.mlp.experts.linear_fc1.weight37
[36m(WorkerDict pid=96390)[0m 	module.language_model.decoder.layers.1.mlp.experts.linear_fc1.weight3
[36m(WorkerDict pid=96390)[0m 	module.language_model.decoder.layers.3.mlp.experts.linear_fc1.weight54
[36m(WorkerDict pid=96390)[0m 	module.language_model.decoder.layers.1.mlp.experts.linear_fc1.weight0
[36m(WorkerDict pid=96390)[0m 	module.language_model.decoder.layers.11.mlp.experts.linear_fc2.weight24
[36m(WorkerDict pid=96390)[0m 	module.language_model.decoder.layers.15.mlp.experts.linear_fc1.weight20
[36m(WorkerDict pid=96390)[0m 	module.language_model.decoder.layers.12.mlp.experts.linear_fc2.weight48
[36m(WorkerDict pid=96390)[0m 	module.language_model.decoder.layers.10.mlp.experts.linear_fc1.weight61
[36m(WorkerDict pid=96390)[0m 	module.language_model.decoder.layers.18.mlp.experts.linear_fc2.weight30
[36m(WorkerDict pid=96390)[0m 	module.language_model.decoder.layers.19.mlp.experts.linear_fc2.weight57
[36m(WorkerDict pid=96390)[0m 	module.language_model.decoder.layers.17.mlp.experts.linear_fc2.weight6
[36m(WorkerDict pid=96390)[0m 	module.language_model.decoder.layers.16.mlp.experts.linear_fc1.weight45
[36m(WorkerDict pid=96390)[0m 	module.language_model.decoder.layers.9.mlp.experts.linear_fc1.weight36
[36m(WorkerDict pid=96390)[0m 	module.language_model.decoder.layers.8.mlp.experts.linear_fc1.weight11
[36m(WorkerDict pid=96390)[0m 	module.language_model.decoder.layers.3.mlp.experts.linear_fc2.weight7
[36m(WorkerDict pid=96390)[0m 	module.language_model.decoder.layers.1.mlp.experts.linear_fc1.weight19
[36m(WorkerDict pid=96390)[0m 	module.language_model.decoder.layers.3.mlp.experts.linear_fc2.weight24
[36m(WorkerDict pid=96390)[0m 	module.language_model.decoder.layers.1.mlp.experts.linear_fc1.weight36
[36m(WorkerDict pid=96390)[0m 	module.language_model.decoder.layers.14.mlp.experts.linear_fc2.weight13
[36m(WorkerDict pid=96390)[0m 	module.language_model.decoder.layers.13.mlp.experts.linear_fc1.weight52
[36m(WorkerDict pid=96390)[0m 	module.language_model.decoder.layers.12.mlp.experts.linear_fc1.weight27
[36m(WorkerDict pid=96390)[0m 	module.language_model.decoder.layers.19.mlp.experts.linear_fc1.weight36
[36m(WorkerDict pid=96390)[0m 	module.language_model.decoder.layers.18.mlp.experts.linear_fc1.weight9
[36m(WorkerDict pid=96390)[0m 	module.language_model.decoder.layers.15.mlp.experts.linear_fc2.weight40
[36m(WorkerDict pid=96390)[0m 	module.language_model.decoder.layers.11.mlp.experts.linear_fc1.weight2
[36m(WorkerDict pid=96390)[0m 	module.language_model.decoder.layers.9.mlp.experts.linear_fc2.weight56
[36m(WorkerDict pid=96390)[0m 	module.language_model.decoder.layers.8.mlp.experts.linear_fc2.weight31
[36m(WorkerDict pid=96390)[0m 	module.language_model.decoder.layers.7.mlp.experts.linear_fc2.weight6
[36m(WorkerDict pid=96390)[0m 	module.language_model.decoder.layers.5.mlp.experts.linear_fc1.weight13
[36m(WorkerDict pid=96390)[0m 	module.language_model.decoder.layers.3.mlp.experts.linear_fc2.weight41
[36m(WorkerDict pid=96390)[0m 	module.language_model.decoder.layers.1.mlp.experts.linear_fc1.weight53
[36m(WorkerDict pid=96390)[0m 	module.language_model.decoder.layers.5.mlp.experts.linear_fc1.weight30
[36m(WorkerDict pid=96390)[0m 	module.language_model.decoder.layers.5.mlp.experts.linear_fc1.weight47
[36m(WorkerDict pid=96390)[0m 	module.language_model.decoder.layers.5.mlp.experts.linear_fc2.weight0
[36m(WorkerDict pid=96390)[0m 	module.language_model.decoder.layers.10.mlp.experts.linear_fc1.weight62
[36m(WorkerDict pid=96390)[0m 	module.language_model.decoder.layers.11.mlp.experts.linear_fc2.weight25
[36m(WorkerDict pid=96390)[0m 	module.language_model.decoder.layers.15.mlp.experts.linear_fc1.weight21
[36m(WorkerDict pid=96390)[0m 	module.language_model.decoder.layers.12.mlp.experts.linear_fc2.weight49
[36m(WorkerDict pid=96390)[0m 	module.language_model.decoder.layers.18.mlp.experts.linear_fc2.weight31
[36m(WorkerDict pid=96390)[0m 	module.language_model.decoder.layers.19.mlp.experts.linear_fc2.weight58
[36m(WorkerDict pid=96390)[0m 	module.language_model.decoder.layers.17.mlp.experts.linear_fc2.weight7
[36m(WorkerDict pid=96390)[0m 	module.language_model.decoder.layers.16.mlp.experts.linear_fc1.weight46
[36m(WorkerDict pid=96390)[0m 	module.language_model.decoder.layers.9.mlp.experts.linear_fc1.weight37
[36m(WorkerDict pid=96390)[0m 	module.language_model.decoder.layers.8.mlp.experts.linear_fc1.weight12
[36m(WorkerDict pid=96390)[0m 	module.language_model.decoder.layers.5.mlp.experts.linear_fc2.weight17
[36m(WorkerDict pid=96390)[0m 	module.language_model.decoder.layers.11.mlp.experts.linear_fc1.weight4
[36m(WorkerDict pid=96390)[0m 	module.language_model.decoder.layers.14.mlp.experts.linear_fc2.weight14
[36m(WorkerDict pid=96390)[0m 	module.language_model.decoder.layers.13.mlp.experts.linear_fc1.weight53
[36m(WorkerDict pid=96390)[0m 	module.language_model.decoder.layers.12.mlp.experts.linear_fc1.weight28
[36m(WorkerDict pid=96390)[0m 	module.language_model.decoder.layers.19.mlp.experts.linear_fc1.weight37
[36m(WorkerDict pid=96390)[0m 	module.language_model.decoder.layers.18.mlp.experts.linear_fc1.weight10
[36m(WorkerDict pid=96390)[0m 	module.language_model.decoder.layers.17.mlp.experts.linear_fc1.weight3
[36m(WorkerDict pid=96390)[0m 	module.language_model.decoder.layers.15.mlp.experts.linear_fc2.weight41
[36m(WorkerDict pid=96390)[0m 	module.language_model.decoder.layers.9.mlp.experts.linear_fc2.weight57
[36m(WorkerDict pid=96390)[0m 	module.language_model.decoder.layers.8.mlp.experts.linear_fc2.weight32
[36m(WorkerDict pid=96390)[0m 	module.language_model.decoder.layers.5.mlp.experts.linear_fc2.weight34
[36m(WorkerDict pid=96390)[0m 	module.language_model.decoder.layers.5.mlp.experts.linear_fc2.weight51
[36m(WorkerDict pid=96390)[0m 	module.language_model.decoder.layers.1.mlp.experts.linear_fc2.weight13
[36m(WorkerDict pid=96390)[0m 	module.language_model.decoder.layers.1.mlp.experts.linear_fc2.weight30
[36m(WorkerDict pid=96390)[0m 	module.language_model.decoder.layers.1.mlp.experts.linear_fc2.weight47
[36m(WorkerDict pid=96390)[0m 	module.language_model.decoder.layers.10.mlp.experts.linear_fc1.weight63
[36m(WorkerDict pid=96390)[0m 	module.language_model.decoder.layers.11.mlp.experts.linear_fc2.weight26
[36m(WorkerDict pid=96390)[0m 	module.language_model.decoder.layers.15.mlp.experts.linear_fc1.weight22
[36m(WorkerDict pid=96390)[0m 	module.language_model.decoder.layers.12.mlp.experts.linear_fc2.weight50
[36m(WorkerDict pid=96390)[0m 	module.language_model.decoder.layers.19.mlp.experts.linear_fc2.weight59
[36m(WorkerDict pid=96390)[0m 	module.language_model.decoder.layers.18.mlp.experts.linear_fc2.weight32
[36m(WorkerDict pid=96390)[0m 	module.language_model.decoder.layers.17.mlp.experts.linear_fc2.weight8
[36m(WorkerDict pid=96390)[0m 	module.language_model.decoder.layers.16.mlp.experts.linear_fc1.weight47
[36m(WorkerDict pid=96390)[0m 	module.language_model.decoder.layers.9.mlp.experts.linear_fc1.weight38
[36m(WorkerDict pid=96390)[0m 	module.language_model.decoder.layers.8.mlp.experts.linear_fc1.weight13
[36m(WorkerDict pid=96390)[0m 	module.language_model.decoder.layers.6.mlp.experts.linear_fc1.weight22
[36m(WorkerDict pid=96390)[0m 	module.language_model.decoder.layers.4.mlp.experts.linear_fc1.weight18
[36m(WorkerDict pid=96390)[0m 	module.language_model.decoder.layers.11.mlp.experts.linear_fc1.weight5
[36m(WorkerDict pid=96390)[0m 	module.language_model.decoder.layers.14.mlp.experts.linear_fc2.weight15
[36m(WorkerDict pid=96390)[0m 	module.language_model.decoder.layers.13.mlp.experts.linear_fc1.weight54
[36m(WorkerDict pid=96390)[0m 	module.language_model.decoder.layers.12.mlp.experts.linear_fc1.weight29
[36m(WorkerDict pid=96390)[0m 	module.language_model.decoder.layers.19.mlp.experts.linear_fc1.weight38
[36m(WorkerDict pid=96390)[0m 	module.language_model.decoder.layers.18.mlp.experts.linear_fc1.weight11
[36m(WorkerDict pid=96390)[0m 	module.language_model.decoder.layers.15.mlp.experts.linear_fc2.weight42
[36m(WorkerDict pid=96390)[0m 	module.language_model.decoder.layers.9.mlp.experts.linear_fc2.weight58
[36m(WorkerDict pid=96390)[0m 	module.language_model.decoder.layers.8.mlp.experts.linear_fc2.weight33
[36m(WorkerDict pid=96390)[0m 	module.language_model.decoder.layers.7.mlp.experts.linear_fc2.weight8
[36m(WorkerDict pid=96390)[0m 	module.language_model.decoder.layers.4.mlp.experts.linear_fc1.weight35
[36m(WorkerDict pid=96390)[0m 	module.language_model.decoder.layers.2.mlp.experts.linear_fc1.weight18
[36m(WorkerDict pid=96390)[0m 	module.language_model.decoder.layers.4.mlp.experts.linear_fc1.weight52
[36m(WorkerDict pid=96390)[0m 	module.language_model.decoder.layers.2.mlp.experts.linear_fc1.weight35
[36m(WorkerDict pid=96390)[0m 	module.language_model.decoder.layers.4.mlp.experts.linear_fc2.weight5
[36m(WorkerDict pid=96390)[0m 	module.language_model.decoder.layers.2.mlp.experts.linear_fc1.weight52
[36m(WorkerDict pid=96390)[0m 	module.language_model.decoder.layers.0.mlp.experts.linear_fc1.weight2
[36m(WorkerDict pid=96390)[0m 	module.language_model.decoder.layers.6.mlp.experts.linear_fc1.weight47
[36m(WorkerDict pid=96390)[0m 	module.language_model.decoder.layers.10.mlp.experts.linear_fc2.weight0
[36m(WorkerDict pid=96390)[0m 	module.language_model.decoder.layers.11.mlp.experts.linear_fc2.weight27
[36m(WorkerDict pid=96390)[0m 	module.language_model.decoder.layers.19.mlp.experts.linear_fc2.weight60
[36m(WorkerDict pid=96390)[0m 	module.language_model.decoder.layers.18.mlp.experts.linear_fc2.weight33
[36m(WorkerDict pid=96390)[0m 	module.language_model.decoder.layers.17.mlp.experts.linear_fc2.weight9
[36m(WorkerDict pid=96390)[0m 	module.language_model.decoder.layers.16.mlp.experts.linear_fc1.weight48
[36m(WorkerDict pid=96390)[0m 	module.language_model.decoder.layers.15.mlp.experts.linear_fc1.weight23
[36m(WorkerDict pid=96390)[0m 	module.language_model.decoder.layers.12.mlp.experts.linear_fc2.weight51
[36m(WorkerDict pid=96390)[0m 	module.language_model.decoder.layers.9.mlp.experts.linear_fc1.weight39
[36m(WorkerDict pid=96390)[0m 	module.language_model.decoder.layers.8.mlp.experts.linear_fc1.weight14
[36m(WorkerDict pid=96390)[0m 	module.language_model.decoder.layers.4.mlp.experts.linear_fc2.weight22
[36m(WorkerDict pid=96390)[0m 	module.language_model.decoder.layers.2.mlp.experts.linear_fc2.weight5
[36m(WorkerDict pid=96390)[0m 	module.language_model.decoder.layers.0.mlp.experts.linear_fc1.weight20
[36m(WorkerDict pid=96390)[0m 	module.language_model.decoder.layers.6.mlp.experts.linear_fc2.weight0
[36m(WorkerDict pid=96390)[0m 	module.language_model.decoder.layers.4.mlp.experts.linear_fc2.weight39
[36m(WorkerDict pid=96390)[0m 	module.language_model.decoder.layers.11.mlp.experts.linear_fc1.weight6
[36m(WorkerDict pid=96390)[0m 	module.language_model.decoder.layers.14.mlp.experts.linear_fc2.weight16
[36m(WorkerDict pid=96390)[0m 	module.language_model.decoder.layers.13.mlp.experts.linear_fc1.weight55
[36m(WorkerDict pid=96390)[0m 	module.language_model.decoder.layers.12.mlp.experts.linear_fc1.weight30
[36m(WorkerDict pid=96390)[0m 	module.language_model.decoder.layers.18.mlp.experts.linear_fc1.weight12
[36m(WorkerDict pid=96390)[0m 	module.language_model.decoder.layers.19.mlp.experts.linear_fc1.weight39
[36m(WorkerDict pid=96390)[0m 	module.language_model.decoder.layers.15.mlp.experts.linear_fc2.weight43
[36m(WorkerDict pid=96390)[0m 	module.language_model.decoder.layers.9.mlp.experts.linear_fc2.weight59
[36m(WorkerDict pid=96390)[0m 	module.language_model.decoder.layers.8.mlp.experts.linear_fc2.weight34
[36m(WorkerDict pid=96390)[0m 	module.language_model.decoder.layers.7.mlp.experts.linear_fc2.weight9
[36m(WorkerDict pid=96390)[0m 	module.language_model.decoder.layers.2.mlp.experts.linear_fc2.weight22
[36m(WorkerDict pid=96390)[0m 	module.language_model.decoder.layers.0.mlp.experts.linear_fc1.weight37
[36m(WorkerDict pid=96390)[0m 	module.language_model.decoder.layers.4.mlp.experts.linear_fc2.weight56
[36m(WorkerDict pid=96390)[0m 	module.language_model.decoder.layers.6.mlp.experts.linear_fc2.weight34
[36m(WorkerDict pid=96390)[0m 	module.language_model.decoder.layers.2.mlp.experts.linear_fc2.weight31
[36m(WorkerDict pid=96390)[0m 	module.language_model.decoder.layers.0.mlp.experts.linear_fc1.weight46
[36m(WorkerDict pid=96390)[0m 	module.language_model.decoder.layers.6.mlp.experts.linear_fc2.weight51
[36m(WorkerDict pid=96390)[0m 	module.language_model.decoder.layers.2.mlp.experts.linear_fc2.weight48
[36m(WorkerDict pid=96390)[0m 	module.language_model.decoder.layers.0.mlp.experts.linear_fc1.weight63
[36m(WorkerDict pid=96390)[0m 	module.language_model.decoder.layers.12.mlp.experts.linear_fc2.weight52
[36m(WorkerDict pid=96390)[0m 	module.language_model.decoder.layers.11.mlp.experts.linear_fc2.weight28
[36m(WorkerDict pid=96390)[0m 	module.language_model.decoder.layers.18.mlp.experts.linear_fc2.weight34
[36m(WorkerDict pid=96390)[0m 	module.language_model.decoder.layers.19.mlp.experts.linear_fc2.weight61
[36m(WorkerDict pid=96390)[0m 	module.language_model.decoder.layers.17.mlp.experts.linear_fc2.weight10
[36m(WorkerDict pid=96390)[0m 	module.language_model.decoder.layers.16.mlp.experts.linear_fc1.weight49
[36m(WorkerDict pid=96390)[0m 	module.language_model.decoder.layers.15.mlp.experts.linear_fc1.weight24
[36m(WorkerDict pid=96390)[0m 	module.language_model.decoder.layers.10.mlp.experts.linear_fc2.weight1
[36m(WorkerDict pid=96390)[0m 	module.language_model.decoder.layers.9.mlp.experts.linear_fc1.weight40
[36m(WorkerDict pid=96390)[0m 	module.language_model.decoder.layers.8.mlp.experts.linear_fc1.weight15
[36m(WorkerDict pid=96390)[0m 	module.language_model.decoder.layers.0.mlp.experts.linear_fc2.weight16
[36m(WorkerDict pid=96390)[0m 	module.language_model.decoder.layers.3.mlp.experts.linear_fc1.weight4
[36m(WorkerDict pid=96390)[0m 	module.language_model.decoder.layers.0.mlp.experts.linear_fc2.weight33
[36m(WorkerDict pid=96390)[0m 	module.language_model.decoder.layers.14.mlp.experts.linear_fc2.weight17
[36m(WorkerDict pid=96390)[0m 	module.language_model.decoder.layers.12.mlp.experts.linear_fc1.weight31
[36m(WorkerDict pid=96390)[0m 	module.language_model.decoder.layers.13.mlp.experts.linear_fc1.weight56
[36m(WorkerDict pid=96390)[0m 	module.language_model.decoder.layers.11.mlp.experts.linear_fc1.weight7
[36m(WorkerDict pid=96390)[0m 	module.language_model.decoder.layers.18.mlp.experts.linear_fc1.weight13
[36m(WorkerDict pid=96390)[0m 	module.language_model.decoder.layers.19.mlp.experts.linear_fc1.weight40
[36m(WorkerDict pid=96390)[0m 	module.language_model.decoder.layers.15.mlp.experts.linear_fc2.weight44
[36m(WorkerDict pid=96390)[0m 	module.language_model.decoder.layers.9.mlp.experts.linear_fc2.weight60
[36m(WorkerDict pid=96390)[0m 	module.language_model.decoder.layers.8.mlp.experts.linear_fc2.weight35
[36m(WorkerDict pid=96390)[0m 	module.language_model.decoder.layers.7.mlp.experts.linear_fc2.weight10
[36m(WorkerDict pid=96390)[0m 	module.language_model.decoder.layers.3.mlp.experts.linear_fc1.weight21
[36m(WorkerDict pid=96390)[0m 	module.language_model.decoder.layers.0.mlp.experts.linear_fc2.weight50
[36m(WorkerDict pid=96390)[0m 	module.language_model.decoder.layers.3.mlp.experts.linear_fc1.weight38
[36m(WorkerDict pid=96390)[0m 	module.language_model.decoder.layers.3.mlp.experts.linear_fc1.weight55
[36m(WorkerDict pid=96390)[0m 	module.language_model.decoder.layers.1.mlp.experts.linear_fc1.weight2
[36m(WorkerDict pid=96390)[0m 	module.language_model.decoder.layers.19.mlp.experts.linear_fc2.weight62
[36m(WorkerDict pid=96390)[0m 	module.language_model.decoder.layers.18.mlp.experts.linear_fc2.weight35
[36m(WorkerDict pid=96390)[0m 	module.language_model.decoder.layers.17.mlp.experts.linear_fc2.weight11
[36m(WorkerDict pid=96390)[0m 	module.language_model.decoder.layers.16.mlp.experts.linear_fc1.weight50
[36m(WorkerDict pid=96390)[0m 	module.language_model.decoder.layers.15.mlp.experts.linear_fc1.weight25
[36m(WorkerDict pid=96390)[0m 	module.language_model.decoder.layers.12.mlp.experts.linear_fc2.weight53
[36m(WorkerDict pid=96390)[0m 	module.language_model.decoder.layers.11.mlp.experts.linear_fc2.weight29
[36m(WorkerDict pid=96390)[0m 	module.language_model.decoder.layers.10.mlp.experts.linear_fc2.weight2
[36m(WorkerDict pid=96390)[0m 	module.language_model.decoder.layers.9.mlp.experts.linear_fc1.weight41
[36m(WorkerDict pid=96390)[0m 	module.language_model.decoder.layers.8.mlp.experts.linear_fc1.weight16
[36m(WorkerDict pid=96390)[0m 	module.language_model.decoder.layers.3.mlp.experts.linear_fc2.weight8
[36m(WorkerDict pid=96390)[0m 	module.language_model.decoder.layers.1.mlp.experts.linear_fc1.weight20
[36m(WorkerDict pid=96390)[0m 	module.language_model.decoder.layers.3.mlp.experts.linear_fc2.weight25
[36m(WorkerDict pid=96390)[0m 	module.language_model.decoder.layers.1.mlp.experts.linear_fc1.weight37
[36m(WorkerDict pid=96390)[0m 	module.language_model.decoder.layers.19.mlp.experts.linear_fc1.weight41
[36m(WorkerDict pid=96390)[0m 	module.language_model.decoder.layers.18.mlp.experts.linear_fc1.weight14
[36m(WorkerDict pid=96390)[0m 	module.language_model.decoder.layers.15.mlp.experts.linear_fc2.weight45
[36m(WorkerDict pid=96390)[0m 	module.language_model.decoder.layers.11.mlp.experts.linear_fc1.weight8
[36m(WorkerDict pid=96390)[0m 	module.language_model.decoder.layers.14.mlp.experts.linear_fc2.weight18
[36m(WorkerDict pid=96390)[0m 	module.language_model.decoder.layers.13.mlp.experts.linear_fc1.weight57
[36m(WorkerDict pid=96390)[0m 	module.language_model.decoder.layers.12.mlp.experts.linear_fc1.weight32
[36m(WorkerDict pid=96390)[0m 	module.language_model.decoder.layers.9.mlp.experts.linear_fc2.weight61
[36m(WorkerDict pid=96390)[0m 	module.language_model.decoder.layers.8.mlp.experts.linear_fc2.weight36
[36m(WorkerDict pid=96390)[0m 	module.language_model.decoder.layers.7.mlp.experts.linear_fc2.weight11
[36m(WorkerDict pid=96390)[0m 	module.language_model.decoder.layers.5.mlp.experts.linear_fc1.weight14
[36m(WorkerDict pid=96390)[0m 	module.language_model.decoder.layers.3.mlp.experts.linear_fc2.weight42
[36m(WorkerDict pid=96390)[0m 	module.language_model.decoder.layers.1.mlp.experts.linear_fc1.weight54
[36m(WorkerDict pid=96390)[0m 	module.language_model.decoder.layers.5.mlp.experts.linear_fc1.weight31
[36m(WorkerDict pid=96390)[0m 	module.language_model.decoder.layers.5.mlp.experts.linear_fc1.weight48
[36m(WorkerDict pid=96390)[0m 	module.language_model.decoder.layers.19.mlp.experts.linear_fc2.weight63
[36m(WorkerDict pid=96390)[0m 	module.language_model.decoder.layers.18.mlp.experts.linear_fc2.weight36
[36m(WorkerDict pid=96390)[0m 	module.language_model.decoder.layers.17.mlp.experts.linear_fc2.weight12
[36m(WorkerDict pid=96390)[0m 	module.language_model.decoder.layers.16.mlp.experts.linear_fc1.weight51
[36m(WorkerDict pid=96390)[0m 	module.language_model.decoder.layers.15.mlp.experts.linear_fc1.weight26
[36m(WorkerDict pid=96390)[0m 	module.language_model.decoder.layers.10.mlp.experts.linear_fc2.weight3
[36m(WorkerDict pid=96390)[0m 	module.language_model.decoder.layers.11.mlp.experts.linear_fc2.weight30
[36m(WorkerDict pid=96390)[0m 	module.language_model.decoder.layers.12.mlp.experts.linear_fc2.weight54
[36m(WorkerDict pid=96390)[0m 	module.language_model.decoder.layers.9.mlp.experts.linear_fc1.weight42
[36m(WorkerDict pid=96390)[0m 	module.language_model.decoder.layers.8.mlp.experts.linear_fc1.weight17
[36m(WorkerDict pid=96390)[0m 	module.language_model.decoder.layers.5.mlp.experts.linear_fc2.weight18
[36m(WorkerDict pid=96390)[0m 	module.language_model.decoder.layers.19.mlp.experts.linear_fc1.weight42
[36m(WorkerDict pid=96390)[0m 	module.language_model.decoder.layers.18.mlp.experts.linear_fc1.weight15
[36m(WorkerDict pid=96390)[0m 	module.language_model.decoder.layers.15.mlp.experts.linear_fc2.weight46
[36m(WorkerDict pid=96390)[0m 	module.language_model.decoder.layers.11.mlp.experts.linear_fc1.weight9
[36m(WorkerDict pid=96390)[0m 	module.language_model.decoder.layers.14.mlp.experts.linear_fc2.weight19
[36m(WorkerDict pid=96390)[0m 	module.language_model.decoder.layers.13.mlp.experts.linear_fc1.weight58
[36m(WorkerDict pid=96390)[0m 	module.language_model.decoder.layers.12.mlp.experts.linear_fc1.weight33
[36m(WorkerDict pid=96390)[0m 	module.language_model.decoder.layers.9.mlp.experts.linear_fc2.weight62
[36m(WorkerDict pid=96390)[0m 	module.language_model.decoder.layers.8.mlp.experts.linear_fc2.weight37
[36m(WorkerDict pid=96390)[0m 	module.language_model.decoder.layers.7.mlp.experts.linear_fc2.weight12
[36m(WorkerDict pid=96390)[0m 	module.language_model.decoder.layers.5.mlp.experts.linear_fc2.weight35
[36m(WorkerDict pid=96390)[0m 	module.language_model.decoder.layers.5.mlp.experts.linear_fc2.weight52
[36m(WorkerDict pid=96390)[0m 	module.language_model.decoder.layers.1.mlp.experts.linear_fc2.weight14
[36m(WorkerDict pid=96390)[0m 	module.language_model.decoder.layers.1.mlp.experts.linear_fc2.weight31
[36m(WorkerDict pid=96390)[0m 	module.language_model.decoder.layers.4.mlp.experts.linear_fc2.weight41
[36m(WorkerDict pid=96390)[0m 	module.language_model.decoder.layers.18.mlp.experts.linear_fc2.weight37
[36m(WorkerDict pid=96390)[0m 	module.language_model.decoder.layers.17.mlp.experts.linear_fc2.weight13
[36m(WorkerDict pid=96390)[0m 	module.language_model.decoder.layers.16.mlp.experts.linear_fc1.weight52
[36m(WorkerDict pid=96390)[0m 	module.language_model.decoder.layers.15.mlp.experts.linear_fc1.weight27
[36m(WorkerDict pid=96390)[0m 	module.language_model.decoder.layers.14.mlp.experts.linear_fc1.weight1
[36m(WorkerDict pid=96390)[0m 	module.language_model.decoder.layers.10.mlp.experts.linear_fc2.weight4
[36m(WorkerDict pid=96390)[0m 	module.language_model.decoder.layers.11.mlp.experts.linear_fc2.weight31
[36m(WorkerDict pid=96390)[0m 	module.language_model.decoder.layers.12.mlp.experts.linear_fc2.weight55
[36m(WorkerDict pid=96390)[0m 	module.language_model.decoder.layers.9.mlp.experts.linear_fc1.weight43
[36m(WorkerDict pid=96390)[0m 	module.language_model.decoder.layers.8.mlp.experts.linear_fc1.weight18
[36m(WorkerDict pid=96390)[0m 	module.language_model.decoder.layers.1.mlp.experts.linear_fc2.weight48
[36m(WorkerDict pid=96390)[0m 	module.language_model.decoder.layers.4.mlp.experts.linear_fc1.weight0
[36m(WorkerDict pid=96390)[0m 	module.language_model.decoder.layers.6.mlp.experts.linear_fc1.weight23
[36m(WorkerDict pid=96390)[0m 	module.language_model.decoder.layers.4.mlp.experts.linear_fc1.weight19
[36m(WorkerDict pid=96390)[0m 	module.language_model.decoder.layers.19.mlp.experts.linear_fc1.weight43
[36m(WorkerDict pid=96390)[0m 	module.language_model.decoder.layers.18.mlp.experts.linear_fc1.weight16
[36m(WorkerDict pid=96390)[0m 	module.language_model.decoder.layers.15.mlp.experts.linear_fc2.weight47
[36m(WorkerDict pid=96390)[0m 	module.language_model.decoder.layers.11.mlp.experts.linear_fc1.weight10
[36m(WorkerDict pid=96390)[0m 	module.language_model.decoder.layers.14.mlp.experts.linear_fc2.weight20
[36m(WorkerDict pid=96390)[0m 	module.language_model.decoder.layers.13.mlp.experts.linear_fc1.weight59
[36m(WorkerDict pid=96390)[0m 	module.language_model.decoder.layers.12.mlp.experts.linear_fc1.weight34
[36m(WorkerDict pid=96390)[0m 	module.language_model.decoder.layers.9.mlp.experts.linear_fc2.weight63
[36m(WorkerDict pid=96390)[0m 	module.language_model.decoder.layers.8.mlp.experts.linear_fc2.weight38
[36m(WorkerDict pid=96390)[0m 	module.language_model.decoder.layers.7.mlp.experts.linear_fc2.weight13
[36m(WorkerDict pid=96390)[0m 	module.language_model.decoder.layers.2.mlp.experts.linear_fc1.weight0
[36m(WorkerDict pid=96390)[0m 	module.language_model.decoder.layers.4.mlp.experts.linear_fc1.weight36
[36m(WorkerDict pid=96390)[0m 	module.language_model.decoder.layers.2.mlp.experts.linear_fc1.weight19
[36m(WorkerDict pid=96390)[0m 	module.language_model.decoder.layers.4.mlp.experts.linear_fc1.weight53
[36m(WorkerDict pid=96390)[0m 	module.language_model.decoder.layers.2.mlp.experts.linear_fc1.weight36
[36m(WorkerDict pid=96390)[0m 	module.language_model.decoder.layers.4.mlp.experts.linear_fc2.weight6
[36m(WorkerDict pid=96390)[0m 	module.language_model.decoder.layers.18.mlp.experts.linear_fc2.weight38
[36m(WorkerDict pid=96390)[0m 	module.language_model.decoder.layers.17.mlp.experts.linear_fc2.weight14
[36m(WorkerDict pid=96390)[0m 	module.language_model.decoder.layers.16.mlp.experts.linear_fc1.weight53
[36m(WorkerDict pid=96390)[0m 	module.language_model.decoder.layers.15.mlp.experts.linear_fc1.weight28
[36m(WorkerDict pid=96390)[0m 	module.language_model.decoder.layers.12.mlp.experts.linear_fc2.weight56
[36m(WorkerDict pid=96390)[0m 	module.language_model.decoder.layers.10.mlp.experts.linear_fc2.weight5
[36m(WorkerDict pid=96390)[0m 	module.language_model.decoder.layers.11.mlp.experts.linear_fc2.weight32
[36m(WorkerDict pid=96390)[0m 	module.language_model.decoder.layers.9.mlp.experts.linear_fc1.weight44
[36m(WorkerDict pid=96390)[0m 	module.language_model.decoder.layers.8.mlp.experts.linear_fc1.weight19
[36m(WorkerDict pid=96390)[0m 	module.language_model.decoder.layers.6.mlp.experts.linear_fc1.weight48
[36m(WorkerDict pid=96390)[0m 	module.language_model.decoder.layers.4.mlp.experts.linear_fc2.weight23
[36m(WorkerDict pid=96390)[0m 	module.language_model.decoder.layers.2.mlp.experts.linear_fc2.weight6
[36m(WorkerDict pid=96390)[0m 	module.language_model.decoder.layers.0.mlp.experts.linear_fc1.weight21
[36m(WorkerDict pid=96390)[0m 	module.language_model.decoder.layers.6.mlp.experts.linear_fc2.weight1
[36m(WorkerDict pid=96390)[0m 	module.language_model.decoder.layers.4.mlp.experts.linear_fc2.weight40
[36m(WorkerDict pid=96390)[0m 	module.language_model.decoder.layers.14.mlp.experts.linear_fc2.weight21
[36m(WorkerDict pid=96390)[0m 	module.language_model.decoder.layers.13.mlp.experts.linear_fc1.weight60
[36m(WorkerDict pid=96390)[0m 	module.language_model.decoder.layers.12.mlp.experts.linear_fc1.weight35
[36m(WorkerDict pid=96390)[0m 	module.language_model.decoder.layers.18.mlp.experts.linear_fc1.weight17
[36m(WorkerDict pid=96390)[0m 	module.language_model.decoder.layers.19.mlp.experts.linear_fc1.weight44
[36m(WorkerDict pid=96390)[0m 	module.language_model.decoder.layers.15.mlp.experts.linear_fc2.weight48
[36m(WorkerDict pid=96390)[0m 	module.language_model.decoder.layers.11.mlp.experts.linear_fc1.weight11
[36m(WorkerDict pid=96390)[0m 	module.language_model.decoder.layers.8.mlp.experts.linear_fc2.weight39
[36m(WorkerDict pid=96390)[0m 	module.language_model.decoder.layers.7.mlp.experts.linear_fc2.weight14
[36m(WorkerDict pid=96390)[0m 	module.language_model.decoder.layers.6.mlp.experts.linear_fc1.weight51
[36m(WorkerDict pid=96390)[0m 	module.language_model.decoder.layers.2.mlp.experts.linear_fc2.weight23
[36m(WorkerDict pid=96390)[0m 	module.language_model.decoder.layers.0.mlp.experts.linear_fc1.weight38
[36m(WorkerDict pid=96390)[0m 	module.language_model.decoder.layers.6.mlp.experts.linear_fc2.weight35
[36m(WorkerDict pid=96390)[0m 	module.language_model.decoder.layers.2.mlp.experts.linear_fc2.weight32
[36m(WorkerDict pid=96390)[0m 	module.language_model.decoder.layers.0.mlp.experts.linear_fc1.weight47
[36m(WorkerDict pid=96390)[0m 	module.language_model.decoder.layers.6.mlp.experts.linear_fc2.weight52
[36m(WorkerDict pid=96390)[0m 	module.language_model.decoder.layers.2.mlp.experts.linear_fc2.weight49
[36m(WorkerDict pid=96390)[0m 	module.language_model.decoder.layers.0.mlp.experts.linear_fc2.weight0
[36m(WorkerDict pid=96390)[0m 	module.language_model.decoder.layers.11.mlp.experts.linear_fc2.weight33
[36m(WorkerDict pid=96390)[0m 	module.language_model.decoder.layers.17.mlp.experts.linear_fc2.weight15
[36m(WorkerDict pid=96390)[0m 	module.language_model.decoder.layers.18.mlp.experts.linear_fc2.weight39
[36m(WorkerDict pid=96390)[0m 	module.language_model.decoder.layers.16.mlp.experts.linear_fc1.weight54
[36m(WorkerDict pid=96390)[0m 	module.language_model.decoder.layers.15.mlp.experts.linear_fc1.weight29
[36m(WorkerDict pid=96390)[0m 	module.language_model.decoder.layers.14.mlp.experts.linear_fc1.weight0
[36m(WorkerDict pid=96390)[0m 	module.language_model.decoder.layers.12.mlp.experts.linear_fc2.weight57
[36m(WorkerDict pid=96390)[0m 	module.language_model.decoder.layers.10.mlp.experts.linear_fc2.weight6
[36m(WorkerDict pid=96390)[0m 	module.language_model.decoder.layers.9.mlp.experts.linear_fc1.weight45
[36m(WorkerDict pid=96390)[0m 	module.language_model.decoder.layers.8.mlp.experts.linear_fc1.weight20
[36m(WorkerDict pid=96390)[0m 	module.language_model.decoder.layers.3.mlp.experts.linear_fc1.weight3
[36m(WorkerDict pid=96390)[0m 	module.language_model.decoder.layers.0.mlp.experts.linear_fc2.weight17
[36m(WorkerDict pid=96390)[0m 	module.language_model.decoder.layers.3.mlp.experts.linear_fc1.weight5
[36m(WorkerDict pid=96390)[0m 	module.language_model.decoder.layers.11.mlp.experts.linear_fc1.weight12
[36m(WorkerDict pid=96390)[0m 	module.language_model.decoder.layers.18.mlp.experts.linear_fc1.weight18
[36m(WorkerDict pid=96390)[0m 	module.language_model.decoder.layers.19.mlp.experts.linear_fc1.weight45
[36m(WorkerDict pid=96390)[0m 	module.language_model.decoder.layers.15.mlp.experts.linear_fc2.weight49
[36m(WorkerDict pid=96390)[0m 	module.language_model.decoder.layers.14.mlp.experts.linear_fc2.weight22
[36m(WorkerDict pid=96390)[0m 	module.language_model.decoder.layers.13.mlp.experts.linear_fc1.weight61
[36m(WorkerDict pid=96390)[0m 	module.language_model.decoder.layers.12.mlp.experts.linear_fc1.weight36
[36m(WorkerDict pid=96390)[0m 	module.language_model.decoder.layers.8.mlp.experts.linear_fc2.weight40
[36m(WorkerDict pid=96390)[0m 	module.language_model.decoder.layers.7.mlp.experts.linear_fc2.weight15
[36m(WorkerDict pid=96390)[0m 	module.language_model.decoder.layers.6.mlp.experts.linear_fc1.weight52
[36m(WorkerDict pid=96390)[0m 	module.language_model.decoder.layers.3.mlp.experts.linear_fc1.weight22
[36m(WorkerDict pid=96390)[0m 	module.language_model.decoder.layers.0.mlp.experts.linear_fc2.weight51
[36m(WorkerDict pid=96390)[0m 	module.language_model.decoder.layers.1.mlp.experts.linear_fc1.weight7
[36m(WorkerDict pid=96390)[0m 	module.language_model.decoder.layers.3.mlp.experts.linear_fc1.weight39
[36m(WorkerDict pid=96390)[0m 	module.language_model.decoder.layers.3.mlp.experts.linear_fc1.weight56
[36m(WorkerDict pid=96390)[0m 	module.language_model.decoder.layers.1.mlp.experts.linear_fc1.weight4
[36m(WorkerDict pid=96390)[0m 	module.language_model.decoder.layers.10.mlp.experts.linear_fc2.weight7
[36m(WorkerDict pid=96390)[0m 	module.language_model.decoder.layers.17.mlp.experts.linear_fc2.weight16
[36m(WorkerDict pid=96390)[0m 	module.language_model.decoder.layers.18.mlp.experts.linear_fc2.weight40
[36m(WorkerDict pid=96390)[0m 	module.language_model.decoder.layers.16.mlp.experts.linear_fc1.weight55
[36m(WorkerDict pid=96390)[0m 	module.language_model.decoder.layers.15.mlp.experts.linear_fc1.weight30
[36m(WorkerDict pid=96390)[0m 	module.language_model.decoder.layers.14.mlp.experts.linear_fc1.weight2
[36m(WorkerDict pid=96390)[0m 	module.language_model.decoder.layers.11.mlp.experts.linear_fc2.weight34
[36m(WorkerDict pid=96390)[0m 	module.language_model.decoder.layers.12.mlp.experts.linear_fc2.weight58
[36m(WorkerDict pid=96390)[0m 	module.language_model.decoder.layers.9.mlp.experts.linear_fc1.weight46
[36m(WorkerDict pid=96390)[0m 	module.language_model.decoder.layers.8.mlp.experts.linear_fc1.weight21
[36m(WorkerDict pid=96390)[0m 	module.language_model.decoder.layers.3.mlp.experts.linear_fc2.weight9
[36m(WorkerDict pid=96390)[0m 	module.language_model.decoder.layers.1.mlp.experts.linear_fc1.weight21
[36m(WorkerDict pid=96390)[0m 	module.language_model.decoder.layers.3.mlp.experts.linear_fc2.weight26
[36m(WorkerDict pid=96390)[0m 	module.language_model.decoder.layers.1.mlp.experts.linear_fc1.weight38
[36m(WorkerDict pid=96390)[0m 	module.language_model.decoder.layers.19.mlp.experts.linear_fc1.weight46
[36m(WorkerDict pid=96390)[0m 	module.language_model.decoder.layers.18.mlp.experts.linear_fc1.weight19
[36m(WorkerDict pid=96390)[0m 	module.language_model.decoder.layers.15.mlp.experts.linear_fc2.weight50
[36m(WorkerDict pid=96390)[0m 	module.language_model.decoder.layers.11.mlp.experts.linear_fc1.weight13
[36m(WorkerDict pid=96390)[0m 	module.language_model.decoder.layers.14.mlp.experts.linear_fc2.weight23
[36m(WorkerDict pid=96390)[0m 	module.language_model.decoder.layers.13.mlp.experts.linear_fc1.weight62
[36m(WorkerDict pid=96390)[0m 	module.language_model.decoder.layers.12.mlp.experts.linear_fc1.weight37
[36m(WorkerDict pid=96390)[0m 	module.language_model.decoder.layers.10.mlp.experts.linear_fc1.weight3
[36m(WorkerDict pid=96390)[0m 	module.language_model.decoder.layers.8.mlp.experts.linear_fc2.weight41
[36m(WorkerDict pid=96390)[0m 	module.language_model.decoder.layers.7.mlp.experts.linear_fc2.weight16
[36m(WorkerDict pid=96390)[0m 	module.language_model.decoder.layers.7.mlp.experts.linear_fc2.weight3
[36m(WorkerDict pid=96390)[0m 	module.language_model.decoder.layers.5.mlp.experts.linear_fc1.weight15
[36m(WorkerDict pid=96390)[0m 	module.language_model.decoder.layers.3.mlp.experts.linear_fc2.weight43
[36m(WorkerDict pid=96390)[0m 	module.language_model.decoder.layers.1.mlp.experts.linear_fc1.weight55
[36m(WorkerDict pid=96390)[0m 	module.language_model.decoder.layers.5.mlp.experts.linear_fc1.weight32
[36m(WorkerDict pid=96390)[0m 	module.language_model.decoder.layers.5.mlp.experts.linear_fc1.weight49
[36m(WorkerDict pid=96390)[0m 	module.language_model.decoder.layers.18.mlp.experts.linear_fc2.weight41
[36m(WorkerDict pid=96390)[0m 	module.language_model.decoder.layers.17.mlp.experts.linear_fc2.weight17
[36m(WorkerDict pid=96390)[0m 	module.language_model.decoder.layers.16.mlp.experts.linear_fc1.weight56
[36m(WorkerDict pid=96390)[0m 	module.language_model.decoder.layers.15.mlp.experts.linear_fc1.weight31
[36m(WorkerDict pid=96390)[0m 	module.language_model.decoder.layers.14.mlp.experts.linear_fc1.weight4
[36m(WorkerDict pid=96390)[0m 	module.language_model.decoder.layers.10.mlp.experts.linear_fc2.weight8
[36m(WorkerDict pid=96390)[0m 	module.language_model.decoder.layers.11.mlp.experts.linear_fc2.weight35
[36m(WorkerDict pid=96390)[0m 	module.language_model.decoder.layers.12.mlp.experts.linear_fc2.weight59
[36m(WorkerDict pid=96390)[0m 	module.language_model.decoder.layers.9.mlp.experts.linear_fc1.weight47
[36m(WorkerDict pid=96390)[0m 	module.language_model.decoder.layers.8.mlp.experts.linear_fc1.weight22
[36m(WorkerDict pid=96390)[0m 	module.language_model.decoder.layers.5.mlp.experts.linear_fc2.weight2
[36m(WorkerDict pid=96390)[0m 	module.language_model.decoder.layers.5.mlp.experts.linear_fc2.weight19
[36m(WorkerDict pid=96390)[0m 	module.language_model.decoder.layers.19.mlp.experts.linear_fc1.weight47
[36m(WorkerDict pid=96390)[0m 	module.language_model.decoder.layers.18.mlp.experts.linear_fc1.weight20
[36m(WorkerDict pid=96390)[0m 	module.language_model.decoder.layers.15.mlp.experts.linear_fc2.weight51
[36m(WorkerDict pid=96390)[0m 	module.language_model.decoder.layers.11.mlp.experts.linear_fc1.weight14
[36m(WorkerDict pid=96390)[0m 	module.language_model.decoder.layers.14.mlp.experts.linear_fc2.weight24
[36m(WorkerDict pid=96390)[0m 	module.language_model.decoder.layers.13.mlp.experts.linear_fc1.weight63
[36m(WorkerDict pid=96390)[0m 	module.language_model.decoder.layers.12.mlp.experts.linear_fc1.weight38
[36m(WorkerDict pid=96390)[0m 	module.language_model.decoder.layers.8.mlp.experts.linear_fc2.weight42
[36m(WorkerDict pid=96390)[0m 	module.language_model.decoder.layers.7.mlp.experts.linear_fc2.weight17
[36m(WorkerDict pid=96390)[0m 	module.language_model.decoder.layers.6.mlp.experts.linear_fc1.weight54
[36m(WorkerDict pid=96390)[0m 	module.language_model.decoder.layers.5.mlp.experts.linear_fc2.weight36
[36m(WorkerDict pid=96390)[0m 	module.language_model.decoder.layers.5.mlp.experts.linear_fc2.weight53
[36m(WorkerDict pid=96390)[0m 	module.language_model.decoder.layers.1.mlp.experts.linear_fc2.weight15
[36m(WorkerDict pid=96390)[0m 	module.language_model.decoder.layers.0.mlp.experts.linear_fc1.weight36
[36m(WorkerDict pid=96390)[0m 	module.language_model.decoder.layers.1.mlp.experts.linear_fc2.weight32
[36m(WorkerDict pid=96390)[0m 	module.language_model.decoder.layers.4.mlp.experts.linear_fc1.weight3
[36m(WorkerDict pid=96390)[0m 	module.language_model.decoder.layers.12.mlp.experts.linear_fc2.weight60
[36m(WorkerDict pid=96390)[0m 	module.language_model.decoder.layers.18.mlp.experts.linear_fc2.weight42
[36m(WorkerDict pid=96390)[0m 	module.language_model.decoder.layers.17.mlp.experts.linear_fc2.weight18
[36m(WorkerDict pid=96390)[0m 	module.language_model.decoder.layers.16.mlp.experts.linear_fc1.weight57
[36m(WorkerDict pid=96390)[0m 	module.language_model.decoder.layers.15.mlp.experts.linear_fc1.weight32
[36m(WorkerDict pid=96390)[0m 	module.language_model.decoder.layers.14.mlp.experts.linear_fc1.weight5
[36m(WorkerDict pid=96390)[0m 	module.language_model.decoder.layers.10.mlp.experts.linear_fc2.weight9
[36m(WorkerDict pid=96390)[0m 	module.language_model.decoder.layers.11.mlp.experts.linear_fc2.weight36
[36m(WorkerDict pid=96390)[0m 	module.language_model.decoder.layers.9.mlp.experts.linear_fc1.weight48
[36m(WorkerDict pid=96390)[0m 	module.language_model.decoder.layers.8.mlp.experts.linear_fc1.weight23
[36m(WorkerDict pid=96390)[0m 	module.language_model.decoder.layers.6.mlp.experts.linear_fc1.weight7
[36m(WorkerDict pid=96390)[0m 	module.language_model.decoder.layers.1.mlp.experts.linear_fc2.weight49
[36m(WorkerDict pid=96390)[0m 	module.language_model.decoder.layers.4.mlp.experts.linear_fc1.weight2
[36m(WorkerDict pid=96390)[0m 	module.language_model.decoder.layers.6.mlp.experts.linear_fc1.weight24
[36m(WorkerDict pid=96390)[0m 	module.language_model.decoder.layers.2.mlp.experts.linear_fc1.weight3
[36m(WorkerDict pid=96390)[0m 	module.language_model.decoder.layers.14.mlp.experts.linear_fc2.weight25
[36m(WorkerDict pid=96390)[0m 	module.language_model.decoder.layers.13.mlp.experts.linear_fc2.weight0
[36m(WorkerDict pid=96390)[0m 	module.language_model.decoder.layers.12.mlp.experts.linear_fc1.weight39
[36m(WorkerDict pid=96390)[0m 	module.language_model.decoder.layers.18.mlp.experts.linear_fc1.weight21
[36m(WorkerDict pid=96390)[0m 	module.language_model.decoder.layers.19.mlp.experts.linear_fc1.weight48
[36m(WorkerDict pid=96390)[0m 	module.language_model.decoder.layers.15.mlp.experts.linear_fc2.weight52
[36m(WorkerDict pid=96390)[0m 	module.language_model.decoder.layers.11.mlp.experts.linear_fc1.weight15
[36m(WorkerDict pid=96390)[0m 	module.language_model.decoder.layers.8.mlp.experts.linear_fc2.weight43
[36m(WorkerDict pid=96390)[0m 	module.language_model.decoder.layers.7.mlp.experts.linear_fc2.weight18
[36m(WorkerDict pid=96390)[0m 	module.language_model.decoder.layers.6.mlp.experts.linear_fc1.weight55
[36m(WorkerDict pid=96390)[0m 	module.language_model.decoder.layers.4.mlp.experts.linear_fc1.weight20
[36m(WorkerDict pid=96390)[0m 	module.language_model.decoder.layers.2.mlp.experts.linear_fc1.weight2
[36m(WorkerDict pid=96390)[0m 	module.language_model.decoder.layers.4.mlp.experts.linear_fc1.weight37
[36m(WorkerDict pid=96390)[0m 	module.language_model.decoder.layers.2.mlp.experts.linear_fc1.weight20
[36m(WorkerDict pid=96390)[0m 	module.language_model.decoder.layers.1.mlp.experts.linear_fc1.weight39
[36m(WorkerDict pid=96390)[0m 	module.language_model.decoder.layers.4.mlp.experts.linear_fc1.weight54
[36m(WorkerDict pid=96390)[0m 	module.language_model.decoder.layers.2.mlp.experts.linear_fc1.weight37
[36m(WorkerDict pid=96390)[0m 	module.language_model.decoder.layers.4.mlp.experts.linear_fc2.weight7
[36m(WorkerDict pid=96390)[0m 	module.language_model.decoder.layers.11.mlp.experts.linear_fc2.weight37
[36m(WorkerDict pid=96390)[0m 	module.language_model.decoder.layers.12.mlp.experts.linear_fc2.weight61
[36m(WorkerDict pid=96390)[0m 	module.language_model.decoder.layers.17.mlp.experts.linear_fc2.weight19
[36m(WorkerDict pid=96390)[0m 	module.language_model.decoder.layers.18.mlp.experts.linear_fc2.weight43
[36m(WorkerDict pid=96390)[0m 	module.language_model.decoder.layers.16.mlp.experts.linear_fc1.weight58
[36m(WorkerDict pid=96390)[0m 	module.language_model.decoder.layers.15.mlp.experts.linear_fc1.weight33
[36m(WorkerDict pid=96390)[0m 	module.language_model.decoder.layers.14.mlp.experts.linear_fc1.weight6
[36m(WorkerDict pid=96390)[0m 	module.language_model.decoder.layers.10.mlp.experts.linear_fc2.weight10
[36m(WorkerDict pid=96390)[0m 	module.language_model.decoder.layers.9.mlp.experts.linear_fc1.weight49
[36m(WorkerDict pid=96390)[0m 	module.language_model.decoder.layers.8.mlp.experts.linear_fc1.weight24
[36m(WorkerDict pid=96390)[0m 	module.language_model.decoder.layers.6.mlp.experts.linear_fc1.weight49
[36m(WorkerDict pid=96390)[0m 	module.language_model.decoder.layers.2.mlp.experts.linear_fc1.weight54
[36m(WorkerDict pid=96390)[0m 	module.language_model.decoder.layers.0.mlp.experts.linear_fc1.weight5
[36m(WorkerDict pid=96390)[0m 	module.language_model.decoder.layers.4.mlp.experts.linear_fc2.weight24
[36m(WorkerDict pid=96390)[0m 	module.language_model.decoder.layers.2.mlp.experts.linear_fc2.weight7
[36m(WorkerDict pid=96390)[0m 	module.language_model.decoder.layers.0.mlp.experts.linear_fc1.weight22
[36m(WorkerDict pid=96390)[0m 	module.language_model.decoder.layers.6.mlp.experts.linear_fc2.weight2
[36m(WorkerDict pid=96390)[0m 	module.language_model.decoder.layers.11.mlp.experts.linear_fc1.weight16
[36m(WorkerDict pid=96390)[0m 	module.language_model.decoder.layers.14.mlp.experts.linear_fc2.weight26
[36m(WorkerDict pid=96390)[0m 	module.language_model.decoder.layers.13.mlp.experts.linear_fc2.weight1
[36m(WorkerDict pid=96390)[0m 	module.language_model.decoder.layers.12.mlp.experts.linear_fc1.weight40
[36m(WorkerDict pid=96390)[0m 	module.language_model.decoder.layers.18.mlp.experts.linear_fc1.weight22
[36m(WorkerDict pid=96390)[0m 	module.language_model.decoder.layers.19.mlp.experts.linear_fc1.weight49
[36m(WorkerDict pid=96390)[0m 	module.language_model.decoder.layers.15.mlp.experts.linear_fc2.weight53
[36m(WorkerDict pid=96390)[0m 	module.language_model.decoder.layers.8.mlp.experts.linear_fc2.weight44
[36m(WorkerDict pid=96390)[0m 	module.language_model.decoder.layers.7.mlp.experts.linear_fc2.weight19
[36m(WorkerDict pid=96390)[0m 	module.language_model.decoder.layers.6.mlp.experts.linear_fc1.weight56
[36m(WorkerDict pid=96390)[0m 	module.language_model.decoder.layers.2.mlp.experts.linear_fc2.weight24
[36m(WorkerDict pid=96390)[0m 	module.language_model.decoder.layers.6.mlp.experts.linear_fc2.weight19
[36m(WorkerDict pid=96390)[0m 	module.language_model.decoder.layers.0.mlp.experts.linear_fc1.weight39
[36m(WorkerDict pid=96390)[0m 	module.language_model.decoder.layers.4.mlp.experts.linear_fc2.weight58
[36m(WorkerDict pid=96390)[0m 	module.language_model.decoder.layers.6.mlp.experts.linear_fc2.weight36
[36m(WorkerDict pid=96390)[0m 	module.language_model.decoder.layers.2.mlp.experts.linear_fc2.weight33
[36m(WorkerDict pid=96390)[0m 	module.language_model.decoder.layers.0.mlp.experts.linear_fc1.weight48
[36m(WorkerDict pid=96390)[0m 	module.language_model.decoder.layers.6.mlp.experts.linear_fc2.weight53
[36m(WorkerDict pid=96390)[0m 	module.language_model.decoder.layers.2.mlp.experts.linear_fc2.weight50
[36m(WorkerDict pid=96390)[0m 	module.language_model.decoder.layers.0.mlp.experts.linear_fc2.weight1
[36m(WorkerDict pid=96390)[0m 	module.language_model.decoder.layers.11.mlp.experts.linear_fc2.weight38
[36m(WorkerDict pid=96390)[0m 	module.language_model.decoder.layers.17.mlp.experts.linear_fc2.weight20
[36m(WorkerDict pid=96390)[0m 	module.language_model.decoder.layers.18.mlp.experts.linear_fc2.weight44
[36m(WorkerDict pid=96390)[0m 	module.language_model.decoder.layers.16.mlp.experts.linear_fc1.weight59
[36m(WorkerDict pid=96390)[0m 	module.language_model.decoder.layers.15.mlp.experts.linear_fc1.weight34
[36m(WorkerDict pid=96390)[0m 	module.language_model.decoder.layers.14.mlp.experts.linear_fc1.weight7
[36m(WorkerDict pid=96390)[0m 	module.language_model.decoder.layers.12.mlp.experts.linear_fc2.weight62
[36m(WorkerDict pid=96390)[0m 	module.language_model.decoder.layers.10.mlp.experts.linear_fc2.weight11
[36m(WorkerDict pid=96390)[0m 	module.language_model.decoder.layers.9.mlp.experts.linear_fc1.weight50
[36m(WorkerDict pid=96390)[0m 	module.language_model.decoder.layers.8.mlp.experts.linear_fc1.weight25
[36m(WorkerDict pid=96390)[0m 	module.language_model.decoder.layers.0.mlp.experts.linear_fc2.weight18
[36m(WorkerDict pid=96390)[0m 	module.language_model.decoder.layers.12.mlp.experts.linear_fc1.weight41
[36m(WorkerDict pid=96390)[0m 	module.language_model.decoder.layers.11.mlp.experts.linear_fc1.weight17
[36m(WorkerDict pid=96390)[0m 	module.language_model.decoder.layers.18.mlp.experts.linear_fc1.weight23
[36m(WorkerDict pid=96390)[0m 	module.language_model.decoder.layers.19.mlp.experts.linear_fc1.weight50
[36m(WorkerDict pid=96390)[0m 	module.language_model.decoder.layers.15.mlp.experts.linear_fc2.weight54
[36m(WorkerDict pid=96390)[0m 	module.language_model.decoder.layers.14.mlp.experts.linear_fc2.weight27
[36m(WorkerDict pid=96390)[0m 	module.language_model.decoder.layers.13.mlp.experts.linear_fc2.weight2
[36m(WorkerDict pid=96390)[0m 	module.language_model.decoder.layers.8.mlp.experts.linear_fc2.weight45
[36m(WorkerDict pid=96390)[0m 	module.language_model.decoder.layers.7.mlp.experts.linear_fc2.weight20
[36m(WorkerDict pid=96390)[0m 	module.language_model.decoder.layers.6.mlp.experts.linear_fc1.weight57
[36m(WorkerDict pid=96390)[0m 	module.language_model.decoder.layers.3.mlp.experts.linear_fc1.weight6
[36m(WorkerDict pid=96390)[0m 	module.language_model.decoder.layers.0.mlp.experts.linear_fc2.weight35
[36m(WorkerDict pid=96390)[0m 	module.language_model.decoder.layers.2.mlp.experts.linear_fc2.weight21
[36m(WorkerDict pid=96390)[0m 	module.language_model.decoder.layers.3.mlp.experts.linear_fc1.weight23
[36m(WorkerDict pid=96390)[0m 	module.language_model.decoder.layers.0.mlp.experts.linear_fc2.weight52
[36m(WorkerDict pid=96390)[0m 	module.language_model.decoder.layers.7.mlp.experts.linear_fc1.weight43
[36m(WorkerDict pid=96390)[0m 	module.language_model.decoder.layers.3.mlp.experts.linear_fc1.weight40
[36m(WorkerDict pid=96390)[0m 	module.language_model.decoder.layers.3.mlp.experts.linear_fc1.weight57
[36m(WorkerDict pid=96390)[0m 	module.language_model.decoder.layers.1.mlp.experts.linear_fc1.weight5
[36m(WorkerDict pid=96390)[0m 	module.language_model.decoder.layers.17.mlp.experts.linear_fc2.weight21
[36m(WorkerDict pid=96390)[0m 	module.language_model.decoder.layers.18.mlp.experts.linear_fc2.weight45
[36m(WorkerDict pid=96390)[0m 	module.language_model.decoder.layers.16.mlp.experts.linear_fc1.weight60
[36m(WorkerDict pid=96390)[0m 	module.language_model.decoder.layers.15.mlp.experts.linear_fc1.weight35
[36m(WorkerDict pid=96390)[0m 	module.language_model.decoder.layers.14.mlp.experts.linear_fc1.weight8
[36m(WorkerDict pid=96390)[0m 	module.language_model.decoder.layers.11.mlp.experts.linear_fc2.weight39
[36m(WorkerDict pid=96390)[0m 	module.language_model.decoder.layers.12.mlp.experts.linear_fc2.weight63
[36m(WorkerDict pid=96390)[0m 	module.language_model.decoder.layers.10.mlp.experts.linear_fc2.weight12
[36m(WorkerDict pid=96390)[0m 	module.language_model.decoder.layers.9.mlp.experts.linear_fc1.weight51
[36m(WorkerDict pid=96390)[0m 	module.language_model.decoder.layers.8.mlp.experts.linear_fc1.weight26
[36m(WorkerDict pid=96390)[0m 	module.language_model.decoder.layers.3.mlp.experts.linear_fc2.weight10
[36m(WorkerDict pid=96390)[0m 	module.language_model.decoder.layers.1.mlp.experts.linear_fc1.weight22
[36m(WorkerDict pid=96390)[0m 	module.language_model.decoder.layers.11.mlp.experts.linear_fc1.weight18
[36m(WorkerDict pid=96390)[0m 	module.language_model.decoder.layers.12.mlp.experts.linear_fc1.weight42
[36m(WorkerDict pid=96390)[0m 	module.language_model.decoder.layers.13.mlp.experts.linear_fc2.weight3
[36m(WorkerDict pid=96390)[0m 	module.language_model.decoder.layers.18.mlp.experts.linear_fc1.weight24
[36m(WorkerDict pid=96390)[0m 	module.language_model.decoder.layers.19.mlp.experts.linear_fc1.weight51
[36m(WorkerDict pid=96390)[0m 	module.language_model.decoder.layers.17.mlp.experts.linear_fc1.weight1
[36m(WorkerDict pid=96390)[0m 	module.language_model.decoder.layers.15.mlp.experts.linear_fc2.weight55
[36m(WorkerDict pid=96390)[0m 	module.language_model.decoder.layers.14.mlp.experts.linear_fc2.weight28
[36m(WorkerDict pid=96390)[0m 	module.language_model.decoder.layers.8.mlp.experts.linear_fc2.weight46
[36m(WorkerDict pid=96390)[0m 	module.language_model.decoder.layers.7.mlp.experts.linear_fc2.weight21
[36m(WorkerDict pid=96390)[0m 	module.language_model.decoder.layers.3.mlp.experts.linear_fc2.weight27
[36m(WorkerDict pid=96390)[0m 	module.language_model.decoder.layers.5.mlp.experts.linear_fc1.weight16
[36m(WorkerDict pid=96390)[0m 	module.language_model.decoder.layers.3.mlp.experts.linear_fc2.weight44
[36m(WorkerDict pid=96390)[0m 	module.language_model.decoder.layers.1.mlp.experts.linear_fc1.weight56
[36m(WorkerDict pid=96390)[0m 	module.language_model.decoder.layers.5.mlp.experts.linear_fc1.weight33
[36m(WorkerDict pid=96390)[0m 	module.language_model.decoder.layers.5.mlp.experts.linear_fc1.weight50
[36m(WorkerDict pid=96390)[0m 	module.language_model.decoder.layers.10.mlp.experts.linear_fc2.weight13
[36m(WorkerDict pid=96390)[0m 	module.language_model.decoder.layers.17.mlp.experts.linear_fc2.weight22
[36m(WorkerDict pid=96390)[0m 	module.language_model.decoder.layers.18.mlp.experts.linear_fc2.weight46
[36m(WorkerDict pid=96390)[0m 	module.language_model.decoder.layers.16.mlp.experts.linear_fc1.weight61
[36m(WorkerDict pid=96390)[0m 	module.language_model.decoder.layers.15.mlp.experts.linear_fc1.weight36
[36m(WorkerDict pid=96390)[0m 	module.language_model.decoder.layers.14.mlp.experts.linear_fc1.weight9
[36m(WorkerDict pid=96390)[0m 	module.language_model.decoder.layers.11.mlp.experts.linear_fc2.weight40
[36m(WorkerDict pid=96390)[0m 	module.language_model.decoder.layers.9.mlp.experts.linear_fc1.weight52
[36m(WorkerDict pid=96390)[0m 	module.language_model.decoder.layers.8.mlp.experts.linear_fc1.weight27
[36m(WorkerDict pid=96390)[0m 	module.language_model.decoder.layers.7.mlp.experts.linear_fc2.weight55
[36m(WorkerDict pid=96390)[0m 	module.language_model.decoder.layers.5.mlp.experts.linear_fc2.weight3
[36m(WorkerDict pid=96390)[0m 	module.language_model.decoder.layers.5.mlp.experts.linear_fc2.weight20
[36m(WorkerDict pid=96390)[0m 	module.language_model.decoder.layers.0.mlp.experts.linear_fc1.weight26
[36m(WorkerDict pid=96390)[0m 	module.language_model.decoder.layers.19.mlp.experts.linear_fc1.weight52
[36m(WorkerDict pid=96390)[0m 	module.language_model.decoder.layers.18.mlp.experts.linear_fc1.weight25
[36m(WorkerDict pid=96390)[0m 	module.language_model.decoder.layers.15.mlp.experts.linear_fc2.weight56
[36m(WorkerDict pid=96390)[0m 	module.language_model.decoder.layers.11.mlp.experts.linear_fc1.weight19
[36m(WorkerDict pid=96390)[0m 	module.language_model.decoder.layers.14.mlp.experts.linear_fc2.weight29
[36m(WorkerDict pid=96390)[0m 	module.language_model.decoder.layers.13.mlp.experts.linear_fc2.weight4
[36m(WorkerDict pid=96390)[0m 	module.language_model.decoder.layers.12.mlp.experts.linear_fc1.weight43
[36m(WorkerDict pid=96390)[0m 	module.language_model.decoder.layers.8.mlp.experts.linear_fc2.weight47
[36m(WorkerDict pid=96390)[0m 	module.language_model.decoder.layers.7.mlp.experts.linear_fc2.weight22
[36m(WorkerDict pid=96390)[0m 	module.language_model.decoder.layers.6.mlp.experts.linear_fc1.weight59
[36m(WorkerDict pid=96390)[0m 	module.language_model.decoder.layers.5.mlp.experts.linear_fc2.weight37
[36m(WorkerDict pid=96390)[0m 	module.language_model.decoder.layers.5.mlp.experts.linear_fc2.weight54
[36m(WorkerDict pid=96390)[0m 	module.language_model.decoder.layers.1.mlp.experts.linear_fc2.weight16
[36m(WorkerDict pid=96390)[0m 	module.language_model.decoder.layers.1.mlp.experts.linear_fc2.weight33
[36m(WorkerDict pid=96390)[0m 	module.language_model.decoder.layers.11.mlp.experts.linear_fc2.weight41
[36m(WorkerDict pid=96390)[0m 	module.language_model.decoder.layers.17.mlp.experts.linear_fc2.weight23
[36m(WorkerDict pid=96390)[0m 	module.language_model.decoder.layers.18.mlp.experts.linear_fc2.weight47
[36m(WorkerDict pid=96390)[0m 	module.language_model.decoder.layers.16.mlp.experts.linear_fc1.weight62
[36m(WorkerDict pid=96390)[0m 	module.language_model.decoder.layers.15.mlp.experts.linear_fc1.weight37
[36m(WorkerDict pid=96390)[0m 	module.language_model.decoder.layers.14.mlp.experts.linear_fc1.weight10
[36m(WorkerDict pid=96390)[0m 	module.language_model.decoder.layers.10.mlp.experts.linear_fc2.weight14
[36m(WorkerDict pid=96390)[0m 	module.language_model.decoder.layers.9.mlp.experts.linear_fc1.weight53
[36m(WorkerDict pid=96390)[0m 	module.language_model.decoder.layers.8.mlp.experts.linear_fc1.weight28
[36m(WorkerDict pid=96390)[0m 	module.language_model.decoder.layers.7.mlp.experts.linear_fc1.weight2
[36m(WorkerDict pid=96390)[0m 	module.language_model.decoder.layers.6.mlp.experts.linear_fc1.weight8
[36m(WorkerDict pid=96390)[0m 	module.language_model.decoder.layers.1.mlp.experts.linear_fc2.weight50
[36m(WorkerDict pid=96390)[0m 	module.language_model.decoder.layers.4.mlp.experts.linear_fc1.weight4
[36m(WorkerDict pid=96390)[0m 	module.language_model.decoder.layers.6.mlp.experts.linear_fc1.weight25
[36m(WorkerDict pid=96390)[0m 	module.language_model.decoder.layers.14.mlp.experts.linear_fc2.weight30
[36m(WorkerDict pid=96390)[0m 	module.language_model.decoder.layers.13.mlp.experts.linear_fc2.weight5
[36m(WorkerDict pid=96390)[0m 	module.language_model.decoder.layers.12.mlp.experts.linear_fc1.weight44
[36m(WorkerDict pid=96390)[0m 	module.language_model.decoder.layers.19.mlp.experts.linear_fc1.weight53
[36m(WorkerDict pid=96390)[0m 	module.language_model.decoder.layers.18.mlp.experts.linear_fc1.weight26
[36m(WorkerDict pid=96390)[0m 	module.language_model.decoder.layers.17.mlp.experts.linear_fc1.weight0
[36m(WorkerDict pid=96390)[0m 	module.language_model.decoder.layers.15.mlp.experts.linear_fc2.weight57
[36m(WorkerDict pid=96390)[0m 	module.language_model.decoder.layers.11.mlp.experts.linear_fc1.weight20
[36m(WorkerDict pid=96390)[0m 	module.language_model.decoder.layers.8.mlp.experts.linear_fc2.weight48
[36m(WorkerDict pid=96390)[0m 	module.language_model.decoder.layers.7.mlp.experts.linear_fc2.weight23
[36m(WorkerDict pid=96390)[0m 	module.language_model.decoder.layers.4.mlp.experts.linear_fc1.weight21
[36m(WorkerDict pid=96390)[0m 	module.language_model.decoder.layers.2.mlp.experts.linear_fc1.weight4
[36m(WorkerDict pid=96390)[0m 	module.language_model.decoder.layers.4.mlp.experts.linear_fc1.weight38
[36m(WorkerDict pid=96390)[0m 	module.language_model.decoder.layers.2.mlp.experts.linear_fc1.weight21
[36m(WorkerDict pid=96390)[0m 	module.language_model.decoder.layers.4.mlp.experts.linear_fc1.weight55
[36m(WorkerDict pid=96390)[0m 	module.language_model.decoder.layers.2.mlp.experts.linear_fc1.weight38
[36m(WorkerDict pid=96390)[0m 	module.language_model.decoder.layers.6.mlp.experts.linear_fc1.weight33
[36m(WorkerDict pid=96390)[0m 	module.language_model.decoder.layers.4.mlp.experts.linear_fc2.weight8
[36m(WorkerDict pid=96390)[0m 	module.language_model.decoder.layers.10.mlp.experts.linear_fc2.weight15
[36m(WorkerDict pid=96390)[0m 	module.language_model.decoder.layers.11.mlp.experts.linear_fc2.weight42
[36m(WorkerDict pid=96390)[0m 	module.language_model.decoder.layers.13.mlp.experts.linear_fc1.weight3
[36m(WorkerDict pid=96390)[0m 	module.language_model.decoder.layers.17.mlp.experts.linear_fc2.weight24
[36m(WorkerDict pid=96390)[0m 	module.language_model.decoder.layers.18.mlp.experts.linear_fc2.weight48
[36m(WorkerDict pid=96390)[0m 	module.language_model.decoder.layers.16.mlp.experts.linear_fc1.weight63
[36m(WorkerDict pid=96390)[0m 	module.language_model.decoder.layers.15.mlp.experts.linear_fc1.weight38
[36m(WorkerDict pid=96390)[0m 	module.language_model.decoder.layers.14.mlp.experts.linear_fc1.weight11
[36m(WorkerDict pid=96390)[0m 	module.language_model.decoder.layers.9.mlp.experts.linear_fc1.weight54
[36m(WorkerDict pid=96390)[0m 	module.language_model.decoder.layers.8.mlp.experts.linear_fc1.weight29
[36m(WorkerDict pid=96390)[0m 	module.language_model.decoder.layers.6.mlp.experts.linear_fc1.weight50
[36m(WorkerDict pid=96390)[0m 	module.language_model.decoder.layers.2.mlp.experts.linear_fc1.weight55
[36m(WorkerDict pid=96390)[0m 	module.language_model.decoder.layers.0.mlp.experts.linear_fc1.weight6
[36m(WorkerDict pid=96390)[0m 	module.language_model.decoder.layers.4.mlp.experts.linear_fc2.weight25
[36m(WorkerDict pid=96390)[0m 	module.language_model.decoder.layers.2.mlp.experts.linear_fc2.weight8
[36m(WorkerDict pid=96390)[0m 	module.language_model.decoder.layers.0.mlp.experts.linear_fc1.weight23
[36m(WorkerDict pid=96390)[0m 	module.language_model.decoder.layers.6.mlp.experts.linear_fc2.weight3
[36m(WorkerDict pid=96390)[0m 	module.language_model.decoder.layers.11.mlp.experts.linear_fc1.weight21
[36m(WorkerDict pid=96390)[0m 	module.language_model.decoder.layers.14.mlp.experts.linear_fc2.weight31
[36m(WorkerDict pid=96390)[0m 	module.language_model.decoder.layers.13.mlp.experts.linear_fc2.weight6
[36m(WorkerDict pid=96390)[0m 	module.language_model.decoder.layers.12.mlp.experts.linear_fc1.weight45
[36m(WorkerDict pid=96390)[0m 	module.language_model.decoder.layers.19.mlp.experts.linear_fc1.weight54
[36m(WorkerDict pid=96390)[0m 	module.language_model.decoder.layers.18.mlp.experts.linear_fc1.weight27
[36m(WorkerDict pid=96390)[0m 	module.language_model.decoder.layers.17.mlp.experts.linear_fc1.weight2
[36m(WorkerDict pid=96390)[0m 	module.language_model.decoder.layers.15.mlp.experts.linear_fc2.weight58
[36m(WorkerDict pid=96390)[0m 	module.language_model.decoder.layers.8.mlp.experts.linear_fc2.weight49
[36m(WorkerDict pid=96390)[0m 	module.language_model.decoder.layers.7.mlp.experts.linear_fc2.weight24
[36m(WorkerDict pid=96390)[0m 	module.language_model.decoder.layers.4.mlp.experts.linear_fc2.weight42
[36m(WorkerDict pid=96390)[0m 	module.language_model.decoder.layers.2.mlp.experts.linear_fc2.weight25
[36m(WorkerDict pid=96390)[0m 	module.language_model.decoder.layers.0.mlp.experts.linear_fc1.weight40
[36m(WorkerDict pid=96390)[0m 	module.language_model.decoder.layers.4.mlp.experts.linear_fc2.weight59
[36m(WorkerDict pid=96390)[0m 	module.language_model.decoder.layers.2.mlp.experts.linear_fc2.weight34
[36m(WorkerDict pid=96390)[0m 	module.language_model.decoder.layers.0.mlp.experts.linear_fc1.weight49
[36m(WorkerDict pid=96390)[0m 	module.language_model.decoder.layers.6.mlp.experts.linear_fc2.weight54
[36m(WorkerDict pid=96390)[0m 	module.language_model.decoder.layers.2.mlp.experts.linear_fc2.weight51
[36m(WorkerDict pid=96390)[0m 	module.language_model.decoder.layers.10.mlp.experts.linear_fc2.weight16
[36m(WorkerDict pid=96390)[0m 	module.language_model.decoder.layers.11.mlp.experts.linear_fc2.weight43
[36m(WorkerDict pid=96390)[0m 	module.language_model.decoder.layers.17.mlp.experts.linear_fc2.weight25
[36m(WorkerDict pid=96390)[0m 	module.language_model.decoder.layers.18.mlp.experts.linear_fc2.weight49
[36m(WorkerDict pid=96390)[0m 	module.language_model.decoder.layers.16.mlp.experts.linear_fc2.weight0
[36m(WorkerDict pid=96390)[0m 	module.language_model.decoder.layers.15.mlp.experts.linear_fc1.weight39
[36m(WorkerDict pid=96390)[0m 	module.language_model.decoder.layers.14.mlp.experts.linear_fc1.weight12
[36m(WorkerDict pid=96390)[0m 	module.language_model.decoder.layers.9.mlp.experts.linear_fc1.weight55
[36m(WorkerDict pid=96390)[0m 	module.language_model.decoder.layers.8.mlp.experts.linear_fc1.weight30
[36m(WorkerDict pid=96390)[0m 	module.language_model.decoder.layers.7.mlp.experts.linear_fc1.weight5
[36m(WorkerDict pid=96390)[0m 	module.language_model.decoder.layers.0.mlp.experts.linear_fc2.weight19
[36m(WorkerDict pid=96390)[0m 	module.language_model.decoder.layers.11.mlp.experts.linear_fc1.weight22
[36m(WorkerDict pid=96390)[0m 	module.language_model.decoder.layers.19.mlp.experts.linear_fc1.weight55
[36m(WorkerDict pid=96390)[0m 	module.language_model.decoder.layers.18.mlp.experts.linear_fc1.weight28
[36m(WorkerDict pid=96390)[0m 	module.language_model.decoder.layers.17.mlp.experts.linear_fc1.weight4
[36m(WorkerDict pid=96390)[0m 	module.language_model.decoder.layers.15.mlp.experts.linear_fc2.weight59
[36m(WorkerDict pid=96390)[0m 	module.language_model.decoder.layers.14.mlp.experts.linear_fc2.weight32
[36m(WorkerDict pid=96390)[0m 	module.language_model.decoder.layers.13.mlp.experts.linear_fc2.weight7
[36m(WorkerDict pid=96390)[0m 	module.language_model.decoder.layers.12.mlp.experts.linear_fc1.weight46
[36m(WorkerDict pid=96390)[0m 	module.language_model.decoder.layers.8.mlp.experts.linear_fc2.weight50
[36m(WorkerDict pid=96390)[0m 	module.language_model.decoder.layers.7.mlp.experts.linear_fc2.weight25
[36m(WorkerDict pid=96390)[0m 	module.language_model.decoder.layers.3.mlp.experts.linear_fc1.weight7
[36m(WorkerDict pid=96390)[0m 	module.language_model.decoder.layers.0.mlp.experts.linear_fc2.weight36
[36m(WorkerDict pid=96390)[0m 	module.language_model.decoder.layers.3.mlp.experts.linear_fc1.weight24
[36m(WorkerDict pid=96390)[0m 	module.language_model.decoder.layers.0.mlp.experts.linear_fc2.weight53
[36m(WorkerDict pid=96390)[0m 	module.language_model.decoder.layers.3.mlp.experts.linear_fc1.weight41
[36m(WorkerDict pid=96390)[0m 	module.language_model.decoder.layers.3.mlp.experts.linear_fc1.weight58
[36m(WorkerDict pid=96390)[0m 	module.language_model.decoder.layers.1.mlp.experts.linear_fc1.weight6
[36m(WorkerDict pid=96390)[0m 	module.language_model.decoder.layers.10.mlp.experts.linear_fc2.weight17
[36m(WorkerDict pid=96390)[0m 	module.language_model.decoder.layers.18.mlp.experts.linear_fc2.weight50
[36m(WorkerDict pid=96390)[0m 	module.language_model.decoder.layers.17.mlp.experts.linear_fc2.weight26
[36m(WorkerDict pid=96390)[0m 	module.language_model.decoder.layers.16.mlp.experts.linear_fc2.weight1
[36m(WorkerDict pid=96390)[0m 	module.language_model.decoder.layers.15.mlp.experts.linear_fc1.weight40
[36m(WorkerDict pid=96390)[0m 	module.language_model.decoder.layers.14.mlp.experts.linear_fc1.weight13
[36m(WorkerDict pid=96390)[0m 	module.language_model.decoder.layers.11.mlp.experts.linear_fc2.weight44
[36m(WorkerDict pid=96390)[0m 	module.language_model.decoder.layers.9.mlp.experts.linear_fc1.weight56
[36m(WorkerDict pid=96390)[0m 	module.language_model.decoder.layers.8.mlp.experts.linear_fc1.weight31
[36m(WorkerDict pid=96390)[0m 	module.language_model.decoder.layers.7.mlp.experts.linear_fc1.weight6
[36m(WorkerDict pid=96390)[0m 	module.language_model.decoder.layers.3.mlp.experts.linear_fc2.weight11
[36m(WorkerDict pid=96390)[0m 	module.language_model.decoder.layers.1.mlp.experts.linear_fc1.weight23
[36m(WorkerDict pid=96390)[0m 	module.language_model.decoder.layers.11.mlp.experts.linear_fc1.weight23
[36m(WorkerDict pid=96390)[0m 	module.language_model.decoder.layers.18.mlp.experts.linear_fc1.weight29
[36m(WorkerDict pid=96390)[0m 	module.language_model.decoder.layers.19.mlp.experts.linear_fc1.weight56
[36m(WorkerDict pid=96390)[0m 	module.language_model.decoder.layers.17.mlp.experts.linear_fc1.weight5
[36m(WorkerDict pid=96390)[0m 	module.language_model.decoder.layers.15.mlp.experts.linear_fc2.weight60
[36m(WorkerDict pid=96390)[0m 	module.language_model.decoder.layers.14.mlp.experts.linear_fc2.weight33
[36m(WorkerDict pid=96390)[0m 	module.language_model.decoder.layers.13.mlp.experts.linear_fc2.weight8
[36m(WorkerDict pid=96390)[0m 	module.language_model.decoder.layers.12.mlp.experts.linear_fc1.weight47
[36m(WorkerDict pid=96390)[0m 	module.language_model.decoder.layers.8.mlp.experts.linear_fc2.weight51
[36m(WorkerDict pid=96390)[0m 	module.language_model.decoder.layers.7.mlp.experts.linear_fc2.weight26
[36m(WorkerDict pid=96390)[0m 	module.language_model.decoder.layers.3.mlp.experts.linear_fc2.weight28
[36m(WorkerDict pid=96390)[0m 	module.language_model.decoder.layers.1.mlp.experts.linear_fc1.weight40
[36m(WorkerDict pid=96390)[0m 	module.language_model.decoder.layers.5.mlp.experts.linear_fc1.weight17
[36m(WorkerDict pid=96390)[0m 	module.language_model.decoder.layers.3.mlp.experts.linear_fc2.weight45
[36m(WorkerDict pid=96390)[0m 	module.language_model.decoder.layers.1.mlp.experts.linear_fc1.weight57
[36m(WorkerDict pid=96390)[0m 	module.language_model.decoder.layers.5.mlp.experts.linear_fc1.weight34
[36m(WorkerDict pid=96390)[0m 	module.language_model.decoder.layers.5.mlp.experts.linear_fc1.weight51
[36m(WorkerDict pid=96390)[0m 	module.language_model.decoder.layers.14.mlp.experts.linear_fc1.weight14
[36m(WorkerDict pid=96390)[0m 	module.language_model.decoder.layers.10.mlp.experts.linear_fc2.weight18
[36m(WorkerDict pid=96390)[0m 	module.language_model.decoder.layers.18.mlp.experts.linear_fc2.weight51
[36m(WorkerDict pid=96390)[0m 	module.language_model.decoder.layers.17.mlp.experts.linear_fc2.weight27
[36m(WorkerDict pid=96390)[0m 	module.language_model.decoder.layers.16.mlp.experts.linear_fc2.weight2
[36m(WorkerDict pid=96390)[0m 	module.language_model.decoder.layers.15.mlp.experts.linear_fc1.weight41
[36m(WorkerDict pid=96390)[0m 	module.language_model.decoder.layers.11.mlp.experts.linear_fc2.weight45
[36m(WorkerDict pid=96390)[0m 	module.language_model.decoder.layers.9.mlp.experts.linear_fc1.weight57
[36m(WorkerDict pid=96390)[0m 	module.language_model.decoder.layers.8.mlp.experts.linear_fc1.weight32
[36m(WorkerDict pid=96390)[0m 	module.language_model.decoder.layers.7.mlp.experts.linear_fc1.weight7
[36m(WorkerDict pid=96390)[0m 	module.language_model.decoder.layers.5.mlp.experts.linear_fc2.weight4
[36m(WorkerDict pid=96390)[0m 	module.language_model.decoder.layers.5.mlp.experts.linear_fc2.weight21
[36m(WorkerDict pid=96390)[0m 	module.language_model.decoder.layers.14.mlp.experts.linear_fc2.weight34
[36m(WorkerDict pid=96390)[0m 	module.language_model.decoder.layers.13.mlp.experts.linear_fc2.weight9
[36m(WorkerDict pid=96390)[0m 	module.language_model.decoder.layers.12.mlp.experts.linear_fc1.weight48
[36m(WorkerDict pid=96390)[0m 	module.language_model.decoder.layers.19.mlp.experts.linear_fc1.weight57
[36m(WorkerDict pid=96390)[0m 	module.language_model.decoder.layers.18.mlp.experts.linear_fc1.weight30
[36m(WorkerDict pid=96390)[0m 	module.language_model.decoder.layers.17.mlp.experts.linear_fc1.weight6
[36m(WorkerDict pid=96390)[0m 	module.language_model.decoder.layers.15.mlp.experts.linear_fc2.weight61
[36m(WorkerDict pid=96390)[0m 	module.language_model.decoder.layers.11.mlp.experts.linear_fc1.weight24
[36m(WorkerDict pid=96390)[0m 	module.language_model.decoder.layers.8.mlp.experts.linear_fc2.weight52
[36m(WorkerDict pid=96390)[0m 	module.language_model.decoder.layers.7.mlp.experts.linear_fc2.weight27
[36m(WorkerDict pid=96390)[0m 	module.language_model.decoder.layers.5.mlp.experts.linear_fc2.weight38
[36m(WorkerDict pid=96390)[0m 	module.language_model.decoder.layers.5.mlp.experts.linear_fc2.weight55
[36m(WorkerDict pid=96390)[0m 	module.language_model.decoder.layers.1.mlp.experts.linear_fc2.weight17
[36m(WorkerDict pid=96390)[0m 	module.language_model.decoder.layers.1.mlp.experts.linear_fc2.weight34
[36m(WorkerDict pid=96390)[0m 	module.language_model.decoder.layers.11.mlp.experts.linear_fc2.weight46
[36m(WorkerDict pid=96390)[0m 	module.language_model.decoder.layers.14.mlp.experts.linear_fc1.weight15
[36m(WorkerDict pid=96390)[0m 	module.language_model.decoder.layers.18.mlp.experts.linear_fc2.weight52
[36m(WorkerDict pid=96390)[0m 	module.language_model.decoder.layers.17.mlp.experts.linear_fc2.weight28
[36m(WorkerDict pid=96390)[0m 	module.language_model.decoder.layers.16.mlp.experts.linear_fc2.weight3
[36m(WorkerDict pid=96390)[0m 	module.language_model.decoder.layers.15.mlp.experts.linear_fc1.weight42
[36m(WorkerDict pid=96390)[0m 	module.language_model.decoder.layers.10.mlp.experts.linear_fc2.weight19
[36m(WorkerDict pid=96390)[0m 	module.language_model.decoder.layers.9.mlp.experts.linear_fc1.weight58
[36m(WorkerDict pid=96390)[0m 	module.language_model.decoder.layers.8.mlp.experts.linear_fc1.weight33
[36m(WorkerDict pid=96390)[0m 	module.language_model.decoder.layers.7.mlp.experts.linear_fc1.weight8
[36m(WorkerDict pid=96390)[0m 	module.language_model.decoder.layers.6.mlp.experts.linear_fc1.weight9
[36m(WorkerDict pid=96390)[0m 	module.language_model.decoder.layers.1.mlp.experts.linear_fc2.weight51
[36m(WorkerDict pid=96390)[0m 	module.language_model.decoder.layers.4.mlp.experts.linear_fc1.weight5
[36m(WorkerDict pid=96390)[0m 	module.language_model.decoder.layers.11.mlp.experts.linear_fc1.weight25
[36m(WorkerDict pid=96390)[0m 	module.language_model.decoder.layers.14.mlp.experts.linear_fc2.weight35
[36m(WorkerDict pid=96390)[0m 	module.language_model.decoder.layers.13.mlp.experts.linear_fc2.weight10
[36m(WorkerDict pid=96390)[0m 	module.language_model.decoder.layers.12.mlp.experts.linear_fc1.weight49
[36m(WorkerDict pid=96390)[0m 	module.language_model.decoder.layers.19.mlp.experts.linear_fc1.weight58
[36m(WorkerDict pid=96390)[0m 	module.language_model.decoder.layers.18.mlp.experts.linear_fc1.weight31
[36m(WorkerDict pid=96390)[0m 	module.language_model.decoder.layers.17.mlp.experts.linear_fc1.weight7
[36m(WorkerDict pid=96390)[0m 	module.language_model.decoder.layers.15.mlp.experts.linear_fc2.weight62
[36m(WorkerDict pid=96390)[0m 	module.language_model.decoder.layers.8.mlp.experts.linear_fc2.weight53
[36m(WorkerDict pid=96390)[0m 	module.language_model.decoder.layers.7.mlp.experts.linear_fc2.weight28
[36m(WorkerDict pid=96390)[0m 	module.language_model.decoder.layers.4.mlp.experts.linear_fc1.weight22
[36m(WorkerDict pid=96390)[0m 	module.language_model.decoder.layers.2.mlp.experts.linear_fc1.weight5
[36m(WorkerDict pid=96390)[0m 	module.language_model.decoder.layers.4.mlp.experts.linear_fc1.weight39
[36m(WorkerDict pid=96390)[0m 	module.language_model.decoder.layers.2.mlp.experts.linear_fc1.weight22
[36m(WorkerDict pid=96390)[0m 	module.language_model.decoder.layers.4.mlp.experts.linear_fc1.weight56
[36m(WorkerDict pid=96390)[0m 	module.language_model.decoder.layers.2.mlp.experts.linear_fc1.weight39
[36m(WorkerDict pid=96390)[0m 	module.language_model.decoder.layers.10.mlp.experts.linear_fc2.weight20
[36m(WorkerDict pid=96390)[0m 	module.language_model.decoder.layers.11.mlp.experts.linear_fc2.weight47
[36m(WorkerDict pid=96390)[0m 	module.language_model.decoder.layers.14.mlp.experts.linear_fc1.weight16
[36m(WorkerDict pid=96390)[0m 	module.language_model.decoder.layers.18.mlp.experts.linear_fc2.weight53
[36m(WorkerDict pid=96390)[0m 	module.language_model.decoder.layers.17.mlp.experts.linear_fc2.weight29
[36m(WorkerDict pid=96390)[0m 	module.language_model.decoder.layers.16.mlp.experts.linear_fc2.weight4
[36m(WorkerDict pid=96390)[0m 	module.language_model.decoder.layers.15.mlp.experts.linear_fc1.weight43
[36m(WorkerDict pid=96390)[0m 	module.language_model.decoder.layers.9.mlp.experts.linear_fc1.weight59
[36m(WorkerDict pid=96390)[0m 	module.language_model.decoder.layers.8.mlp.experts.linear_fc1.weight34
[36m(WorkerDict pid=96390)[0m 	module.language_model.decoder.layers.7.mlp.experts.linear_fc1.weight9
[36m(WorkerDict pid=96390)[0m 	module.language_model.decoder.layers.2.mlp.experts.linear_fc1.weight56
[36m(WorkerDict pid=96390)[0m 	module.language_model.decoder.layers.0.mlp.experts.linear_fc1.weight7
[36m(WorkerDict pid=96390)[0m 	module.language_model.decoder.layers.4.mlp.experts.linear_fc2.weight26
[36m(WorkerDict pid=96390)[0m 	module.language_model.decoder.layers.2.mlp.experts.linear_fc2.weight9
[36m(WorkerDict pid=96390)[0m 	module.language_model.decoder.layers.0.mlp.experts.linear_fc1.weight24
[36m(WorkerDict pid=96390)[0m 	module.language_model.decoder.layers.11.mlp.experts.linear_fc1.weight26
[36m(WorkerDict pid=96390)[0m 	module.language_model.decoder.layers.14.mlp.experts.linear_fc2.weight36
[36m(WorkerDict pid=96390)[0m 	module.language_model.decoder.layers.13.mlp.experts.linear_fc2.weight11
[36m(WorkerDict pid=96390)[0m 	module.language_model.decoder.layers.12.mlp.experts.linear_fc1.weight50
[36m(WorkerDict pid=96390)[0m 	module.language_model.decoder.layers.19.mlp.experts.linear_fc1.weight59
[36m(WorkerDict pid=96390)[0m 	module.language_model.decoder.layers.18.mlp.experts.linear_fc1.weight32
[36m(WorkerDict pid=96390)[0m 	module.language_model.decoder.layers.17.mlp.experts.linear_fc1.weight8
[36m(WorkerDict pid=96390)[0m 	module.language_model.decoder.layers.15.mlp.experts.linear_fc2.weight63
[36m(WorkerDict pid=96390)[0m 	module.language_model.decoder.layers.8.mlp.experts.linear_fc2.weight54
[36m(WorkerDict pid=96390)[0m 	module.language_model.decoder.layers.7.mlp.experts.linear_fc2.weight29
[36m(WorkerDict pid=96390)[0m 	module.language_model.decoder.layers.4.mlp.experts.linear_fc2.weight43
[36m(WorkerDict pid=96390)[0m 	module.language_model.decoder.layers.2.mlp.experts.linear_fc2.weight26
[36m(WorkerDict pid=96390)[0m 	module.language_model.decoder.layers.0.mlp.experts.linear_fc1.weight41
[36m(WorkerDict pid=96390)[0m 	module.language_model.decoder.layers.6.mlp.experts.linear_fc2.weight21
[36m(WorkerDict pid=96390)[0m 	module.language_model.decoder.layers.4.mlp.experts.linear_fc2.weight60
[36m(WorkerDict pid=96390)[0m 	module.language_model.decoder.layers.2.mlp.experts.linear_fc2.weight35
[36m(WorkerDict pid=96390)[0m 	module.language_model.decoder.layers.0.mlp.experts.linear_fc1.weight50
[36m(WorkerDict pid=96390)[0m 	module.language_model.decoder.layers.6.mlp.experts.linear_fc2.weight55
[36m(WorkerDict pid=96390)[0m 	module.language_model.decoder.layers.10.mlp.experts.linear_fc2.weight21
[36m(WorkerDict pid=96390)[0m 	module.language_model.decoder.layers.11.mlp.experts.linear_fc2.weight48
[36m(WorkerDict pid=96390)[0m 	module.language_model.decoder.layers.18.mlp.experts.linear_fc2.weight54
[36m(WorkerDict pid=96390)[0m 	module.language_model.decoder.layers.17.mlp.experts.linear_fc2.weight30
[36m(WorkerDict pid=96390)[0m 	module.language_model.decoder.layers.16.mlp.experts.linear_fc2.weight5
[36m(WorkerDict pid=96390)[0m 	module.language_model.decoder.layers.15.mlp.experts.linear_fc1.weight44
[36m(WorkerDict pid=96390)[0m 	module.language_model.decoder.layers.14.mlp.experts.linear_fc1.weight17
[36m(WorkerDict pid=96390)[0m 	module.language_model.decoder.layers.9.mlp.experts.linear_fc1.weight60
[36m(WorkerDict pid=96390)[0m 	module.language_model.decoder.layers.8.mlp.experts.linear_fc1.weight35
[36m(WorkerDict pid=96390)[0m 	module.language_model.decoder.layers.7.mlp.experts.linear_fc1.weight10
[36m(WorkerDict pid=96390)[0m 	module.language_model.decoder.layers.2.mlp.experts.linear_fc2.weight52
[36m(WorkerDict pid=96390)[0m 	module.language_model.decoder.layers.0.mlp.experts.linear_fc2.weight3
[36m(WorkerDict pid=96390)[0m 	module.language_model.decoder.layers.0.mlp.experts.linear_fc2.weight20
[36m(WorkerDict pid=96390)[0m 	module.language_model.decoder.layers.11.mlp.experts.linear_fc1.weight27
[36m(WorkerDict pid=96390)[0m 	module.language_model.decoder.layers.14.mlp.experts.linear_fc2.weight37
[36m(WorkerDict pid=96390)[0m 	module.language_model.decoder.layers.13.mlp.experts.linear_fc2.weight12
[36m(WorkerDict pid=96390)[0m 	module.language_model.decoder.layers.12.mlp.experts.linear_fc1.weight51
[36m(WorkerDict pid=96390)[0m 	module.language_model.decoder.layers.18.mlp.experts.linear_fc1.weight33
[36m(WorkerDict pid=96390)[0m 	module.language_model.decoder.layers.19.mlp.experts.linear_fc1.weight60
[36m(WorkerDict pid=96390)[0m 	module.language_model.decoder.layers.17.mlp.experts.linear_fc1.weight9
[36m(WorkerDict pid=96390)[0m 	module.language_model.decoder.layers.10.mlp.experts.linear_fc1.weight1
[36m(WorkerDict pid=96390)[0m 	module.language_model.decoder.layers.8.mlp.experts.linear_fc2.weight55
[36m(WorkerDict pid=96390)[0m 	module.language_model.decoder.layers.7.mlp.experts.linear_fc2.weight30
[36m(WorkerDict pid=96390)[0m 	module.language_model.decoder.layers.3.mlp.experts.linear_fc1.weight8
[36m(WorkerDict pid=96390)[0m 	module.language_model.decoder.layers.0.mlp.experts.linear_fc2.weight37
[36m(WorkerDict pid=96390)[0m 	module.language_model.decoder.layers.3.mlp.experts.linear_fc1.weight25
[36m(WorkerDict pid=96390)[0m 	module.language_model.decoder.layers.0.mlp.experts.linear_fc2.weight54
[36m(WorkerDict pid=96390)[0m 	module.language_model.decoder.layers.3.mlp.experts.linear_fc1.weight42
[36m(WorkerDict pid=96390)[0m 	module.language_model.decoder.layers.14.mlp.experts.linear_fc1.weight18
[36m(WorkerDict pid=96390)[0m 	module.language_model.decoder.layers.10.mlp.experts.linear_fc2.weight22
[36m(WorkerDict pid=96390)[0m 	module.language_model.decoder.layers.11.mlp.experts.linear_fc2.weight49
[36m(WorkerDict pid=96390)[0m 	module.language_model.decoder.layers.17.mlp.experts.linear_fc2.weight31
[36m(WorkerDict pid=96390)[0m 	module.language_model.decoder.layers.18.mlp.experts.linear_fc2.weight55
[36m(WorkerDict pid=96390)[0m 	module.language_model.decoder.layers.16.mlp.experts.linear_fc2.weight6
[36m(WorkerDict pid=96390)[0m 	module.language_model.decoder.layers.15.mlp.experts.linear_fc1.weight45
[36m(WorkerDict pid=96390)[0m 	module.language_model.decoder.layers.9.mlp.experts.linear_fc1.weight61
[36m(WorkerDict pid=96390)[0m 	module.language_model.decoder.layers.8.mlp.experts.linear_fc1.weight36
[36m(WorkerDict pid=96390)[0m 	module.language_model.decoder.layers.7.mlp.experts.linear_fc1.weight11
[36m(WorkerDict pid=96390)[0m 	module.language_model.decoder.layers.3.mlp.experts.linear_fc1.weight59
[36m(WorkerDict pid=96390)[0m 	module.language_model.decoder.layers.3.mlp.experts.linear_fc2.weight12
[36m(WorkerDict pid=96390)[0m 	module.language_model.decoder.layers.1.mlp.experts.linear_fc1.weight24
[36m(WorkerDict pid=96390)[0m 	module.language_model.decoder.layers.13.mlp.experts.linear_fc2.weight13
[36m(WorkerDict pid=96390)[0m 	module.language_model.decoder.layers.12.mlp.experts.linear_fc1.weight52
[36m(WorkerDict pid=96390)[0m 	module.language_model.decoder.layers.11.mlp.experts.linear_fc1.weight28
[36m(WorkerDict pid=96390)[0m 	module.language_model.decoder.layers.18.mlp.experts.linear_fc1.weight34
[36m(WorkerDict pid=96390)[0m 	module.language_model.decoder.layers.19.mlp.experts.linear_fc1.weight61
[36m(WorkerDict pid=96390)[0m 	module.language_model.decoder.layers.17.mlp.experts.linear_fc1.weight10
[36m(WorkerDict pid=96390)[0m 	module.language_model.decoder.layers.14.mlp.experts.linear_fc2.weight38
[36m(WorkerDict pid=96390)[0m 	module.language_model.decoder.layers.8.mlp.experts.linear_fc2.weight56
[36m(WorkerDict pid=96390)[0m 	module.language_model.decoder.layers.7.mlp.experts.linear_fc2.weight31
[36m(WorkerDict pid=96390)[0m 	module.language_model.decoder.layers.6.mlp.experts.linear_fc2.weight4
[36m(WorkerDict pid=96390)[0m 	module.language_model.decoder.layers.3.mlp.experts.linear_fc2.weight29
[36m(WorkerDict pid=96390)[0m 	module.language_model.decoder.layers.1.mlp.experts.linear_fc1.weight41
[36m(WorkerDict pid=96390)[0m 	module.language_model.decoder.layers.5.mlp.experts.linear_fc1.weight18
[36m(WorkerDict pid=96390)[0m 	module.language_model.decoder.layers.3.mlp.experts.linear_fc2.weight46
[36m(WorkerDict pid=96390)[0m 	module.language_model.decoder.layers.1.mlp.experts.linear_fc1.weight58
[36m(WorkerDict pid=96390)[0m 	module.language_model.decoder.layers.5.mlp.experts.linear_fc1.weight35
[36m(WorkerDict pid=96390)[0m 	module.language_model.decoder.layers.5.mlp.experts.linear_fc1.weight52
[36m(WorkerDict pid=96390)[0m 	module.language_model.decoder.layers.11.mlp.experts.linear_fc2.weight50
[36m(WorkerDict pid=96390)[0m 	module.language_model.decoder.layers.14.mlp.experts.linear_fc1.weight19
[36m(WorkerDict pid=96390)[0m 	module.language_model.decoder.layers.10.mlp.experts.linear_fc2.weight23
[36m(WorkerDict pid=96390)[0m 	module.language_model.decoder.layers.17.mlp.experts.linear_fc2.weight32
[36m(WorkerDict pid=96390)[0m 	module.language_model.decoder.layers.18.mlp.experts.linear_fc2.weight56
[36m(WorkerDict pid=96390)[0m 	module.language_model.decoder.layers.16.mlp.experts.linear_fc2.weight7
[36m(WorkerDict pid=96390)[0m 	module.language_model.decoder.layers.15.mlp.experts.linear_fc1.weight46
[36m(WorkerDict pid=96390)[0m 	module.language_model.decoder.layers.9.mlp.experts.linear_fc1.weight62
[36m(WorkerDict pid=96390)[0m 	module.language_model.decoder.layers.8.mlp.experts.linear_fc1.weight37
[36m(WorkerDict pid=96390)[0m 	module.language_model.decoder.layers.7.mlp.experts.linear_fc1.weight12
[36m(WorkerDict pid=96390)[0m 	module.language_model.decoder.layers.5.mlp.experts.linear_fc2.weight5
[36m(WorkerDict pid=96390)[0m 	module.language_model.decoder.layers.5.mlp.experts.linear_fc2.weight22
[36m(WorkerDict pid=96390)[0m 	module.language_model.decoder.layers.19.mlp.experts.linear_fc1.weight62
[36m(WorkerDict pid=96390)[0m 	module.language_model.decoder.layers.18.mlp.experts.linear_fc1.weight35
[36m(WorkerDict pid=96390)[0m 	module.language_model.decoder.layers.17.mlp.experts.linear_fc1.weight11
[36m(WorkerDict pid=96390)[0m 	module.language_model.decoder.layers.16.mlp.experts.linear_fc1.weight3
[36m(WorkerDict pid=96390)[0m 	module.language_model.decoder.layers.11.mlp.experts.linear_fc1.weight29
[36m(WorkerDict pid=96390)[0m 	module.language_model.decoder.layers.12.mlp.experts.linear_fc1.weight53
[36m(WorkerDict pid=96390)[0m 	module.language_model.decoder.layers.14.mlp.experts.linear_fc2.weight39
[36m(WorkerDict pid=96390)[0m 	module.language_model.decoder.layers.13.mlp.experts.linear_fc2.weight14
[36m(WorkerDict pid=96390)[0m 	module.language_model.decoder.layers.10.mlp.experts.linear_fc1.weight0
[36m(WorkerDict pid=96390)[0m 	module.language_model.decoder.layers.8.mlp.experts.linear_fc2.weight57
[36m(WorkerDict pid=96390)[0m 	module.language_model.decoder.layers.5.mlp.experts.linear_fc2.weight39
[36m(WorkerDict pid=96390)[0m 	module.language_model.decoder.layers.5.mlp.experts.linear_fc2.weight56
[36m(WorkerDict pid=96390)[0m 	module.language_model.decoder.layers.1.mlp.experts.linear_fc2.weight18
[36m(WorkerDict pid=96390)[0m 	module.language_model.decoder.layers.1.mlp.experts.linear_fc2.weight35
[36m(WorkerDict pid=96390)[0m 	module.language_model.decoder.layers.18.mlp.experts.linear_fc2.weight57
[36m(WorkerDict pid=96390)[0m 	module.language_model.decoder.layers.17.mlp.experts.linear_fc2.weight33
[36m(WorkerDict pid=96390)[0m 	module.language_model.decoder.layers.16.mlp.experts.linear_fc2.weight8
[36m(WorkerDict pid=96390)[0m 	module.language_model.decoder.layers.10.mlp.experts.linear_fc2.weight24
[36m(WorkerDict pid=96390)[0m 	module.language_model.decoder.layers.11.mlp.experts.linear_fc2.weight51
[36m(WorkerDict pid=96390)[0m 	module.language_model.decoder.layers.15.mlp.experts.linear_fc1.weight47
[36m(WorkerDict pid=96390)[0m 	module.language_model.decoder.layers.14.mlp.experts.linear_fc1.weight20
[36m(WorkerDict pid=96390)[0m 	module.language_model.decoder.layers.9.mlp.experts.linear_fc1.weight63
[36m(WorkerDict pid=96390)[0m 	module.language_model.decoder.layers.8.mlp.experts.linear_fc1.weight38
[36m(WorkerDict pid=96390)[0m 	module.language_model.decoder.layers.7.mlp.experts.linear_fc1.weight13
[36m(WorkerDict pid=96390)[0m 	module.language_model.decoder.layers.6.mlp.experts.linear_fc1.weight10
[36m(WorkerDict pid=96390)[0m 	module.language_model.decoder.layers.1.mlp.experts.linear_fc2.weight52
[36m(WorkerDict pid=96390)[0m 	module.language_model.decoder.layers.4.mlp.experts.linear_fc1.weight6
[36m(WorkerDict pid=96390)[0m 	module.language_model.decoder.layers.19.mlp.experts.linear_fc1.weight63
[36m(WorkerDict pid=96390)[0m 	module.language_model.decoder.layers.18.mlp.experts.linear_fc1.weight36
[36m(WorkerDict pid=96390)[0m 	module.language_model.decoder.layers.17.mlp.experts.linear_fc1.weight12
[36m(WorkerDict pid=96390)[0m 	module.language_model.decoder.layers.14.mlp.experts.linear_fc2.weight40
[36m(WorkerDict pid=96390)[0m 	module.language_model.decoder.layers.11.mlp.experts.linear_fc1.weight30
[36m(WorkerDict pid=96390)[0m 	module.language_model.decoder.layers.13.mlp.experts.linear_fc2.weight15
[36m(WorkerDict pid=96390)[0m 	module.language_model.decoder.layers.12.mlp.experts.linear_fc1.weight54
[36m(WorkerDict pid=96390)[0m 	module.language_model.decoder.layers.10.mlp.experts.linear_fc1.weight2
[36m(WorkerDict pid=96390)[0m 	module.language_model.decoder.layers.8.mlp.experts.linear_fc2.weight58
[36m(WorkerDict pid=96390)[0m 	module.language_model.decoder.layers.7.mlp.experts.linear_fc2.weight33
[36m(WorkerDict pid=96390)[0m 	module.language_model.decoder.layers.4.mlp.experts.linear_fc1.weight23
[36m(WorkerDict pid=96390)[0m 	module.language_model.decoder.layers.2.mlp.experts.linear_fc1.weight6
[36m(WorkerDict pid=96390)[0m 	module.language_model.decoder.layers.4.mlp.experts.linear_fc1.weight40
[36m(WorkerDict pid=96390)[0m 	module.language_model.decoder.layers.2.mlp.experts.linear_fc1.weight23
[36m(WorkerDict pid=96390)[0m 	module.language_model.decoder.layers.4.mlp.experts.linear_fc1.weight57
[36m(WorkerDict pid=96390)[0m 	module.language_model.decoder.layers.2.mlp.experts.linear_fc1.weight40
[36m(WorkerDict pid=96390)[0m 	module.language_model.decoder.layers.6.mlp.experts.linear_fc1.weight35
[36m(WorkerDict pid=96390)[0m 	module.language_model.decoder.layers.18.mlp.experts.linear_fc2.weight58
[36m(WorkerDict pid=96390)[0m 	module.language_model.decoder.layers.17.mlp.experts.linear_fc2.weight34
[36m(WorkerDict pid=96390)[0m 	module.language_model.decoder.layers.16.mlp.experts.linear_fc2.weight9
[36m(WorkerDict pid=96390)[0m 	module.language_model.decoder.layers.10.mlp.experts.linear_fc2.weight25
[36m(WorkerDict pid=96390)[0m 	module.language_model.decoder.layers.11.mlp.experts.linear_fc2.weight52
[36m(WorkerDict pid=96390)[0m 	module.language_model.decoder.layers.15.mlp.experts.linear_fc1.weight48
[36m(WorkerDict pid=96390)[0m 	module.language_model.decoder.layers.14.mlp.experts.linear_fc1.weight21
[36m(WorkerDict pid=96390)[0m 	module.language_model.decoder.layers.9.mlp.experts.linear_fc2.weight0
[36m(WorkerDict pid=96390)[0m 	module.language_model.decoder.layers.8.mlp.experts.linear_fc1.weight39
[36m(WorkerDict pid=96390)[0m 	module.language_model.decoder.layers.7.mlp.experts.linear_fc1.weight14
[36m(WorkerDict pid=96390)[0m 	module.language_model.decoder.layers.4.mlp.experts.linear_fc2.weight10
[36m(WorkerDict pid=96390)[0m 	module.language_model.decoder.layers.2.mlp.experts.linear_fc1.weight57
[36m(WorkerDict pid=96390)[0m 	module.language_model.decoder.layers.0.mlp.experts.linear_fc1.weight8
[36m(WorkerDict pid=96390)[0m 	module.language_model.decoder.layers.4.mlp.experts.linear_fc2.weight27
[36m(WorkerDict pid=96390)[0m 	module.language_model.decoder.layers.2.mlp.experts.linear_fc2.weight10
[36m(WorkerDict pid=96390)[0m 	module.language_model.decoder.layers.18.mlp.experts.linear_fc1.weight37
[36m(WorkerDict pid=96390)[0m 	module.language_model.decoder.layers.19.mlp.experts.linear_fc2.weight0
[36m(WorkerDict pid=96390)[0m 	module.language_model.decoder.layers.17.mlp.experts.linear_fc1.weight13
[36m(WorkerDict pid=96390)[0m 	module.language_model.decoder.layers.14.mlp.experts.linear_fc2.weight41
[36m(WorkerDict pid=96390)[0m 	module.language_model.decoder.layers.11.mlp.experts.linear_fc1.weight31
[36m(WorkerDict pid=96390)[0m 	module.language_model.decoder.layers.13.mlp.experts.linear_fc2.weight16
[36m(WorkerDict pid=96390)[0m 	module.language_model.decoder.layers.12.mlp.experts.linear_fc1.weight55
[36m(WorkerDict pid=96390)[0m 	module.language_model.decoder.layers.10.mlp.experts.linear_fc1.weight4
[36m(WorkerDict pid=96390)[0m 	module.language_model.decoder.layers.8.mlp.experts.linear_fc2.weight59
[36m(WorkerDict pid=96390)[0m 	module.language_model.decoder.layers.7.mlp.experts.linear_fc2.weight34
[36m(WorkerDict pid=96390)[0m 	module.language_model.decoder.layers.6.mlp.experts.linear_fc2.weight5
[36m(WorkerDict pid=96390)[0m 	module.language_model.decoder.layers.4.mlp.experts.linear_fc2.weight44
[36m(WorkerDict pid=96390)[0m 	module.language_model.decoder.layers.2.mlp.experts.linear_fc2.weight27
[36m(WorkerDict pid=96390)[0m 	module.language_model.decoder.layers.0.mlp.experts.linear_fc1.weight42
[36m(WorkerDict pid=96390)[0m 	module.language_model.decoder.layers.6.mlp.experts.linear_fc2.weight22
[36m(WorkerDict pid=96390)[0m 	module.language_model.decoder.layers.4.mlp.experts.linear_fc2.weight61
[36m(WorkerDict pid=96390)[0m 	module.language_model.decoder.layers.6.mlp.experts.linear_fc2.weight39
[36m(WorkerDict pid=96390)[0m 	module.language_model.decoder.layers.2.mlp.experts.linear_fc2.weight36
[36m(WorkerDict pid=96390)[0m 	module.language_model.decoder.layers.0.mlp.experts.linear_fc1.weight51
[36m(WorkerDict pid=96390)[0m 	module.language_model.decoder.layers.6.mlp.experts.linear_fc2.weight56
[36m(WorkerDict pid=96390)[0m 	module.language_model.decoder.layers.15.mlp.experts.linear_fc1.weight49
[36m(WorkerDict pid=96390)[0m 	module.language_model.decoder.layers.14.mlp.experts.linear_fc1.weight22
[36m(WorkerDict pid=96390)[0m 	module.language_model.decoder.layers.17.mlp.experts.linear_fc2.weight35
[36m(WorkerDict pid=96390)[0m 	module.language_model.decoder.layers.18.mlp.experts.linear_fc2.weight59
[36m(WorkerDict pid=96390)[0m 	module.language_model.decoder.layers.16.mlp.experts.linear_fc2.weight10
[36m(WorkerDict pid=96390)[0m 	module.language_model.decoder.layers.10.mlp.experts.linear_fc2.weight26
[36m(WorkerDict pid=96390)[0m 	module.language_model.decoder.layers.11.mlp.experts.linear_fc2.weight53
[36m(WorkerDict pid=96390)[0m 	module.language_model.decoder.layers.9.mlp.experts.linear_fc2.weight1
[36m(WorkerDict pid=96390)[0m 	module.language_model.decoder.layers.8.mlp.experts.linear_fc1.weight40
[36m(WorkerDict pid=96390)[0m 	module.language_model.decoder.layers.7.mlp.experts.linear_fc1.weight15
[36m(WorkerDict pid=96390)[0m 	module.language_model.decoder.layers.2.mlp.experts.linear_fc2.weight53
[36m(WorkerDict pid=96390)[0m 	module.language_model.decoder.layers.0.mlp.experts.linear_fc2.weight4
[36m(WorkerDict pid=96390)[0m 	module.language_model.decoder.layers.0.mlp.experts.linear_fc2.weight21
[36m(WorkerDict pid=96390)[0m 	module.language_model.decoder.layers.12.mlp.experts.linear_fc1.weight56
[36m(WorkerDict pid=96390)[0m 	module.language_model.decoder.layers.18.mlp.experts.linear_fc1.weight38
[36m(WorkerDict pid=96390)[0m 	module.language_model.decoder.layers.19.mlp.experts.linear_fc2.weight1
[36m(WorkerDict pid=96390)[0m 	module.language_model.decoder.layers.17.mlp.experts.linear_fc1.weight14
[36m(WorkerDict pid=96390)[0m 	module.language_model.decoder.layers.14.mlp.experts.linear_fc2.weight42
[36m(WorkerDict pid=96390)[0m 	module.language_model.decoder.layers.13.mlp.experts.linear_fc2.weight17
[36m(WorkerDict pid=96390)[0m 	module.language_model.decoder.layers.11.mlp.experts.linear_fc1.weight32
[36m(WorkerDict pid=96390)[0m 	module.language_model.decoder.layers.10.mlp.experts.linear_fc1.weight5
[36m(WorkerDict pid=96390)[0m 	module.language_model.decoder.layers.8.mlp.experts.linear_fc2.weight60
[36m(WorkerDict pid=96390)[0m 	module.language_model.decoder.layers.7.mlp.experts.linear_fc2.weight35
[36m(WorkerDict pid=96390)[0m 	module.language_model.decoder.layers.3.mlp.experts.linear_fc1.weight9
[36m(WorkerDict pid=96390)[0m 	module.language_model.decoder.layers.0.mlp.experts.linear_fc2.weight38
[36m(WorkerDict pid=96390)[0m 	module.language_model.decoder.layers.3.mlp.experts.linear_fc1.weight26
[36m(WorkerDict pid=96390)[0m 	module.language_model.decoder.layers.0.mlp.experts.linear_fc2.weight55
[36m(WorkerDict pid=96390)[0m 	module.language_model.decoder.layers.3.mlp.experts.linear_fc1.weight43
[36m(WorkerDict pid=96390)[0m 	module.language_model.decoder.layers.11.mlp.experts.linear_fc2.weight54
[36m(WorkerDict pid=96390)[0m 	module.language_model.decoder.layers.17.mlp.experts.linear_fc2.weight36
[36m(WorkerDict pid=96390)[0m 	module.language_model.decoder.layers.18.mlp.experts.linear_fc2.weight60
[36m(WorkerDict pid=96390)[0m 	module.language_model.decoder.layers.16.mlp.experts.linear_fc2.weight11
[36m(WorkerDict pid=96390)[0m 	module.language_model.decoder.layers.15.mlp.experts.linear_fc1.weight50
[36m(WorkerDict pid=96390)[0m 	module.language_model.decoder.layers.14.mlp.experts.linear_fc1.weight23
[36m(WorkerDict pid=96390)[0m 	module.language_model.decoder.layers.10.mlp.experts.linear_fc2.weight27
[36m(WorkerDict pid=96390)[0m 	module.language_model.decoder.layers.9.mlp.experts.linear_fc2.weight2
[36m(WorkerDict pid=96390)[0m 	module.language_model.decoder.layers.8.mlp.experts.linear_fc1.weight41
[36m(WorkerDict pid=96390)[0m 	module.language_model.decoder.layers.7.mlp.experts.linear_fc1.weight16
[36m(WorkerDict pid=96390)[0m 	module.language_model.decoder.layers.3.mlp.experts.linear_fc1.weight60
[36m(WorkerDict pid=96390)[0m 	module.language_model.decoder.layers.1.mlp.experts.linear_fc1.weight8
[36m(WorkerDict pid=96390)[0m 	module.language_model.decoder.layers.3.mlp.experts.linear_fc2.weight13
[36m(WorkerDict pid=96390)[0m 	module.language_model.decoder.layers.1.mlp.experts.linear_fc1.weight25
[36m(WorkerDict pid=96390)[0m 	module.language_model.decoder.layers.11.mlp.experts.linear_fc1.weight33
[36m(WorkerDict pid=96390)[0m 	module.language_model.decoder.layers.18.mlp.experts.linear_fc1.weight39
[36m(WorkerDict pid=96390)[0m 	module.language_model.decoder.layers.19.mlp.experts.linear_fc2.weight2
[36m(WorkerDict pid=96390)[0m 	module.language_model.decoder.layers.17.mlp.experts.linear_fc1.weight15
[36m(WorkerDict pid=96390)[0m 	module.language_model.decoder.layers.14.mlp.experts.linear_fc2.weight43
[36m(WorkerDict pid=96390)[0m 	module.language_model.decoder.layers.13.mlp.experts.linear_fc2.weight18
[36m(WorkerDict pid=96390)[0m 	module.language_model.decoder.layers.12.mlp.experts.linear_fc1.weight57
[36m(WorkerDict pid=96390)[0m 	module.language_model.decoder.layers.10.mlp.experts.linear_fc1.weight6
[36m(WorkerDict pid=96390)[0m 	module.language_model.decoder.layers.8.mlp.experts.linear_fc2.weight61
[36m(WorkerDict pid=96390)[0m 	module.language_model.decoder.layers.7.mlp.experts.linear_fc2.weight36
[36m(WorkerDict pid=96390)[0m 	module.language_model.decoder.layers.5.mlp.experts.linear_fc1.weight2
[36m(WorkerDict pid=96390)[0m 	module.language_model.decoder.layers.3.mlp.experts.linear_fc2.weight30
[36m(WorkerDict pid=96390)[0m 	module.language_model.decoder.layers.1.mlp.experts.linear_fc1.weight42
[36m(WorkerDict pid=96390)[0m 	module.language_model.decoder.layers.7.mlp.experts.linear_fc2.weight7
[36m(WorkerDict pid=96390)[0m 	module.language_model.decoder.layers.5.mlp.experts.linear_fc1.weight19
[36m(WorkerDict pid=96390)[0m 	module.language_model.decoder.layers.3.mlp.experts.linear_fc2.weight47
[36m(WorkerDict pid=96390)[0m 	module.language_model.decoder.layers.1.mlp.experts.linear_fc1.weight59
[36m(WorkerDict pid=96390)[0m 	module.language_model.decoder.layers.5.mlp.experts.linear_fc1.weight36
[36m(WorkerDict pid=96390)[0m 	module.language_model.decoder.layers.0.mlp.experts.linear_fc2.weight2
[36m(WorkerDict pid=96390)[0m 	module.language_model.decoder.layers.5.mlp.experts.linear_fc1.weight53
[36m(WorkerDict pid=96390)[0m 	module.language_model.decoder.layers.10.mlp.experts.linear_fc2.weight28
[36m(WorkerDict pid=96390)[0m 	module.language_model.decoder.layers.17.mlp.experts.linear_fc2.weight37
[36m(WorkerDict pid=96390)[0m 	module.language_model.decoder.layers.18.mlp.experts.linear_fc2.weight61
[36m(WorkerDict pid=96390)[0m 	module.language_model.decoder.layers.16.mlp.experts.linear_fc2.weight12
[36m(WorkerDict pid=96390)[0m 	module.language_model.decoder.layers.11.mlp.experts.linear_fc2.weight55
[36m(WorkerDict pid=96390)[0m 	module.language_model.decoder.layers.15.mlp.experts.linear_fc1.weight51
[36m(WorkerDict pid=96390)[0m 	module.language_model.decoder.layers.14.mlp.experts.linear_fc1.weight24
[36m(WorkerDict pid=96390)[0m 	module.language_model.decoder.layers.9.mlp.experts.linear_fc2.weight3
[36m(WorkerDict pid=96390)[0m 	module.language_model.decoder.layers.8.mlp.experts.linear_fc1.weight42
[36m(WorkerDict pid=96390)[0m 	module.language_model.decoder.layers.7.mlp.experts.linear_fc1.weight17
[36m(WorkerDict pid=96390)[0m 	module.language_model.decoder.layers.5.mlp.experts.linear_fc2.weight6
[36m(WorkerDict pid=96390)[0m 	module.language_model.decoder.layers.18.mlp.experts.linear_fc1.weight40
[36m(WorkerDict pid=96390)[0m 	module.language_model.decoder.layers.19.mlp.experts.linear_fc2.weight3
[36m(WorkerDict pid=96390)[0m 	module.language_model.decoder.layers.17.mlp.experts.linear_fc1.weight16
[36m(WorkerDict pid=96390)[0m 	module.language_model.decoder.layers.14.mlp.experts.linear_fc2.weight44
[36m(WorkerDict pid=96390)[0m 	module.language_model.decoder.layers.13.mlp.experts.linear_fc2.weight19
[36m(WorkerDict pid=96390)[0m 	module.language_model.decoder.layers.11.mlp.experts.linear_fc1.weight34
[36m(WorkerDict pid=96390)[0m 	module.language_model.decoder.layers.12.mlp.experts.linear_fc1.weight58
[36m(WorkerDict pid=96390)[0m 	module.language_model.decoder.layers.10.mlp.experts.linear_fc1.weight7
[36m(WorkerDict pid=96390)[0m 	module.language_model.decoder.layers.8.mlp.experts.linear_fc2.weight62
[36m(WorkerDict pid=96390)[0m 	module.language_model.decoder.layers.7.mlp.experts.linear_fc2.weight37
[36m(WorkerDict pid=96390)[0m 	module.language_model.decoder.layers.5.mlp.experts.linear_fc2.weight23
[36m(WorkerDict pid=96390)[0m 	module.language_model.decoder.layers.5.mlp.experts.linear_fc2.weight40
[36m(WorkerDict pid=96390)[0m 	module.language_model.decoder.layers.5.mlp.experts.linear_fc2.weight57
[36m(WorkerDict pid=96390)[0m 	module.language_model.decoder.layers.6.mlp.experts.linear_fc2.weight58
[36m(WorkerDict pid=96390)[0m 	module.language_model.decoder.layers.1.mlp.experts.linear_fc2.weight19
[36m(WorkerDict pid=96390)[0m 	module.language_model.decoder.layers.1.mlp.experts.linear_fc2.weight36
[36m(WorkerDict pid=96390)[0m 	module.language_model.decoder.layers.18.mlp.experts.linear_fc2.weight62
[36m(WorkerDict pid=96390)[0m 	module.language_model.decoder.layers.17.mlp.experts.linear_fc2.weight38
[36m(WorkerDict pid=96390)[0m 	module.language_model.decoder.layers.16.mlp.experts.linear_fc2.weight13
[36m(WorkerDict pid=96390)[0m 	module.language_model.decoder.layers.10.mlp.experts.linear_fc2.weight29
[36m(WorkerDict pid=96390)[0m 	module.language_model.decoder.layers.11.mlp.experts.linear_fc2.weight56
[36m(WorkerDict pid=96390)[0m 	module.language_model.decoder.layers.15.mlp.experts.linear_fc1.weight52
[36m(WorkerDict pid=96390)[0m 	module.language_model.decoder.layers.14.mlp.experts.linear_fc1.weight25
[36m(WorkerDict pid=96390)[0m 	module.language_model.decoder.layers.13.mlp.experts.linear_fc1.weight1
[36m(WorkerDict pid=96390)[0m 	module.language_model.decoder.layers.9.mlp.experts.linear_fc2.weight4
[36m(WorkerDict pid=96390)[0m 	module.language_model.decoder.layers.8.mlp.experts.linear_fc1.weight43
[36m(WorkerDict pid=96390)[0m 	module.language_model.decoder.layers.6.mlp.experts.linear_fc1.weight11
[36m(WorkerDict pid=96390)[0m 	module.language_model.decoder.layers.1.mlp.experts.linear_fc2.weight53
[36m(WorkerDict pid=96390)[0m 	module.language_model.decoder.layers.4.mlp.experts.linear_fc1.weight7
[36m(WorkerDict pid=96390)[0m 	module.language_model.decoder.layers.18.mlp.experts.linear_fc1.weight41
[36m(WorkerDict pid=96390)[0m 	module.language_model.decoder.layers.19.mlp.experts.linear_fc2.weight4
[36m(WorkerDict pid=96390)[0m 	module.language_model.decoder.layers.17.mlp.experts.linear_fc1.weight17
[36m(WorkerDict pid=96390)[0m 	module.language_model.decoder.layers.14.mlp.experts.linear_fc2.weight45
[36m(WorkerDict pid=96390)[0m 	module.language_model.decoder.layers.13.mlp.experts.linear_fc2.weight20
[36m(WorkerDict pid=96390)[0m 	module.language_model.decoder.layers.11.mlp.experts.linear_fc1.weight35
[36m(WorkerDict pid=96390)[0m 	module.language_model.decoder.layers.12.mlp.experts.linear_fc1.weight59
[36m(WorkerDict pid=96390)[0m 	module.language_model.decoder.layers.10.mlp.experts.linear_fc1.weight8
[36m(WorkerDict pid=96390)[0m 	module.language_model.decoder.layers.8.mlp.experts.linear_fc2.weight63
[36m(WorkerDict pid=96390)[0m 	module.language_model.decoder.layers.7.mlp.experts.linear_fc2.weight38
[36m(WorkerDict pid=96390)[0m 	module.language_model.decoder.layers.4.mlp.experts.linear_fc1.weight24
[36m(WorkerDict pid=96390)[0m 	module.language_model.decoder.layers.2.mlp.experts.linear_fc1.weight7
[36m(WorkerDict pid=96390)[0m 	module.language_model.decoder.layers.4.mlp.experts.linear_fc1.weight41
[36m(WorkerDict pid=96390)[0m 	module.language_model.decoder.layers.2.mlp.experts.linear_fc1.weight24
[36m(WorkerDict pid=96390)[0m 	module.language_model.decoder.layers.4.mlp.experts.linear_fc1.weight58
[36m(WorkerDict pid=96390)[0m 	module.language_model.decoder.layers.2.mlp.experts.linear_fc1.weight41
[36m(WorkerDict pid=96390)[0m 	module.language_model.decoder.layers.6.mlp.experts.linear_fc1.weight36
[36m(WorkerDict pid=96390)[0m 	module.language_model.decoder.layers.15.mlp.experts.linear_fc1.weight53
[36m(WorkerDict pid=96390)[0m 	module.language_model.decoder.layers.14.mlp.experts.linear_fc1.weight26
[36m(WorkerDict pid=96390)[0m 	module.language_model.decoder.layers.17.mlp.experts.linear_fc2.weight39
[36m(WorkerDict pid=96390)[0m 	module.language_model.decoder.layers.18.mlp.experts.linear_fc2.weight63
[36m(WorkerDict pid=96390)[0m 	module.language_model.decoder.layers.16.mlp.experts.linear_fc2.weight14
[36m(WorkerDict pid=96390)[0m 	module.language_model.decoder.layers.10.mlp.experts.linear_fc2.weight30
[36m(WorkerDict pid=96390)[0m 	module.language_model.decoder.layers.11.mlp.experts.linear_fc2.weight57
[36m(WorkerDict pid=96390)[0m 	module.language_model.decoder.layers.9.mlp.experts.linear_fc2.weight5
[36m(WorkerDict pid=96390)[0m 	module.language_model.decoder.layers.8.mlp.experts.linear_fc1.weight44
[36m(WorkerDict pid=96390)[0m 	module.language_model.decoder.layers.7.mlp.experts.linear_fc1.weight19
[36m(WorkerDict pid=96390)[0m 	module.language_model.decoder.layers.4.mlp.experts.linear_fc2.weight11
[36m(WorkerDict pid=96390)[0m 	module.language_model.decoder.layers.2.mlp.experts.linear_fc1.weight58
[36m(WorkerDict pid=96390)[0m 	module.language_model.decoder.layers.0.mlp.experts.linear_fc1.weight9
[36m(WorkerDict pid=96390)[0m 	module.language_model.decoder.layers.6.mlp.experts.linear_fc1.weight53
[36m(WorkerDict pid=96390)[0m 	module.language_model.decoder.layers.4.mlp.experts.linear_fc2.weight28
[36m(WorkerDict pid=96390)[0m 	module.language_model.decoder.layers.12.mlp.experts.linear_fc1.weight60
[36m(WorkerDict pid=96390)[0m 	module.language_model.decoder.layers.18.mlp.experts.linear_fc1.weight42
[36m(WorkerDict pid=96390)[0m 	module.language_model.decoder.layers.19.mlp.experts.linear_fc2.weight5
[36m(WorkerDict pid=96390)[0m 	module.language_model.decoder.layers.17.mlp.experts.linear_fc1.weight18
[36m(WorkerDict pid=96390)[0m 	module.language_model.decoder.layers.14.mlp.experts.linear_fc2.weight46
[36m(WorkerDict pid=96390)[0m 	module.language_model.decoder.layers.13.mlp.experts.linear_fc2.weight21
[36m(WorkerDict pid=96390)[0m 	module.language_model.decoder.layers.11.mlp.experts.linear_fc1.weight36
[36m(WorkerDict pid=96390)[0m 	module.language_model.decoder.layers.10.mlp.experts.linear_fc1.weight9
[36m(WorkerDict pid=96390)[0m 	module.language_model.decoder.layers.7.mlp.experts.linear_fc2.weight39
[36m(WorkerDict pid=96390)[0m 	module.language_model.decoder.layers.6.mlp.experts.linear_fc2.weight12
[36m(WorkerDict pid=96390)[0m 	module.language_model.decoder.layers.6.mlp.experts.linear_fc2.weight6
[36m(WorkerDict pid=96390)[0m 	module.language_model.decoder.layers.2.mlp.experts.linear_fc2.weight11
[36m(WorkerDict pid=96390)[0m 	module.language_model.decoder.layers.4.mlp.experts.linear_fc2.weight45
[36m(WorkerDict pid=96390)[0m 	module.language_model.decoder.layers.2.mlp.experts.linear_fc2.weight28
[36m(WorkerDict pid=96390)[0m 	module.language_model.decoder.layers.0.mlp.experts.linear_fc1.weight43
[36m(WorkerDict pid=96390)[0m 	module.language_model.decoder.layers.6.mlp.experts.linear_fc2.weight23
[36m(WorkerDict pid=96390)[0m 	module.language_model.decoder.layers.4.mlp.experts.linear_fc2.weight62
[36m(WorkerDict pid=96390)[0m 	module.language_model.decoder.layers.2.mlp.experts.linear_fc2.weight37
[36m(WorkerDict pid=96390)[0m 	module.language_model.decoder.layers.0.mlp.experts.linear_fc1.weight52
[36m(WorkerDict pid=96390)[0m 	module.language_model.decoder.layers.6.mlp.experts.linear_fc2.weight57
[36m(WorkerDict pid=96390)[0m 	module.language_model.decoder.layers.11.mlp.experts.linear_fc2.weight58
[36m(WorkerDict pid=96390)[0m 	module.language_model.decoder.layers.14.mlp.experts.linear_fc1.weight27
[36m(WorkerDict pid=96390)[0m 	module.language_model.decoder.layers.13.mlp.experts.linear_fc1.weight0
[36m(WorkerDict pid=96390)[0m 	module.language_model.decoder.layers.17.mlp.experts.linear_fc2.weight40
[36m(WorkerDict pid=96390)[0m 	module.language_model.decoder.layers.16.mlp.experts.linear_fc2.weight15
[36m(WorkerDict pid=96390)[0m 	module.language_model.decoder.layers.15.mlp.experts.linear_fc1.weight54
[36m(WorkerDict pid=96390)[0m 	module.language_model.decoder.layers.10.mlp.experts.linear_fc2.weight31
[36m(WorkerDict pid=96390)[0m 	module.language_model.decoder.layers.9.mlp.experts.linear_fc2.weight6
[36m(WorkerDict pid=96390)[0m 	module.language_model.decoder.layers.8.mlp.experts.linear_fc1.weight45
[36m(WorkerDict pid=96390)[0m 	module.language_model.decoder.layers.7.mlp.experts.linear_fc1.weight20
[36m(WorkerDict pid=96390)[0m 	module.language_model.decoder.layers.2.mlp.experts.linear_fc2.weight54
[36m(WorkerDict pid=96390)[0m 	module.language_model.decoder.layers.0.mlp.experts.linear_fc2.weight5
[36m(WorkerDict pid=96390)[0m 	module.language_model.decoder.layers.0.mlp.experts.linear_fc2.weight22
[36m(WorkerDict pid=96390)[0m 	module.language_model.decoder.layers.12.mlp.experts.linear_fc1.weight61
[36m(WorkerDict pid=96390)[0m 	module.language_model.decoder.layers.19.mlp.experts.linear_fc2.weight6
[36m(WorkerDict pid=96390)[0m 	module.language_model.decoder.layers.18.mlp.experts.linear_fc1.weight43
[36m(WorkerDict pid=96390)[0m 	module.language_model.decoder.layers.17.mlp.experts.linear_fc1.weight19
[36m(WorkerDict pid=96390)[0m 	module.language_model.decoder.layers.14.mlp.experts.linear_fc2.weight47
[36m(WorkerDict pid=96390)[0m 	module.language_model.decoder.layers.13.mlp.experts.linear_fc2.weight22
[36m(WorkerDict pid=96390)[0m 	module.language_model.decoder.layers.11.mlp.experts.linear_fc1.weight37
[36m(WorkerDict pid=96390)[0m 	module.language_model.decoder.layers.10.mlp.experts.linear_fc1.weight10
[36m(WorkerDict pid=96390)[0m 	module.language_model.decoder.layers.7.mlp.experts.linear_fc2.weight40
[36m(WorkerDict pid=96390)[0m 	module.language_model.decoder.layers.6.mlp.experts.linear_fc2.weight13
[36m(WorkerDict pid=96390)[0m 	module.language_model.decoder.layers.3.mlp.experts.linear_fc1.weight10
[36m(WorkerDict pid=96390)[0m 	module.language_model.decoder.layers.0.mlp.experts.linear_fc2.weight39
[36m(WorkerDict pid=96390)[0m 	module.language_model.decoder.layers.3.mlp.experts.linear_fc1.weight27
[36m(WorkerDict pid=96390)[0m 	module.language_model.decoder.layers.0.mlp.experts.linear_fc2.weight56
[36m(WorkerDict pid=96390)[0m 	module.language_model.decoder.layers.3.mlp.experts.linear_fc1.weight44
[36m(WorkerDict pid=96390)[0m 	module.language_model.decoder.layers.10.mlp.experts.linear_fc2.weight32
[36m(WorkerDict pid=96390)[0m 	module.language_model.decoder.layers.11.mlp.experts.linear_fc2.weight59
[36m(WorkerDict pid=96390)[0m 	module.language_model.decoder.layers.17.mlp.experts.linear_fc2.weight41
[36m(WorkerDict pid=96390)[0m 	module.language_model.decoder.layers.16.mlp.experts.linear_fc2.weight16
[36m(WorkerDict pid=96390)[0m 	module.language_model.decoder.layers.15.mlp.experts.linear_fc1.weight55
[36m(WorkerDict pid=96390)[0m 	module.language_model.decoder.layers.14.mlp.experts.linear_fc1.weight28
[36m(WorkerDict pid=96390)[0m 	module.language_model.decoder.layers.13.mlp.experts.linear_fc1.weight2
[36m(WorkerDict pid=96390)[0m 	module.language_model.decoder.layers.9.mlp.experts.linear_fc2.weight7
[36m(WorkerDict pid=96390)[0m 	module.language_model.decoder.layers.8.mlp.experts.linear_fc1.weight46
[36m(WorkerDict pid=96390)[0m 	module.language_model.decoder.layers.7.mlp.experts.linear_fc1.weight21
[36m(WorkerDict pid=96390)[0m 	module.language_model.decoder.layers.3.mlp.experts.linear_fc1.weight61
[36m(WorkerDict pid=96390)[0m 	module.language_model.decoder.layers.1.mlp.experts.linear_fc1.weight9
[36m(WorkerDict pid=96390)[0m 	module.language_model.decoder.layers.0.mlp.experts.linear_fc1.weight56
[36m(WorkerDict pid=96390)[0m 	module.language_model.decoder.layers.3.mlp.experts.linear_fc2.weight14
[36m(WorkerDict pid=96390)[0m 	module.language_model.decoder.layers.1.mlp.experts.linear_fc1.weight26
[36m(WorkerDict pid=96390)[0m 	module.language_model.decoder.layers.11.mlp.experts.linear_fc1.weight38
[36m(WorkerDict pid=96390)[0m 	module.language_model.decoder.layers.19.mlp.experts.linear_fc2.weight7
[36m(WorkerDict pid=96390)[0m 	module.language_model.decoder.layers.18.mlp.experts.linear_fc1.weight44
[36m(WorkerDict pid=96390)[0m 	module.language_model.decoder.layers.17.mlp.experts.linear_fc1.weight20
[36m(WorkerDict pid=96390)[0m 	module.language_model.decoder.layers.14.mlp.experts.linear_fc2.weight48
[36m(WorkerDict pid=96390)[0m 	module.language_model.decoder.layers.13.mlp.experts.linear_fc2.weight23
[36m(WorkerDict pid=96390)[0m 	module.language_model.decoder.layers.12.mlp.experts.linear_fc1.weight62
[36m(WorkerDict pid=96390)[0m 	module.language_model.decoder.layers.10.mlp.experts.linear_fc1.weight11
[36m(WorkerDict pid=96390)[0m 	module.language_model.decoder.layers.9.mlp.experts.linear_fc1.weight3
[36m(WorkerDict pid=96390)[0m 	module.language_model.decoder.layers.7.mlp.experts.linear_fc2.weight41
[36m(WorkerDict pid=96390)[0m 	module.language_model.decoder.layers.5.mlp.experts.linear_fc1.weight3
[36m(WorkerDict pid=96390)[0m 	module.language_model.decoder.layers.3.mlp.experts.linear_fc2.weight31
[36m(WorkerDict pid=96390)[0m 	module.language_model.decoder.layers.1.mlp.experts.linear_fc1.weight43
[36m(WorkerDict pid=96390)[0m 	module.language_model.decoder.layers.5.mlp.experts.linear_fc1.weight20
[36m(WorkerDict pid=96390)[0m 	module.language_model.decoder.layers.3.mlp.experts.linear_fc2.weight48
[36m(WorkerDict pid=96390)[0m 	module.language_model.decoder.layers.1.mlp.experts.linear_fc1.weight60
[36m(WorkerDict pid=96390)[0m 	module.language_model.decoder.layers.5.mlp.experts.linear_fc1.weight37
[36m(WorkerDict pid=96390)[0m 	module.language_model.decoder.layers.5.mlp.experts.linear_fc1.weight54
[36m(WorkerDict pid=96390)[0m 	module.language_model.decoder.layers.10.mlp.experts.linear_fc2.weight33
[36m(WorkerDict pid=96390)[0m 	module.language_model.decoder.layers.13.mlp.experts.linear_fc1.weight4
[36m(WorkerDict pid=96390)[0m 	module.language_model.decoder.layers.17.mlp.experts.linear_fc2.weight42
[36m(WorkerDict pid=96390)[0m 	module.language_model.decoder.layers.19.mlp.experts.linear_fc1.weight3
[36m(WorkerDict pid=96390)[0m 	module.language_model.decoder.layers.16.mlp.experts.linear_fc2.weight17
[36m(WorkerDict pid=96390)[0m 	module.language_model.decoder.layers.11.mlp.experts.linear_fc2.weight60
[36m(WorkerDict pid=96390)[0m 	module.language_model.decoder.layers.15.mlp.experts.linear_fc1.weight56
[36m(WorkerDict pid=96390)[0m 	module.language_model.decoder.layers.14.mlp.experts.linear_fc1.weight29
[36m(WorkerDict pid=96390)[0m 	module.language_model.decoder.layers.9.mlp.experts.linear_fc2.weight8
[36m(WorkerDict pid=96390)[0m 	module.language_model.decoder.layers.8.mlp.experts.linear_fc1.weight47
[36m(WorkerDict pid=96390)[0m 	module.language_model.decoder.layers.5.mlp.experts.linear_fc2.weight1
[36m(WorkerDict pid=96390)[0m 	module.language_model.decoder.layers.7.mlp.experts.linear_fc2.weight59
[36m(WorkerDict pid=96390)[0m 	module.language_model.decoder.layers.5.mlp.experts.linear_fc2.weight7
[36m(WorkerDict pid=96390)[0m 	module.language_model.decoder.layers.12.mlp.experts.linear_fc1.weight63
[36m(WorkerDict pid=96390)[0m 	module.language_model.decoder.layers.11.mlp.experts.linear_fc1.weight39
[36m(WorkerDict pid=96390)[0m 	module.language_model.decoder.layers.18.mlp.experts.linear_fc1.weight45
[36m(WorkerDict pid=96390)[0m 	module.language_model.decoder.layers.19.mlp.experts.linear_fc2.weight8
[36m(WorkerDict pid=96390)[0m 	module.language_model.decoder.layers.17.mlp.experts.linear_fc1.weight21
[36m(WorkerDict pid=96390)[0m 	module.language_model.decoder.layers.14.mlp.experts.linear_fc2.weight49
[36m(WorkerDict pid=96390)[0m 	module.language_model.decoder.layers.13.mlp.experts.linear_fc2.weight24
[36m(WorkerDict pid=96390)[0m 	module.language_model.decoder.layers.10.mlp.experts.linear_fc1.weight12
[36m(WorkerDict pid=96390)[0m 	module.language_model.decoder.layers.7.mlp.experts.linear_fc2.weight42
[36m(WorkerDict pid=96390)[0m 	module.language_model.decoder.layers.6.mlp.experts.linear_fc2.weight15
[36m(WorkerDict pid=96390)[0m 	module.language_model.decoder.layers.5.mlp.experts.linear_fc2.weight24
[36m(WorkerDict pid=96390)[0m 	module.language_model.decoder.layers.5.mlp.experts.linear_fc2.weight41
[36m(WorkerDict pid=96390)[0m 	module.language_model.decoder.layers.5.mlp.experts.linear_fc2.weight58
[36m(WorkerDict pid=96390)[0m 	module.language_model.decoder.layers.1.mlp.experts.linear_fc2.weight20
[36m(WorkerDict pid=96390)[0m 	module.language_model.decoder.layers.17.mlp.experts.linear_fc2.weight43
[36m(WorkerDict pid=96390)[0m 	module.language_model.decoder.layers.16.mlp.experts.linear_fc2.weight18
[36m(WorkerDict pid=96390)[0m 	module.language_model.decoder.layers.13.mlp.experts.linear_fc1.weight5
[36m(WorkerDict pid=96390)[0m 	module.language_model.decoder.layers.14.mlp.experts.linear_fc1.weight30
[36m(WorkerDict pid=96390)[0m 	module.language_model.decoder.layers.11.mlp.experts.linear_fc2.weight61
[36m(WorkerDict pid=96390)[0m 	module.language_model.decoder.layers.10.mlp.experts.linear_fc2.weight34
[36m(WorkerDict pid=96390)[0m 	module.language_model.decoder.layers.15.mlp.experts.linear_fc1.weight57
[36m(WorkerDict pid=96390)[0m 	module.language_model.decoder.layers.9.mlp.experts.linear_fc2.weight9
[36m(WorkerDict pid=96390)[0m 	module.language_model.decoder.layers.8.mlp.experts.linear_fc1.weight48
[36m(WorkerDict pid=96390)[0m 	module.language_model.decoder.layers.7.mlp.experts.linear_fc1.weight23
[36m(WorkerDict pid=96390)[0m 	module.language_model.decoder.layers.1.mlp.experts.linear_fc2.weight37
[36m(WorkerDict pid=96390)[0m 	module.language_model.decoder.layers.6.mlp.experts.linear_fc1.weight12
[36m(WorkerDict pid=96390)[0m 	module.language_model.decoder.layers.1.mlp.experts.linear_fc2.weight54
[36m(WorkerDict pid=96390)[0m 	module.language_model.decoder.layers.4.mlp.experts.linear_fc1.weight8
[36m(WorkerDict pid=96390)[0m 	module.language_model.decoder.layers.19.mlp.experts.linear_fc2.weight9
[36m(WorkerDict pid=96390)[0m 	module.language_model.decoder.layers.18.mlp.experts.linear_fc1.weight46
[36m(WorkerDict pid=96390)[0m 	module.language_model.decoder.layers.17.mlp.experts.linear_fc1.weight22
[36m(WorkerDict pid=96390)[0m 	module.language_model.decoder.layers.14.mlp.experts.linear_fc2.weight50
[36m(WorkerDict pid=96390)[0m 	module.language_model.decoder.layers.13.mlp.experts.linear_fc2.weight25
[36m(WorkerDict pid=96390)[0m 	module.language_model.decoder.layers.12.mlp.experts.linear_fc2.weight0
[36m(WorkerDict pid=96390)[0m 	module.language_model.decoder.layers.11.mlp.experts.linear_fc1.weight40
[36m(WorkerDict pid=96390)[0m 	module.language_model.decoder.layers.10.mlp.experts.linear_fc1.weight13
[36m(WorkerDict pid=96390)[0m 	module.language_model.decoder.layers.7.mlp.experts.linear_fc2.weight43
[36m(WorkerDict pid=96390)[0m 	module.language_model.decoder.layers.6.mlp.experts.linear_fc2.weight16
[36m(WorkerDict pid=96390)[0m 	module.language_model.decoder.layers.4.mlp.experts.linear_fc1.weight25
[36m(WorkerDict pid=96390)[0m 	module.language_model.decoder.layers.2.mlp.experts.linear_fc1.weight8
[36m(WorkerDict pid=96390)[0m 	module.language_model.decoder.layers.4.mlp.experts.linear_fc1.weight42
[36m(WorkerDict pid=96390)[0m 	module.language_model.decoder.layers.2.mlp.experts.linear_fc1.weight25
[36m(WorkerDict pid=96390)[0m 	module.language_model.decoder.layers.4.mlp.experts.linear_fc1.weight59
[36m(WorkerDict pid=96390)[0m 	module.language_model.decoder.layers.2.mlp.experts.linear_fc2.weight41
[36m(WorkerDict pid=96390)[0m 	module.language_model.decoder.layers.2.mlp.experts.linear_fc1.weight42
[36m(WorkerDict pid=96390)[0m 	module.language_model.decoder.layers.15.mlp.experts.linear_fc1.weight58
[36m(WorkerDict pid=96390)[0m 	module.language_model.decoder.layers.14.mlp.experts.linear_fc1.weight31
[36m(WorkerDict pid=96390)[0m 	module.language_model.decoder.layers.17.mlp.experts.linear_fc2.weight44
[36m(WorkerDict pid=96390)[0m 	module.language_model.decoder.layers.16.mlp.experts.linear_fc2.weight19
[36m(WorkerDict pid=96390)[0m 	module.language_model.decoder.layers.13.mlp.experts.linear_fc1.weight6
[36m(WorkerDict pid=96390)[0m 	module.language_model.decoder.layers.10.mlp.experts.linear_fc2.weight35
[36m(WorkerDict pid=96390)[0m 	module.language_model.decoder.layers.11.mlp.experts.linear_fc2.weight62
[36m(WorkerDict pid=96390)[0m 	module.language_model.decoder.layers.9.mlp.experts.linear_fc2.weight10
[36m(WorkerDict pid=96390)[0m 	module.language_model.decoder.layers.8.mlp.experts.linear_fc1.weight49
[36m(WorkerDict pid=96390)[0m 	module.language_model.decoder.layers.7.mlp.experts.linear_fc1.weight24
[36m(WorkerDict pid=96390)[0m 	module.language_model.decoder.layers.6.mlp.experts.linear_fc1.weight37
[36m(WorkerDict pid=96390)[0m 	module.language_model.decoder.layers.4.mlp.experts.linear_fc2.weight12
[36m(WorkerDict pid=96390)[0m 	module.language_model.decoder.layers.2.mlp.experts.linear_fc1.weight59
[36m(WorkerDict pid=96390)[0m 	module.language_model.decoder.layers.0.mlp.experts.linear_fc1.weight10
[36m(WorkerDict pid=96390)[0m 	module.language_model.decoder.layers.4.mlp.experts.linear_fc2.weight29
[36m(WorkerDict pid=96390)[0m 	module.language_model.decoder.layers.12.mlp.experts.linear_fc2.weight1
[36m(WorkerDict pid=96390)[0m 	module.language_model.decoder.layers.19.mlp.experts.linear_fc2.weight10
[36m(WorkerDict pid=96390)[0m 	module.language_model.decoder.layers.18.mlp.experts.linear_fc1.weight47
[36m(WorkerDict pid=96390)[0m 	module.language_model.decoder.layers.17.mlp.experts.linear_fc1.weight23
[36m(WorkerDict pid=96390)[0m 	module.language_model.decoder.layers.14.mlp.experts.linear_fc2.weight51
[36m(WorkerDict pid=96390)[0m 	module.language_model.decoder.layers.13.mlp.experts.linear_fc2.weight26
[36m(WorkerDict pid=96390)[0m 	module.language_model.decoder.layers.11.mlp.experts.linear_fc1.weight41
[36m(WorkerDict pid=96390)[0m 	module.language_model.decoder.layers.10.mlp.experts.linear_fc1.weight14
[36m(WorkerDict pid=96390)[0m 	module.language_model.decoder.layers.7.mlp.experts.linear_fc2.weight44
[36m(WorkerDict pid=96390)[0m 	module.language_model.decoder.layers.6.mlp.experts.linear_fc2.weight17
[36m(WorkerDict pid=96390)[0m 	module.language_model.decoder.layers.6.mlp.experts.linear_fc2.weight7
[36m(WorkerDict pid=96390)[0m 	module.language_model.decoder.layers.2.mlp.experts.linear_fc2.weight12
[36m(WorkerDict pid=96390)[0m 	module.language_model.decoder.layers.0.mlp.experts.linear_fc1.weight27
[36m(WorkerDict pid=96390)[0m 	module.language_model.decoder.layers.4.mlp.experts.linear_fc2.weight46
[36m(WorkerDict pid=96390)[0m 	module.language_model.decoder.layers.2.mlp.experts.linear_fc2.weight29
[36m(WorkerDict pid=96390)[0m 	module.language_model.decoder.layers.0.mlp.experts.linear_fc1.weight44
[36m(WorkerDict pid=96390)[0m 	module.language_model.decoder.layers.6.mlp.experts.linear_fc2.weight24
[36m(WorkerDict pid=96390)[0m 	module.language_model.decoder.layers.4.mlp.experts.linear_fc2.weight63
[36m(WorkerDict pid=96390)[0m 	module.language_model.decoder.layers.2.mlp.experts.linear_fc2.weight38
[36m(WorkerDict pid=96390)[0m 	module.language_model.decoder.layers.0.mlp.experts.linear_fc1.weight53
[36m(WorkerDict pid=96390)[0m 	module.language_model.decoder.layers.11.mlp.experts.linear_fc2.weight63
[36m(WorkerDict pid=96390)[0m 	module.language_model.decoder.layers.15.mlp.experts.linear_fc1.weight59
[36m(WorkerDict pid=96390)[0m 	module.language_model.decoder.layers.14.mlp.experts.linear_fc1.weight32
[36m(WorkerDict pid=96390)[0m 	module.language_model.decoder.layers.13.mlp.experts.linear_fc1.weight7
[36m(WorkerDict pid=96390)[0m 	module.language_model.decoder.layers.17.mlp.experts.linear_fc2.weight45
[36m(WorkerDict pid=96390)[0m 	module.language_model.decoder.layers.16.mlp.experts.linear_fc2.weight20
[36m(WorkerDict pid=96390)[0m 	module.language_model.decoder.layers.10.mlp.experts.linear_fc2.weight36
[36m(WorkerDict pid=96390)[0m 	module.language_model.decoder.layers.9.mlp.experts.linear_fc2.weight11
[36m(WorkerDict pid=96390)[0m 	module.language_model.decoder.layers.8.mlp.experts.linear_fc1.weight50
[36m(WorkerDict pid=96390)[0m 	module.language_model.decoder.layers.7.mlp.experts.linear_fc1.weight25
[36m(WorkerDict pid=96390)[0m 	module.language_model.decoder.layers.2.mlp.experts.linear_fc2.weight55
[36m(WorkerDict pid=96390)[0m 	module.language_model.decoder.layers.0.mlp.experts.linear_fc2.weight6
[36m(WorkerDict pid=96390)[0m 	module.language_model.decoder.layers.0.mlp.experts.linear_fc2.weight23
[36m(WorkerDict pid=96390)[0m 	module.language_model.decoder.layers.11.mlp.experts.linear_fc1.weight42
[36m(WorkerDict pid=96390)[0m 	module.language_model.decoder.layers.12.mlp.experts.linear_fc2.weight2
[36m(WorkerDict pid=96390)[0m 	module.language_model.decoder.layers.19.mlp.experts.linear_fc2.weight11
[36m(WorkerDict pid=96390)[0m 	module.language_model.decoder.layers.18.mlp.experts.linear_fc1.weight48
[36m(WorkerDict pid=96390)[0m 	module.language_model.decoder.layers.17.mlp.experts.linear_fc1.weight24
[36m(WorkerDict pid=96390)[0m 	module.language_model.decoder.layers.14.mlp.experts.linear_fc2.weight52
[36m(WorkerDict pid=96390)[0m 	module.language_model.decoder.layers.13.mlp.experts.linear_fc2.weight27
[36m(WorkerDict pid=96390)[0m 	module.language_model.decoder.layers.10.mlp.experts.linear_fc1.weight15
[36m(WorkerDict pid=96390)[0m 	module.language_model.decoder.layers.7.mlp.experts.linear_fc2.weight45
[36m(WorkerDict pid=96390)[0m 	module.language_model.decoder.layers.6.mlp.experts.linear_fc2.weight18
[36m(WorkerDict pid=96390)[0m 	module.language_model.decoder.layers.3.mlp.experts.linear_fc1.weight11
[36m(WorkerDict pid=96390)[0m 	module.language_model.decoder.layers.0.mlp.experts.linear_fc2.weight40
[36m(WorkerDict pid=96390)[0m 	module.language_model.decoder.layers.3.mlp.experts.linear_fc1.weight28
[36m(WorkerDict pid=96390)[0m 	module.language_model.decoder.layers.0.mlp.experts.linear_fc2.weight57
[36m(WorkerDict pid=96390)[0m 	module.language_model.decoder.layers.3.mlp.experts.linear_fc1.weight45
[36m(WorkerDict pid=96390)[0m 	module.language_model.decoder.layers.10.mlp.experts.linear_fc2.weight37
[36m(WorkerDict pid=96390)[0m 	module.language_model.decoder.layers.17.mlp.experts.linear_fc2.weight46
[36m(WorkerDict pid=96390)[0m 	module.language_model.decoder.layers.16.mlp.experts.linear_fc2.weight21
[36m(WorkerDict pid=96390)[0m 	module.language_model.decoder.layers.15.mlp.experts.linear_fc1.weight60
[36m(WorkerDict pid=96390)[0m 	module.language_model.decoder.layers.14.mlp.experts.linear_fc1.weight33
[36m(WorkerDict pid=96390)[0m 	module.language_model.decoder.layers.13.mlp.experts.linear_fc1.weight8
[36m(WorkerDict pid=96390)[0m 	module.language_model.decoder.layers.9.mlp.experts.linear_fc2.weight12
[36m(WorkerDict pid=96390)[0m 	module.language_model.decoder.layers.8.mlp.experts.linear_fc1.weight51
[36m(WorkerDict pid=96390)[0m 	module.language_model.decoder.layers.7.mlp.experts.linear_fc1.weight26
[36m(WorkerDict pid=96390)[0m 	module.language_model.decoder.layers.4.mlp.experts.linear_fc2.weight55
[36m(WorkerDict pid=96390)[0m 	module.language_model.decoder.layers.3.mlp.experts.linear_fc1.weight62
[36m(WorkerDict pid=96390)[0m 	module.language_model.decoder.layers.1.mlp.experts.linear_fc1.weight10
[36m(WorkerDict pid=96390)[0m 	module.language_model.decoder.layers.3.mlp.experts.linear_fc2.weight15
[36m(WorkerDict pid=96390)[0m 	module.language_model.decoder.layers.1.mlp.experts.linear_fc1.weight27
[36m(WorkerDict pid=96390)[0m 	module.language_model.decoder.layers.11.mlp.experts.linear_fc1.weight43
[36m(WorkerDict pid=96390)[0m 	module.language_model.decoder.layers.13.mlp.experts.linear_fc2.weight28
[36m(WorkerDict pid=96390)[0m 	module.language_model.decoder.layers.12.mlp.experts.linear_fc2.weight3
[36m(WorkerDict pid=96390)[0m 	module.language_model.decoder.layers.18.mlp.experts.linear_fc1.weight49
[36m(WorkerDict pid=96390)[0m 	module.language_model.decoder.layers.19.mlp.experts.linear_fc2.weight12
[36m(WorkerDict pid=96390)[0m 	module.language_model.decoder.layers.17.mlp.experts.linear_fc1.weight25
[36m(WorkerDict pid=96390)[0m 	module.language_model.decoder.layers.16.mlp.experts.linear_fc1.weight1
[36m(WorkerDict pid=96390)[0m 	module.language_model.decoder.layers.14.mlp.experts.linear_fc2.weight53
[36m(WorkerDict pid=96390)[0m 	module.language_model.decoder.layers.10.mlp.experts.linear_fc1.weight16
[36m(WorkerDict pid=96390)[0m 	module.language_model.decoder.layers.7.mlp.experts.linear_fc2.weight46
[36m(WorkerDict pid=96390)[0m 	module.language_model.decoder.layers.5.mlp.experts.linear_fc1.weight4
[36m(WorkerDict pid=96390)[0m 	module.language_model.decoder.layers.3.mlp.experts.linear_fc2.weight32
[36m(WorkerDict pid=96390)[0m 	module.language_model.decoder.layers.1.mlp.experts.linear_fc1.weight44
[36m(WorkerDict pid=96390)[0m 	module.language_model.decoder.layers.5.mlp.experts.linear_fc1.weight21
[36m(WorkerDict pid=96390)[0m 	module.language_model.decoder.layers.3.mlp.experts.linear_fc2.weight49
[36m(WorkerDict pid=96390)[0m 	module.language_model.decoder.layers.1.mlp.experts.linear_fc1.weight61
[36m(WorkerDict pid=96390)[0m 	module.language_model.decoder.layers.5.mlp.experts.linear_fc1.weight38
[36m(WorkerDict pid=96390)[0m 	module.language_model.decoder.layers.10.mlp.experts.linear_fc2.weight38
[36m(WorkerDict pid=96390)[0m 	module.language_model.decoder.layers.17.mlp.experts.linear_fc2.weight47
[36m(WorkerDict pid=96390)[0m 	module.language_model.decoder.layers.16.mlp.experts.linear_fc2.weight22
[36m(WorkerDict pid=96390)[0m 	module.language_model.decoder.layers.15.mlp.experts.linear_fc1.weight61
[36m(WorkerDict pid=96390)[0m 	module.language_model.decoder.layers.14.mlp.experts.linear_fc1.weight34
[36m(WorkerDict pid=96390)[0m 	module.language_model.decoder.layers.13.mlp.experts.linear_fc1.weight9
[36m(WorkerDict pid=96390)[0m 	module.language_model.decoder.layers.9.mlp.experts.linear_fc2.weight13
[36m(WorkerDict pid=96390)[0m 	module.language_model.decoder.layers.8.mlp.experts.linear_fc1.weight52
[36m(WorkerDict pid=96390)[0m 	module.language_model.decoder.layers.7.mlp.experts.linear_fc1.weight27
[36m(WorkerDict pid=96390)[0m 	module.language_model.decoder.layers.6.mlp.experts.linear_fc1.weight1
[36m(WorkerDict pid=96390)[0m 	module.language_model.decoder.layers.5.mlp.experts.linear_fc1.weight55
[36m(WorkerDict pid=96390)[0m 	module.language_model.decoder.layers.5.mlp.experts.linear_fc2.weight8
[36m(WorkerDict pid=96390)[0m 	module.language_model.decoder.layers.11.mlp.experts.linear_fc1.weight44
[36m(WorkerDict pid=96390)[0m 	module.language_model.decoder.layers.18.mlp.experts.linear_fc1.weight50
[36m(WorkerDict pid=96390)[0m 	module.language_model.decoder.layers.19.mlp.experts.linear_fc2.weight13
[36m(WorkerDict pid=96390)[0m 	module.language_model.decoder.layers.17.mlp.experts.linear_fc1.weight26
[36m(WorkerDict pid=96390)[0m 	module.language_model.decoder.layers.14.mlp.experts.linear_fc2.weight54
[36m(WorkerDict pid=96390)[0m 	module.language_model.decoder.layers.13.mlp.experts.linear_fc2.weight29
[36m(WorkerDict pid=96390)[0m 	module.language_model.decoder.layers.12.mlp.experts.linear_fc2.weight4
[36m(WorkerDict pid=96390)[0m 	module.language_model.decoder.layers.10.mlp.experts.linear_fc1.weight17
[36m(WorkerDict pid=96390)[0m 	module.language_model.decoder.layers.7.mlp.experts.linear_fc2.weight47
[36m(WorkerDict pid=96390)[0m 	module.language_model.decoder.layers.6.mlp.experts.linear_fc2.weight20
[36m(WorkerDict pid=96390)[0m 	module.language_model.decoder.layers.5.mlp.experts.linear_fc2.weight25
[36m(WorkerDict pid=96390)[0m 	module.language_model.decoder.layers.5.mlp.experts.linear_fc2.weight42
[36m(WorkerDict pid=96390)[0m 	module.language_model.decoder.layers.5.mlp.experts.linear_fc2.weight59
[36m(WorkerDict pid=96390)[0m 	module.language_model.decoder.layers.1.mlp.experts.linear_fc2.weight21
[36m(WorkerDict pid=96390)[0m 	module.language_model.decoder.layers.14.mlp.experts.linear_fc1.weight35
[36m(WorkerDict pid=96390)[0m 	module.language_model.decoder.layers.13.mlp.experts.linear_fc1.weight10
[36m(WorkerDict pid=96390)[0m 	module.language_model.decoder.layers.10.mlp.experts.linear_fc2.weight39
[36m(WorkerDict pid=96390)[0m 	module.language_model.decoder.layers.17.mlp.experts.linear_fc2.weight48
[36m(WorkerDict pid=96390)[0m 	module.language_model.decoder.layers.16.mlp.experts.linear_fc2.weight23
[36m(WorkerDict pid=96390)[0m 	module.language_model.decoder.layers.15.mlp.experts.linear_fc1.weight62
[36m(WorkerDict pid=96390)[0m 	module.language_model.decoder.layers.9.mlp.experts.linear_fc2.weight14
[36m(WorkerDict pid=96390)[0m 	module.language_model.decoder.layers.8.mlp.experts.linear_fc1.weight53
[36m(WorkerDict pid=96390)[0m 	module.language_model.decoder.layers.7.mlp.experts.linear_fc1.weight28
[36m(WorkerDict pid=96390)[0m 	module.language_model.decoder.layers.4.mlp.experts.linear_fc2.weight57
[36m(WorkerDict pid=96390)[0m 	module.language_model.decoder.layers.1.mlp.experts.linear_fc2.weight38
[36m(WorkerDict pid=96390)[0m 	module.language_model.decoder.layers.6.mlp.experts.linear_fc1.weight13
[36m(WorkerDict pid=96390)[0m 	module.language_model.decoder.layers.1.mlp.experts.linear_fc2.weight55
[36m(WorkerDict pid=96390)[0m 	module.language_model.decoder.layers.13.mlp.experts.linear_fc2.weight30
[36m(WorkerDict pid=96390)[0m 	module.language_model.decoder.layers.12.mlp.experts.linear_fc2.weight5
[36m(WorkerDict pid=96390)[0m 	module.language_model.decoder.layers.19.mlp.experts.linear_fc2.weight14
[36m(WorkerDict pid=96390)[0m 	module.language_model.decoder.layers.18.mlp.experts.linear_fc1.weight51
[36m(WorkerDict pid=96390)[0m 	module.language_model.decoder.layers.17.mlp.experts.linear_fc1.weight27
[36m(WorkerDict pid=96390)[0m 	module.language_model.decoder.layers.16.mlp.experts.linear_fc1.weight0
[36m(WorkerDict pid=96390)[0m 	module.language_model.decoder.layers.14.mlp.experts.linear_fc2.weight55
[36m(WorkerDict pid=96390)[0m 	module.language_model.decoder.layers.11.mlp.experts.linear_fc1.weight45
[36m(WorkerDict pid=96390)[0m 	module.language_model.decoder.layers.10.mlp.experts.linear_fc1.weight18
[36m(WorkerDict pid=96390)[0m 	module.language_model.decoder.layers.7.mlp.experts.linear_fc2.weight48
[36m(WorkerDict pid=96390)[0m 	module.language_model.decoder.layers.4.mlp.experts.linear_fc1.weight26
[36m(WorkerDict pid=96390)[0m 	module.language_model.decoder.layers.2.mlp.experts.linear_fc1.weight9
[36m(WorkerDict pid=96390)[0m 	module.language_model.decoder.layers.4.mlp.experts.linear_fc1.weight43
[36m(WorkerDict pid=96390)[0m 	module.language_model.decoder.layers.2.mlp.experts.linear_fc1.weight26
[36m(WorkerDict pid=96390)[0m 	module.language_model.decoder.layers.4.mlp.experts.linear_fc1.weight60
[36m(WorkerDict pid=96390)[0m 	module.language_model.decoder.layers.3.mlp.experts.linear_fc1.weight48
[36m(WorkerDict pid=96390)[0m 	module.language_model.decoder.layers.12.mlp.experts.linear_fc1.weight3
[36m(WorkerDict pid=96390)[0m 	module.language_model.decoder.layers.14.mlp.experts.linear_fc1.weight36
[36m(WorkerDict pid=96390)[0m 	module.language_model.decoder.layers.13.mlp.experts.linear_fc1.weight11
[36m(WorkerDict pid=96390)[0m 	module.language_model.decoder.layers.17.mlp.experts.linear_fc2.weight49
[36m(WorkerDict pid=96390)[0m 	module.language_model.decoder.layers.16.mlp.experts.linear_fc2.weight24
[36m(WorkerDict pid=96390)[0m 	module.language_model.decoder.layers.15.mlp.experts.linear_fc1.weight63
[36m(WorkerDict pid=96390)[0m 	module.language_model.decoder.layers.10.mlp.experts.linear_fc2.weight40
[36m(WorkerDict pid=96390)[0m 	module.language_model.decoder.layers.9.mlp.experts.linear_fc2.weight15
[36m(WorkerDict pid=96390)[0m 	module.language_model.decoder.layers.8.mlp.experts.linear_fc1.weight54
[36m(WorkerDict pid=96390)[0m 	module.language_model.decoder.layers.7.mlp.experts.linear_fc1.weight29
[36m(WorkerDict pid=96390)[0m 	module.language_model.decoder.layers.6.mlp.experts.linear_fc1.weight58
[36m(WorkerDict pid=96390)[0m 	module.language_model.decoder.layers.6.mlp.experts.linear_fc1.weight38
[36m(WorkerDict pid=96390)[0m 	module.language_model.decoder.layers.4.mlp.experts.linear_fc2.weight13
[36m(WorkerDict pid=96390)[0m 	module.language_model.decoder.layers.2.mlp.experts.linear_fc1.weight60
[36m(WorkerDict pid=96390)[0m 	module.language_model.decoder.layers.0.mlp.experts.linear_fc1.weight11
[36m(WorkerDict pid=96390)[0m 	module.language_model.decoder.layers.4.mlp.experts.linear_fc2.weight30
[36m(WorkerDict pid=96390)[0m 	module.language_model.decoder.layers.11.mlp.experts.linear_fc1.weight46
[36m(WorkerDict pid=96390)[0m 	module.language_model.decoder.layers.13.mlp.experts.linear_fc2.weight31
[36m(WorkerDict pid=96390)[0m 	module.language_model.decoder.layers.12.mlp.experts.linear_fc2.weight6
[36m(WorkerDict pid=96390)[0m 	module.language_model.decoder.layers.19.mlp.experts.linear_fc2.weight15
[36m(WorkerDict pid=96390)[0m 	module.language_model.decoder.layers.18.mlp.experts.linear_fc1.weight52
[36m(WorkerDict pid=96390)[0m 	module.language_model.decoder.layers.17.mlp.experts.linear_fc1.weight28
[36m(WorkerDict pid=96390)[0m 	module.language_model.decoder.layers.16.mlp.experts.linear_fc1.weight2
[36m(WorkerDict pid=96390)[0m 	module.language_model.decoder.layers.14.mlp.experts.linear_fc2.weight56
[36m(WorkerDict pid=96390)[0m 	module.language_model.decoder.layers.10.mlp.experts.linear_fc1.weight19
[36m(WorkerDict pid=96390)[0m 	module.language_model.decoder.layers.7.mlp.experts.linear_fc2.weight49
[36m(WorkerDict pid=96390)[0m 	module.language_model.decoder.layers.6.mlp.experts.linear_fc2.weight8
[36m(WorkerDict pid=96390)[0m 	module.language_model.decoder.layers.2.mlp.experts.linear_fc2.weight13
[36m(WorkerDict pid=96390)[0m 	module.language_model.decoder.layers.0.mlp.experts.linear_fc1.weight28
[36m(WorkerDict pid=96390)[0m 	module.language_model.decoder.layers.4.mlp.experts.linear_fc2.weight47
[36m(WorkerDict pid=96390)[0m 	module.language_model.decoder.layers.2.mlp.experts.linear_fc2.weight30
[36m(WorkerDict pid=96390)[0m 	module.language_model.decoder.layers.0.mlp.experts.linear_fc1.weight45
[36m(WorkerDict pid=96390)[0m 	module.language_model.decoder.layers.6.mlp.experts.linear_fc2.weight25
[36m(WorkerDict pid=96390)[0m 	module.language_model.decoder.layers.2.mlp.experts.linear_fc2.weight39
[36m(WorkerDict pid=96390)[0m 	module.language_model.decoder.layers.0.mlp.experts.linear_fc1.weight54
[36m(WorkerDict pid=96390)[0m 	module.language_model.decoder.layers.10.mlp.experts.linear_fc2.weight41
[36m(WorkerDict pid=96390)[0m 	module.language_model.decoder.layers.15.mlp.experts.linear_fc2.weight0
[36m(WorkerDict pid=96390)[0m 	module.language_model.decoder.layers.14.mlp.experts.linear_fc1.weight37
[36m(WorkerDict pid=96390)[0m 	module.language_model.decoder.layers.13.mlp.experts.linear_fc1.weight12
[36m(WorkerDict pid=96390)[0m 	module.language_model.decoder.layers.17.mlp.experts.linear_fc2.weight50
[36m(WorkerDict pid=96390)[0m 	module.language_model.decoder.layers.16.mlp.experts.linear_fc2.weight25
[36m(WorkerDict pid=96390)[0m 	module.language_model.decoder.layers.9.mlp.experts.linear_fc2.weight16
[36m(WorkerDict pid=96390)[0m 	module.language_model.decoder.layers.8.mlp.experts.linear_fc1.weight55
[36m(WorkerDict pid=96390)[0m 	module.language_model.decoder.layers.7.mlp.experts.linear_fc1.weight30
[36m(WorkerDict pid=96390)[0m 	module.language_model.decoder.layers.6.mlp.experts.linear_fc2.weight59
[36m(WorkerDict pid=96390)[0m 	module.language_model.decoder.layers.2.mlp.experts.linear_fc2.weight56
[36m(WorkerDict pid=96390)[0m 	module.language_model.decoder.layers.0.mlp.experts.linear_fc2.weight7
[36m(WorkerDict pid=96390)[0m 	module.language_model.decoder.layers.11.mlp.experts.linear_fc1.weight47
[36m(WorkerDict pid=96390)[0m 	module.language_model.decoder.layers.13.mlp.experts.linear_fc2.weight32
[36m(WorkerDict pid=96390)[0m 	module.language_model.decoder.layers.12.mlp.experts.linear_fc2.weight7
[36m(WorkerDict pid=96390)[0m 	module.language_model.decoder.layers.18.mlp.experts.linear_fc1.weight53
[36m(WorkerDict pid=96390)[0m 	module.language_model.decoder.layers.19.mlp.experts.linear_fc2.weight16
[36m(WorkerDict pid=96390)[0m 	module.language_model.decoder.layers.17.mlp.experts.linear_fc1.weight29
[36m(WorkerDict pid=96390)[0m 	module.language_model.decoder.layers.16.mlp.experts.linear_fc1.weight4
[36m(WorkerDict pid=96390)[0m 	module.language_model.decoder.layers.14.mlp.experts.linear_fc2.weight57
[36m(WorkerDict pid=96390)[0m 	module.language_model.decoder.layers.10.mlp.experts.linear_fc1.weight20
[36m(WorkerDict pid=96390)[0m 	module.language_model.decoder.layers.7.mlp.experts.linear_fc2.weight50
[36m(WorkerDict pid=96390)[0m 	module.language_model.decoder.layers.0.mlp.experts.linear_fc2.weight24
[36m(WorkerDict pid=96390)[0m 	module.language_model.decoder.layers.3.mlp.experts.linear_fc1.weight12
[36m(WorkerDict pid=96390)[0m 	module.language_model.decoder.layers.0.mlp.experts.linear_fc2.weight41
[36m(WorkerDict pid=96390)[0m 	module.language_model.decoder.layers.3.mlp.experts.linear_fc1.weight29
[36m(WorkerDict pid=96390)[0m 	module.language_model.decoder.layers.0.mlp.experts.linear_fc2.weight58
[36m(WorkerDict pid=96390)[0m 	module.language_model.decoder.layers.3.mlp.experts.linear_fc1.weight46
[36m(WorkerDict pid=96390)[0m 	module.language_model.decoder.layers.10.mlp.experts.linear_fc2.weight42
[36m(WorkerDict pid=96390)[0m 	module.language_model.decoder.layers.14.mlp.experts.linear_fc1.weight38
[36m(WorkerDict pid=96390)[0m 	module.language_model.decoder.layers.13.mlp.experts.linear_fc1.weight13
[36m(WorkerDict pid=96390)[0m 	module.language_model.decoder.layers.17.mlp.experts.linear_fc2.weight51
[36m(WorkerDict pid=96390)[0m 	module.language_model.decoder.layers.16.mlp.experts.linear_fc2.weight26
[36m(WorkerDict pid=96390)[0m 	module.language_model.decoder.layers.15.mlp.experts.linear_fc2.weight1
[36m(WorkerDict pid=96390)[0m 	module.language_model.decoder.layers.9.mlp.experts.linear_fc2.weight17
[36m(WorkerDict pid=96390)[0m 	module.language_model.decoder.layers.8.mlp.experts.linear_fc1.weight56
[36m(WorkerDict pid=96390)[0m 	module.language_model.decoder.layers.7.mlp.experts.linear_fc1.weight31
[36m(WorkerDict pid=96390)[0m 	module.language_model.decoder.layers.6.mlp.experts.linear_fc1.weight4
[36m(WorkerDict pid=96390)[0m 	module.language_model.decoder.layers.3.mlp.experts.linear_fc1.weight63
[36m(WorkerDict pid=96390)[0m 	module.language_model.decoder.layers.1.mlp.experts.linear_fc1.weight11
[36m(WorkerDict pid=96390)[0m 	module.language_model.decoder.layers.11.mlp.experts.linear_fc1.weight48
[36m(WorkerDict pid=96390)[0m 	module.language_model.decoder.layers.13.mlp.experts.linear_fc2.weight33
[36m(WorkerDict pid=96390)[0m 	module.language_model.decoder.layers.12.mlp.experts.linear_fc2.weight8
[36m(WorkerDict pid=96390)[0m 	module.language_model.decoder.layers.18.mlp.experts.linear_fc1.weight54
[36m(WorkerDict pid=96390)[0m 	module.language_model.decoder.layers.19.mlp.experts.linear_fc2.weight17
[36m(WorkerDict pid=96390)[0m 	module.language_model.decoder.layers.17.mlp.experts.linear_fc1.weight30
[36m(WorkerDict pid=96390)[0m 	module.language_model.decoder.layers.16.mlp.experts.linear_fc1.weight5
[36m(WorkerDict pid=96390)[0m 	module.language_model.decoder.layers.14.mlp.experts.linear_fc2.weight58
[36m(WorkerDict pid=96390)[0m 	module.language_model.decoder.layers.10.mlp.experts.linear_fc1.weight21
[36m(WorkerDict pid=96390)[0m 	module.language_model.decoder.layers.7.mlp.experts.linear_fc2.weight51
[36m(WorkerDict pid=96390)[0m 	module.language_model.decoder.layers.5.mlp.experts.linear_fc1.weight5
[36m(WorkerDict pid=96390)[0m 	module.language_model.decoder.layers.3.mlp.experts.linear_fc2.weight33
[36m(WorkerDict pid=96390)[0m 	module.language_model.decoder.layers.1.mlp.experts.linear_fc1.weight45
[36m(WorkerDict pid=96390)[0m 	module.language_model.decoder.layers.5.mlp.experts.linear_fc1.weight22
[36m(WorkerDict pid=96390)[0m 	module.language_model.decoder.layers.3.mlp.experts.linear_fc2.weight50
[36m(WorkerDict pid=96390)[0m 	module.language_model.decoder.layers.1.mlp.experts.linear_fc1.weight62
[36m(WorkerDict pid=96390)[0m 	module.language_model.decoder.layers.5.mlp.experts.linear_fc1.weight39
[36m(WorkerDict pid=96390)[0m 	module.language_model.decoder.layers.14.mlp.experts.linear_fc1.weight39
[36m(WorkerDict pid=96390)[0m 	module.language_model.decoder.layers.13.mlp.experts.linear_fc1.weight14
[36m(WorkerDict pid=96390)[0m 	module.language_model.decoder.layers.10.mlp.experts.linear_fc2.weight43
[36m(WorkerDict pid=96390)[0m 	module.language_model.decoder.layers.17.mlp.experts.linear_fc2.weight52
[36m(WorkerDict pid=96390)[0m 	module.language_model.decoder.layers.16.mlp.experts.linear_fc2.weight27
[36m(WorkerDict pid=96390)[0m 	module.language_model.decoder.layers.15.mlp.experts.linear_fc2.weight2
[36m(WorkerDict pid=96390)[0m 	module.language_model.decoder.layers.9.mlp.experts.linear_fc2.weight18
[36m(WorkerDict pid=96390)[0m 	module.language_model.decoder.layers.8.mlp.experts.linear_fc1.weight57
[36m(WorkerDict pid=96390)[0m 	module.language_model.decoder.layers.7.mlp.experts.linear_fc1.weight32
[36m(WorkerDict pid=96390)[0m 	module.language_model.decoder.layers.6.mlp.experts.linear_fc1.weight5
[36m(WorkerDict pid=96390)[0m 	module.language_model.decoder.layers.5.mlp.experts.linear_fc1.weight56
[36m(WorkerDict pid=96390)[0m 	module.language_model.decoder.layers.5.mlp.experts.linear_fc2.weight9
[36m(WorkerDict pid=96390)[0m 	module.language_model.decoder.layers.13.mlp.experts.linear_fc2.weight34
[36m(WorkerDict pid=96390)[0m 	module.language_model.decoder.layers.12.mlp.experts.linear_fc2.weight9
[36m(WorkerDict pid=96390)[0m 	module.language_model.decoder.layers.11.mlp.experts.linear_fc1.weight49
[36m(WorkerDict pid=96390)[0m 	module.language_model.decoder.layers.18.mlp.experts.linear_fc1.weight55
[36m(WorkerDict pid=96390)[0m 	module.language_model.decoder.layers.19.mlp.experts.linear_fc2.weight18
[36m(WorkerDict pid=96390)[0m 	module.language_model.decoder.layers.17.mlp.experts.linear_fc1.weight31
[36m(WorkerDict pid=96390)[0m 	module.language_model.decoder.layers.16.mlp.experts.linear_fc1.weight6
[36m(WorkerDict pid=96390)[0m 	module.language_model.decoder.layers.14.mlp.experts.linear_fc2.weight59
[36m(WorkerDict pid=96390)[0m 	module.language_model.decoder.layers.10.mlp.experts.linear_fc1.weight22
[36m(WorkerDict pid=96390)[0m 	module.language_model.decoder.layers.7.mlp.experts.linear_fc2.weight52
[36m(WorkerDict pid=96390)[0m 	module.language_model.decoder.layers.5.mlp.experts.linear_fc2.weight26
[36m(WorkerDict pid=96390)[0m 	module.language_model.decoder.layers.5.mlp.experts.linear_fc2.weight43
[36m(WorkerDict pid=96390)[0m 	module.language_model.decoder.layers.5.mlp.experts.linear_fc2.weight60
[36m(WorkerDict pid=96390)[0m 	module.language_model.decoder.layers.1.mlp.experts.linear_fc2.weight22
[36m(WorkerDict pid=96390)[0m 	module.language_model.decoder.layers.13.mlp.experts.linear_fc1.weight15
[36m(WorkerDict pid=96390)[0m 	module.language_model.decoder.layers.14.mlp.experts.linear_fc1.weight40
[36m(WorkerDict pid=96390)[0m 	module.language_model.decoder.layers.10.mlp.experts.linear_fc2.weight44
[36m(WorkerDict pid=96390)[0m 	module.language_model.decoder.layers.17.mlp.experts.linear_fc2.weight53
[36m(WorkerDict pid=96390)[0m 	module.language_model.decoder.layers.16.mlp.experts.linear_fc2.weight28
[36m(WorkerDict pid=96390)[0m 	module.language_model.decoder.layers.15.mlp.experts.linear_fc2.weight3
[36m(WorkerDict pid=96390)[0m 	module.language_model.decoder.layers.9.mlp.experts.linear_fc2.weight19
[36m(WorkerDict pid=96390)[0m 	module.language_model.decoder.layers.8.mlp.experts.linear_fc1.weight58
[36m(WorkerDict pid=96390)[0m 	module.language_model.decoder.layers.7.mlp.experts.linear_fc1.weight33
[36m(WorkerDict pid=96390)[0m 	module.language_model.decoder.layers.6.mlp.experts.linear_fc1.weight6
[36m(WorkerDict pid=96390)[0m 	module.language_model.decoder.layers.1.mlp.experts.linear_fc2.weight39
[36m(WorkerDict pid=96390)[0m 	module.language_model.decoder.layers.6.mlp.experts.linear_fc1.weight14
[36m(WorkerDict pid=96390)[0m 	module.language_model.decoder.layers.1.mlp.experts.linear_fc2.weight56
[36m(WorkerDict pid=96390)[0m 	module.language_model.decoder.layers.12.mlp.experts.linear_fc2.weight10
[36m(WorkerDict pid=96390)[0m 	module.language_model.decoder.layers.13.mlp.experts.linear_fc2.weight35
[36m(WorkerDict pid=96390)[0m 	module.language_model.decoder.layers.11.mlp.experts.linear_fc1.weight50
[36m(WorkerDict pid=96390)[0m 	module.language_model.decoder.layers.18.mlp.experts.linear_fc1.weight56
[36m(WorkerDict pid=96390)[0m 	module.language_model.decoder.layers.19.mlp.experts.linear_fc2.weight19
[36m(WorkerDict pid=96390)[0m 	module.language_model.decoder.layers.17.mlp.experts.linear_fc1.weight32
[36m(WorkerDict pid=96390)[0m 	module.language_model.decoder.layers.16.mlp.experts.linear_fc1.weight7
[36m(WorkerDict pid=96390)[0m 	module.language_model.decoder.layers.14.mlp.experts.linear_fc2.weight60
[36m(WorkerDict pid=96390)[0m 	module.language_model.decoder.layers.10.mlp.experts.linear_fc1.weight23
[36m(WorkerDict pid=96390)[0m 	module.language_model.decoder.layers.7.mlp.experts.linear_fc2.weight53
[36m(WorkerDict pid=96390)[0m 	module.language_model.decoder.layers.4.mlp.experts.linear_fc1.weight10
[36m(WorkerDict pid=96390)[0m 	module.language_model.decoder.layers.4.mlp.experts.linear_fc1.weight27
[36m(WorkerDict pid=96390)[0m 	module.language_model.decoder.layers.2.mlp.experts.linear_fc1.weight10
[36m(WorkerDict pid=96390)[0m 	module.language_model.decoder.layers.4.mlp.experts.linear_fc1.weight44
[36m(WorkerDict pid=96390)[0m 	module.language_model.decoder.layers.2.mlp.experts.linear_fc1.weight27
[36m(WorkerDict pid=96390)[0m 	module.language_model.decoder.layers.4.mlp.experts.linear_fc1.weight61
[36m(WorkerDict pid=96390)[0m 	module.language_model.decoder.layers.17.mlp.experts.linear_fc2.weight54
[36m(WorkerDict pid=96390)[0m 	module.language_model.decoder.layers.19.mlp.experts.linear_fc1.weight1
[36m(WorkerDict pid=96390)[0m 	module.language_model.decoder.layers.16.mlp.experts.linear_fc2.weight29
[36m(WorkerDict pid=96390)[0m 	module.language_model.decoder.layers.13.mlp.experts.linear_fc1.weight16
[36m(WorkerDict pid=96390)[0m 	module.language_model.decoder.layers.15.mlp.experts.linear_fc2.weight4
[36m(WorkerDict pid=96390)[0m 	module.language_model.decoder.layers.14.mlp.experts.linear_fc1.weight41
[36m(WorkerDict pid=96390)[0m 	module.language_model.decoder.layers.10.mlp.experts.linear_fc2.weight45
[36m(WorkerDict pid=96390)[0m 	module.language_model.decoder.layers.9.mlp.experts.linear_fc2.weight20
[36m(WorkerDict pid=96390)[0m 	module.language_model.decoder.layers.8.mlp.experts.linear_fc1.weight59
[36m(WorkerDict pid=96390)[0m 	module.language_model.decoder.layers.7.mlp.experts.linear_fc1.weight34
[36m(WorkerDict pid=96390)[0m 	module.language_model.decoder.layers.6.mlp.experts.linear_fc1.weight39
[36m(WorkerDict pid=96390)[0m 	module.language_model.decoder.layers.2.mlp.experts.linear_fc1.weight44
[36m(WorkerDict pid=96390)[0m 	module.language_model.decoder.layers.4.mlp.experts.linear_fc2.weight14
[36m(WorkerDict pid=96390)[0m 	module.language_model.decoder.layers.2.mlp.experts.linear_fc1.weight61
[36m(WorkerDict pid=96390)[0m 	module.language_model.decoder.layers.0.mlp.experts.linear_fc1.weight12
[36m(WorkerDict pid=96390)[0m 	module.language_model.decoder.layers.19.mlp.experts.linear_fc2.weight20
[36m(WorkerDict pid=96390)[0m 	module.language_model.decoder.layers.18.mlp.experts.linear_fc1.weight57
[36m(WorkerDict pid=96390)[0m 	module.language_model.decoder.layers.17.mlp.experts.linear_fc1.weight33
[36m(WorkerDict pid=96390)[0m 	module.language_model.decoder.layers.16.mlp.experts.linear_fc1.weight8
[36m(WorkerDict pid=96390)[0m 	module.language_model.decoder.layers.12.mlp.experts.linear_fc2.weight11
[36m(WorkerDict pid=96390)[0m 	module.language_model.decoder.layers.11.mlp.experts.linear_fc1.weight51
[36m(WorkerDict pid=96390)[0m 	module.language_model.decoder.layers.14.mlp.experts.linear_fc2.weight61
[36m(WorkerDict pid=96390)[0m 	module.language_model.decoder.layers.13.mlp.experts.linear_fc2.weight36
[36m(WorkerDict pid=96390)[0m 	module.language_model.decoder.layers.10.mlp.experts.linear_fc1.weight24
[36m(WorkerDict pid=96390)[0m 	module.language_model.decoder.layers.7.mlp.experts.linear_fc2.weight54
[36m(WorkerDict pid=96390)[0m 	module.language_model.decoder.layers.4.mlp.experts.linear_fc2.weight31
[36m(WorkerDict pid=96390)[0m 	module.language_model.decoder.layers.2.mlp.experts.linear_fc2.weight14
[36m(WorkerDict pid=96390)[0m 	module.language_model.decoder.layers.0.mlp.experts.linear_fc1.weight29
[36m(WorkerDict pid=96390)[0m 	module.language_model.decoder.layers.6.mlp.experts.linear_fc2.weight9
[36m(WorkerDict pid=96390)[0m 	module.language_model.decoder.layers.4.mlp.experts.linear_fc2.weight48
[36m(WorkerDict pid=96390)[0m 	module.language_model.decoder.layers.6.mlp.experts.linear_fc2.weight26
[36m(WorkerDict pid=96390)[0m 	module.language_model.decoder.layers.6.mlp.experts.linear_fc2.weight43
[36m(WorkerDict pid=96390)[0m 	module.language_model.decoder.layers.2.mlp.experts.linear_fc2.weight40
[36m(WorkerDict pid=96390)[0m 	module.language_model.decoder.layers.0.mlp.experts.linear_fc1.weight55
[36m(WorkerDict pid=96390)[0m 	module.language_model.decoder.layers.17.mlp.experts.linear_fc2.weight55
[36m(WorkerDict pid=96390)[0m 	module.language_model.decoder.layers.16.mlp.experts.linear_fc2.weight30
[36m(WorkerDict pid=96390)[0m 	module.language_model.decoder.layers.15.mlp.experts.linear_fc2.weight5
[36m(WorkerDict pid=96390)[0m 	module.language_model.decoder.layers.10.mlp.experts.linear_fc2.weight46
[36m(WorkerDict pid=96390)[0m 	module.language_model.decoder.layers.14.mlp.experts.linear_fc1.weight42
[36m(WorkerDict pid=96390)[0m 	module.language_model.decoder.layers.13.mlp.experts.linear_fc1.weight17
[36m(WorkerDict pid=96390)[0m 	module.language_model.decoder.layers.9.mlp.experts.linear_fc2.weight21
[36m(WorkerDict pid=96390)[0m 	module.language_model.decoder.layers.8.mlp.experts.linear_fc1.weight60
[36m(WorkerDict pid=96390)[0m 	module.language_model.decoder.layers.7.mlp.experts.linear_fc1.weight35
[36m(WorkerDict pid=96390)[0m 	module.language_model.decoder.layers.6.mlp.experts.linear_fc2.weight60
[36m(WorkerDict pid=96390)[0m 	module.language_model.decoder.layers.2.mlp.experts.linear_fc2.weight57
[36m(WorkerDict pid=96390)[0m 	module.language_model.decoder.layers.0.mlp.experts.linear_fc2.weight8
[36m(WorkerDict pid=96390)[0m 	module.language_model.decoder.layers.18.mlp.experts.linear_fc1.weight58
[36m(WorkerDict pid=96390)[0m 	module.language_model.decoder.layers.19.mlp.experts.linear_fc2.weight21
[36m(WorkerDict pid=96390)[0m 	module.language_model.decoder.layers.17.mlp.experts.linear_fc1.weight34
[36m(WorkerDict pid=96390)[0m 	module.language_model.decoder.layers.16.mlp.experts.linear_fc1.weight9
[36m(WorkerDict pid=96390)[0m 	module.language_model.decoder.layers.11.mlp.experts.linear_fc1.weight52
[36m(WorkerDict pid=96390)[0m 	module.language_model.decoder.layers.14.mlp.experts.linear_fc2.weight62
[36m(WorkerDict pid=96390)[0m 	module.language_model.decoder.layers.13.mlp.experts.linear_fc2.weight37
[36m(WorkerDict pid=96390)[0m 	module.language_model.decoder.layers.12.mlp.experts.linear_fc2.weight12
[36m(WorkerDict pid=96390)[0m 	module.language_model.decoder.layers.10.mlp.experts.linear_fc1.weight25
[36m(WorkerDict pid=96390)[0m 	module.language_model.decoder.layers.9.mlp.experts.linear_fc1.weight1
[36m(WorkerDict pid=96390)[0m 	module.language_model.decoder.layers.0.mlp.experts.linear_fc2.weight25
[36m(WorkerDict pid=96390)[0m 	module.language_model.decoder.layers.3.mlp.experts.linear_fc1.weight13
[36m(WorkerDict pid=96390)[0m 	module.language_model.decoder.layers.0.mlp.experts.linear_fc2.weight42
[36m(WorkerDict pid=96390)[0m 	module.language_model.decoder.layers.3.mlp.experts.linear_fc1.weight30
[36m(WorkerDict pid=96390)[0m 	module.language_model.decoder.layers.0.mlp.experts.linear_fc2.weight59
[36m(WorkerDict pid=96390)[0m 	module.language_model.decoder.layers.3.mlp.experts.linear_fc1.weight47
[36m(WorkerDict pid=96390)[0m 	module.language_model.decoder.layers.15.mlp.experts.linear_fc2.weight6
[36m(WorkerDict pid=96390)[0m 	module.language_model.decoder.layers.14.mlp.experts.linear_fc1.weight43
[36m(WorkerDict pid=96390)[0m 	module.language_model.decoder.layers.13.mlp.experts.linear_fc1.weight18
[36m(WorkerDict pid=96390)[0m 	module.language_model.decoder.layers.17.mlp.experts.linear_fc2.weight56
[36m(WorkerDict pid=96390)[0m 	module.language_model.decoder.layers.19.mlp.experts.linear_fc1.weight0
[36m(WorkerDict pid=96390)[0m 	module.language_model.decoder.layers.16.mlp.experts.linear_fc2.weight31
[36m(WorkerDict pid=96390)[0m 	module.language_model.decoder.layers.10.mlp.experts.linear_fc2.weight47
[36m(WorkerDict pid=96390)[0m 	module.language_model.decoder.layers.9.mlp.experts.linear_fc2.weight22
[36m(WorkerDict pid=96390)[0m 	module.language_model.decoder.layers.8.mlp.experts.linear_fc1.weight61
[36m(WorkerDict pid=96390)[0m 	module.language_model.decoder.layers.7.mlp.experts.linear_fc1.weight36
[36m(WorkerDict pid=96390)[0m 	module.language_model.decoder.layers.3.mlp.experts.linear_fc2.weight0
[36m(WorkerDict pid=96390)[0m 	module.language_model.decoder.layers.1.mlp.experts.linear_fc1.weight12
[36m(WorkerDict pid=96390)[0m 	module.language_model.decoder.layers.14.mlp.experts.linear_fc2.weight63
[36m(WorkerDict pid=96390)[0m 	module.language_model.decoder.layers.13.mlp.experts.linear_fc2.weight38
[36m(WorkerDict pid=96390)[0m 	module.language_model.decoder.layers.12.mlp.experts.linear_fc2.weight13
[36m(WorkerDict pid=96390)[0m 	module.language_model.decoder.layers.18.mlp.experts.linear_fc1.weight59
[36m(WorkerDict pid=96390)[0m 	module.language_model.decoder.layers.19.mlp.experts.linear_fc2.weight22
[36m(WorkerDict pid=96390)[0m 	module.language_model.decoder.layers.17.mlp.experts.linear_fc1.weight35
[36m(WorkerDict pid=96390)[0m 	module.language_model.decoder.layers.16.mlp.experts.linear_fc1.weight10
[36m(WorkerDict pid=96390)[0m 	module.language_model.decoder.layers.11.mlp.experts.linear_fc1.weight53
[36m(WorkerDict pid=96390)[0m 	module.language_model.decoder.layers.10.mlp.experts.linear_fc1.weight26
[36m(WorkerDict pid=96390)[0m 	module.language_model.decoder.layers.7.mlp.experts.linear_fc2.weight56
[36m(WorkerDict pid=96390)[0m 	module.language_model.decoder.layers.3.mlp.experts.linear_fc2.weight17
[36m(WorkerDict pid=96390)[0m 	module.language_model.decoder.layers.1.mlp.experts.linear_fc1.weight29
[36m(WorkerDict pid=96390)[0m 	module.language_model.decoder.layers.5.mlp.experts.linear_fc1.weight6
[36m(WorkerDict pid=96390)[0m 	module.language_model.decoder.layers.3.mlp.experts.linear_fc2.weight34
[36m(WorkerDict pid=96390)[0m 	module.language_model.decoder.layers.1.mlp.experts.linear_fc1.weight46
[36m(WorkerDict pid=96390)[0m 	module.language_model.decoder.layers.5.mlp.experts.linear_fc1.weight23
[36m(WorkerDict pid=96390)[0m 	module.language_model.decoder.layers.3.mlp.experts.linear_fc2.weight51
[36m(WorkerDict pid=96390)[0m 	module.language_model.decoder.layers.1.mlp.experts.linear_fc1.weight63
[36m(WorkerDict pid=96390)[0m 	module.language_model.decoder.layers.5.mlp.experts.linear_fc1.weight40
[36m(WorkerDict pid=96390)[0m 	module.language_model.decoder.layers.17.mlp.experts.linear_fc2.weight57
[36m(WorkerDict pid=96390)[0m 	module.language_model.decoder.layers.19.mlp.experts.linear_fc1.weight2
[36m(WorkerDict pid=96390)[0m 	module.language_model.decoder.layers.16.mlp.experts.linear_fc2.weight32
[36m(WorkerDict pid=96390)[0m 	module.language_model.decoder.layers.15.mlp.experts.linear_fc2.weight7
[36m(WorkerDict pid=96390)[0m 	module.language_model.decoder.layers.14.mlp.experts.linear_fc1.weight44
[36m(WorkerDict pid=96390)[0m 	module.language_model.decoder.layers.13.mlp.experts.linear_fc1.weight19
[36m(WorkerDict pid=96390)[0m 	module.language_model.decoder.layers.10.mlp.experts.linear_fc2.weight48
[36m(WorkerDict pid=96390)[0m 	module.language_model.decoder.layers.9.mlp.experts.linear_fc2.weight23
[36m(WorkerDict pid=96390)[0m 	module.language_model.decoder.layers.8.mlp.experts.linear_fc1.weight62
[36m(WorkerDict pid=96390)[0m 	module.language_model.decoder.layers.7.mlp.experts.linear_fc1.weight37
[36m(WorkerDict pid=96390)[0m 	module.language_model.decoder.layers.5.mlp.experts.linear_fc1.weight57
[36m(WorkerDict pid=96390)[0m 	module.language_model.decoder.layers.5.mlp.experts.linear_fc2.weight10
[36m(WorkerDict pid=96390)[0m 	module.language_model.decoder.layers.19.mlp.experts.linear_fc2.weight23
[36m(WorkerDict pid=96390)[0m 	module.language_model.decoder.layers.18.mlp.experts.linear_fc1.weight60
[36m(WorkerDict pid=96390)[0m 	module.language_model.decoder.layers.17.mlp.experts.linear_fc1.weight36
[36m(WorkerDict pid=96390)[0m 	module.language_model.decoder.layers.16.mlp.experts.linear_fc1.weight11
[36m(WorkerDict pid=96390)[0m 	module.language_model.decoder.layers.13.mlp.experts.linear_fc2.weight39
[36m(WorkerDict pid=96390)[0m 	module.language_model.decoder.layers.12.mlp.experts.linear_fc2.weight14
[36m(WorkerDict pid=96390)[0m 	module.language_model.decoder.layers.11.mlp.experts.linear_fc1.weight54
[36m(WorkerDict pid=96390)[0m 	module.language_model.decoder.layers.10.mlp.experts.linear_fc1.weight27
[36m(WorkerDict pid=96390)[0m 	module.language_model.decoder.layers.9.mlp.experts.linear_fc1.weight0
[36m(WorkerDict pid=96390)[0m 	module.language_model.decoder.layers.7.mlp.experts.linear_fc2.weight57
[36m(WorkerDict pid=96390)[0m 	module.language_model.decoder.layers.5.mlp.experts.linear_fc2.weight27
[36m(WorkerDict pid=96390)[0m 	module.language_model.decoder.layers.0.mlp.experts.linear_fc2.weight13
[36m(WorkerDict pid=96390)[0m 	module.language_model.decoder.layers.5.mlp.experts.linear_fc2.weight44
[36m(WorkerDict pid=96390)[0m 	module.language_model.decoder.layers.1.mlp.experts.linear_fc2.weight6
[36m(WorkerDict pid=96390)[0m 	module.language_model.decoder.layers.5.mlp.experts.linear_fc2.weight61
[36m(WorkerDict pid=96390)[0m 	module.language_model.decoder.layers.1.mlp.experts.linear_fc2.weight23
[36m(WorkerDict pid=96390)[0m 	module.language_model.decoder.layers.10.mlp.experts.linear_fc2.weight49
[36m(WorkerDict pid=96390)[0m 	module.language_model.decoder.layers.17.mlp.experts.linear_fc2.weight58
[36m(WorkerDict pid=96390)[0m 	module.language_model.decoder.layers.19.mlp.experts.linear_fc1.weight4
[36m(WorkerDict pid=96390)[0m 	module.language_model.decoder.layers.16.mlp.experts.linear_fc2.weight33
[36m(WorkerDict pid=96390)[0m 	module.language_model.decoder.layers.15.mlp.experts.linear_fc2.weight8
[36m(WorkerDict pid=96390)[0m 	module.language_model.decoder.layers.14.mlp.experts.linear_fc1.weight45
[36m(WorkerDict pid=96390)[0m 	module.language_model.decoder.layers.13.mlp.experts.linear_fc1.weight20
[36m(WorkerDict pid=96390)[0m 	module.language_model.decoder.layers.9.mlp.experts.linear_fc2.weight24
[36m(WorkerDict pid=96390)[0m 	module.language_model.decoder.layers.8.mlp.experts.linear_fc1.weight63
[36m(WorkerDict pid=96390)[0m 	module.language_model.decoder.layers.7.mlp.experts.linear_fc1.weight38
[36m(WorkerDict pid=96390)[0m 	module.language_model.decoder.layers.1.mlp.experts.linear_fc2.weight40
[36m(WorkerDict pid=96390)[0m 	module.language_model.decoder.layers.6.mlp.experts.linear_fc1.weight15
[36m(WorkerDict pid=96390)[0m 	module.language_model.decoder.layers.1.mlp.experts.linear_fc2.weight57
[36m(WorkerDict pid=96390)[0m 	module.language_model.decoder.layers.19.mlp.experts.linear_fc2.weight24
[36m(WorkerDict pid=96390)[0m 	module.language_model.decoder.layers.18.mlp.experts.linear_fc1.weight61
[36m(WorkerDict pid=96390)[0m 	module.language_model.decoder.layers.17.mlp.experts.linear_fc1.weight37
[36m(WorkerDict pid=96390)[0m 	module.language_model.decoder.layers.16.mlp.experts.linear_fc1.weight12
[36m(WorkerDict pid=96390)[0m 	module.language_model.decoder.layers.11.mlp.experts.linear_fc1.weight55
[36m(WorkerDict pid=96390)[0m 	module.language_model.decoder.layers.13.mlp.experts.linear_fc2.weight40
[36m(WorkerDict pid=96390)[0m 	module.language_model.decoder.layers.12.mlp.experts.linear_fc2.weight15
[36m(WorkerDict pid=96390)[0m 	module.language_model.decoder.layers.10.mlp.experts.linear_fc1.weight28
[36m(WorkerDict pid=96390)[0m 	module.language_model.decoder.layers.9.mlp.experts.linear_fc1.weight2
[36m(WorkerDict pid=96390)[0m 	module.language_model.decoder.layers.7.mlp.experts.linear_fc2.weight58
[36m(WorkerDict pid=96390)[0m 	module.language_model.decoder.layers.4.mlp.experts.linear_fc1.weight11
[36m(WorkerDict pid=96390)[0m 	module.language_model.decoder.layers.4.mlp.experts.linear_fc1.weight28
[36m(WorkerDict pid=96390)[0m 	module.language_model.decoder.layers.2.mlp.experts.linear_fc1.weight11
[36m(WorkerDict pid=96390)[0m 	module.language_model.decoder.layers.4.mlp.experts.linear_fc1.weight45
[36m(WorkerDict pid=96390)[0m 	module.language_model.decoder.layers.2.mlp.experts.linear_fc1.weight28
[36m(WorkerDict pid=96390)[0m 	module.language_model.decoder.layers.4.mlp.experts.linear_fc1.weight62
[36m(WorkerDict pid=96390)[0m 	module.language_model.decoder.layers.19.mlp.experts.linear_fc1.weight5
[36m(WorkerDict pid=96390)[0m 	module.language_model.decoder.layers.17.mlp.experts.linear_fc2.weight59
[36m(WorkerDict pid=96390)[0m 	module.language_model.decoder.layers.16.mlp.experts.linear_fc2.weight34
[36m(WorkerDict pid=96390)[0m 	module.language_model.decoder.layers.10.mlp.experts.linear_fc2.weight50
[36m(WorkerDict pid=96390)[0m 	module.language_model.decoder.layers.15.mlp.experts.linear_fc2.weight9
[36m(WorkerDict pid=96390)[0m 	module.language_model.decoder.layers.14.mlp.experts.linear_fc1.weight46
[36m(WorkerDict pid=96390)[0m 	module.language_model.decoder.layers.13.mlp.experts.linear_fc1.weight21
[36m(WorkerDict pid=96390)[0m 	module.language_model.decoder.layers.9.mlp.experts.linear_fc2.weight25
[36m(WorkerDict pid=96390)[0m 	module.language_model.decoder.layers.8.mlp.experts.linear_fc2.weight0
[36m(WorkerDict pid=96390)[0m 	module.language_model.decoder.layers.7.mlp.experts.linear_fc1.weight39
[36m(WorkerDict pid=96390)[0m 	module.language_model.decoder.layers.6.mlp.experts.linear_fc1.weight40
[36m(WorkerDict pid=96390)[0m 	module.language_model.decoder.layers.2.mlp.experts.linear_fc1.weight45
[36m(WorkerDict pid=96390)[0m 	module.language_model.decoder.layers.4.mlp.experts.linear_fc2.weight15
[36m(WorkerDict pid=96390)[0m 	module.language_model.decoder.layers.2.mlp.experts.linear_fc1.weight62
[36m(WorkerDict pid=96390)[0m 	module.language_model.decoder.layers.0.mlp.experts.linear_fc1.weight13
[36m(WorkerDict pid=96390)[0m 	module.language_model.decoder.layers.19.mlp.experts.linear_fc2.weight25
[36m(WorkerDict pid=96390)[0m 	module.language_model.decoder.layers.18.mlp.experts.linear_fc1.weight62
[36m(WorkerDict pid=96390)[0m 	module.language_model.decoder.layers.17.mlp.experts.linear_fc1.weight38
[36m(WorkerDict pid=96390)[0m 	module.language_model.decoder.layers.16.mlp.experts.linear_fc1.weight13
[36m(WorkerDict pid=96390)[0m 	module.language_model.decoder.layers.11.mlp.experts.linear_fc1.weight56
[36m(WorkerDict pid=96390)[0m 	module.language_model.decoder.layers.15.mlp.experts.linear_fc1.weight3
[36m(WorkerDict pid=96390)[0m 	module.language_model.decoder.layers.13.mlp.experts.linear_fc2.weight41
[36m(WorkerDict pid=96390)[0m 	module.language_model.decoder.layers.12.mlp.experts.linear_fc2.weight16
[36m(WorkerDict pid=96390)[0m 	module.language_model.decoder.layers.10.mlp.experts.linear_fc1.weight29
[36m(WorkerDict pid=96390)[0m 	module.language_model.decoder.layers.9.mlp.experts.linear_fc1.weight4
[36m(WorkerDict pid=96390)[0m 	module.language_model.decoder.layers.4.mlp.experts.linear_fc2.weight32
[36m(WorkerDict pid=96390)[0m 	module.language_model.decoder.layers.2.mlp.experts.linear_fc2.weight15
[36m(WorkerDict pid=96390)[0m 	module.language_model.decoder.layers.0.mlp.experts.linear_fc1.weight30
[36m(WorkerDict pid=96390)[0m 	module.language_model.decoder.layers.6.mlp.experts.linear_fc2.weight10
[36m(WorkerDict pid=96390)[0m 	module.language_model.decoder.layers.4.mlp.experts.linear_fc2.weight49
[36m(WorkerDict pid=96390)[0m 	module.language_model.decoder.layers.6.mlp.experts.linear_fc2.weight27
[36m(WorkerDict pid=96390)[0m 	module.language_model.decoder.layers.6.mlp.experts.linear_fc2.weight44
[36m(WorkerDict pid=96390)[0m 	module.language_model.decoder.layers.15.mlp.experts.linear_fc2.weight10
[36m(WorkerDict pid=96390)[0m 	module.language_model.decoder.layers.14.mlp.experts.linear_fc1.weight47
[36m(WorkerDict pid=96390)[0m 	module.language_model.decoder.layers.13.mlp.experts.linear_fc1.weight22
[36m(WorkerDict pid=96390)[0m 	module.language_model.decoder.layers.17.mlp.experts.linear_fc2.weight60
[36m(WorkerDict pid=96390)[0m 	module.language_model.decoder.layers.19.mlp.experts.linear_fc1.weight6
[36m(WorkerDict pid=96390)[0m 	module.language_model.decoder.layers.16.mlp.experts.linear_fc2.weight35
[36m(WorkerDict pid=96390)[0m 	module.language_model.decoder.layers.10.mlp.experts.linear_fc2.weight51
[36m(WorkerDict pid=96390)[0m 	module.language_model.decoder.layers.9.mlp.experts.linear_fc2.weight26
[36m(WorkerDict pid=96390)[0m 	module.language_model.decoder.layers.8.mlp.experts.linear_fc2.weight1
[36m(WorkerDict pid=96390)[0m 	module.language_model.decoder.layers.7.mlp.experts.linear_fc1.weight40
[36m(WorkerDict pid=96390)[0m 	module.language_model.decoder.layers.6.mlp.experts.linear_fc2.weight61
[36m(WorkerDict pid=96390)[0m 	module.language_model.decoder.layers.2.mlp.experts.linear_fc2.weight62
[36m(WorkerDict pid=96390)[0m 	module.language_model.decoder.layers.2.mlp.experts.linear_fc2.weight58
[36m(WorkerDict pid=96390)[0m 	module.language_model.decoder.layers.0.mlp.experts.linear_fc2.weight9
[36m(WorkerDict pid=96390)[0m 	module.language_model.decoder.layers.7.mlp.experts.linear_fc1.weight1
[36m(WorkerDict pid=96390)[0m 	module.language_model.decoder.layers.19.mlp.experts.linear_fc2.weight26
[36m(WorkerDict pid=96390)[0m 	module.language_model.decoder.layers.18.mlp.experts.linear_fc1.weight63
[36m(WorkerDict pid=96390)[0m 	module.language_model.decoder.layers.17.mlp.experts.linear_fc1.weight39
[36m(WorkerDict pid=96390)[0m 	module.language_model.decoder.layers.16.mlp.experts.linear_fc1.weight14
[36m(WorkerDict pid=96390)[0m 	module.language_model.decoder.layers.11.mlp.experts.linear_fc1.weight57
[36m(WorkerDict pid=96390)[0m 	module.language_model.decoder.layers.13.mlp.experts.linear_fc2.weight42
[36m(WorkerDict pid=96390)[0m 	module.language_model.decoder.layers.12.mlp.experts.linear_fc2.weight17
[36m(WorkerDict pid=96390)[0m 	module.language_model.decoder.layers.10.mlp.experts.linear_fc1.weight30
[36m(WorkerDict pid=96390)[0m 	module.language_model.decoder.layers.9.mlp.experts.linear_fc1.weight5
[36m(WorkerDict pid=96390)[0m 	module.language_model.decoder.layers.7.mlp.experts.linear_fc2.weight60
[36m(WorkerDict pid=96390)[0m 	module.language_model.decoder.layers.0.mlp.experts.linear_fc2.weight26
[36m(WorkerDict pid=96390)[0m 	module.language_model.decoder.layers.3.mlp.experts.linear_fc1.weight14
[36m(WorkerDict pid=96390)[0m 	module.language_model.decoder.layers.0.mlp.experts.linear_fc2.weight43
[36m(WorkerDict pid=96390)[0m 	module.language_model.decoder.layers.3.mlp.experts.linear_fc1.weight31
[36m(WorkerDict pid=96390)[0m 	module.language_model.decoder.layers.0.mlp.experts.linear_fc2.weight60
[36m(WorkerDict pid=96390)[0m 	module.language_model.decoder.layers.15.mlp.experts.linear_fc2.weight11
[36m(WorkerDict pid=96390)[0m 	module.language_model.decoder.layers.14.mlp.experts.linear_fc1.weight48
[36m(WorkerDict pid=96390)[0m 	module.language_model.decoder.layers.13.mlp.experts.linear_fc1.weight23
[36m(WorkerDict pid=96390)[0m 	module.language_model.decoder.layers.19.mlp.experts.linear_fc1.weight7
[36m(WorkerDict pid=96390)[0m 	module.language_model.decoder.layers.17.mlp.experts.linear_fc2.weight61
[36m(WorkerDict pid=96390)[0m 	module.language_model.decoder.layers.16.mlp.experts.linear_fc2.weight36
[36m(WorkerDict pid=96390)[0m 	module.language_model.decoder.layers.10.mlp.experts.linear_fc2.weight52
[36m(WorkerDict pid=96390)[0m 	module.language_model.decoder.layers.9.mlp.experts.linear_fc2.weight27
[36m(WorkerDict pid=96390)[0m 	module.language_model.decoder.layers.8.mlp.experts.linear_fc2.weight2
[36m(WorkerDict pid=96390)[0m 	module.language_model.decoder.layers.7.mlp.experts.linear_fc1.weight41
[36m(WorkerDict pid=96390)[0m 	module.language_model.decoder.layers.3.mlp.experts.linear_fc2.weight1
[36m(WorkerDict pid=96390)[0m 	module.language_model.decoder.layers.1.mlp.experts.linear_fc1.weight13
[36m(WorkerDict pid=96390)[0m 	module.language_model.decoder.layers.4.mlp.experts.linear_fc2.weight9
[36m(WorkerDict pid=96390)[0m 	module.language_model.decoder.layers.13.mlp.experts.linear_fc2.weight43
[36m(WorkerDict pid=96390)[0m 	module.language_model.decoder.layers.12.mlp.experts.linear_fc2.weight18
[36m(WorkerDict pid=96390)[0m 	module.language_model.decoder.layers.19.mlp.experts.linear_fc2.weight27
[36m(WorkerDict pid=96390)[0m 	module.language_model.decoder.layers.18.mlp.experts.linear_fc2.weight0
[36m(WorkerDict pid=96390)[0m 	module.language_model.decoder.layers.17.mlp.experts.linear_fc1.weight40
[36m(WorkerDict pid=96390)[0m 	module.language_model.decoder.layers.16.mlp.experts.linear_fc1.weight15
[36m(WorkerDict pid=96390)[0m 	module.language_model.decoder.layers.11.mlp.experts.linear_fc1.weight58
[36m(WorkerDict pid=96390)[0m 	module.language_model.decoder.layers.10.mlp.experts.linear_fc1.weight31
[36m(WorkerDict pid=96390)[0m 	module.language_model.decoder.layers.9.mlp.experts.linear_fc1.weight6
[36m(WorkerDict pid=96390)[0m 	module.language_model.decoder.layers.7.mlp.experts.linear_fc2.weight61
[36m(WorkerDict pid=96390)[0m 	module.language_model.decoder.layers.3.mlp.experts.linear_fc2.weight18
[36m(WorkerDict pid=96390)[0m 	module.language_model.decoder.layers.1.mlp.experts.linear_fc1.weight30
[36m(WorkerDict pid=96390)[0m 	module.language_model.decoder.layers.5.mlp.experts.linear_fc1.weight7
[36m(WorkerDict pid=96390)[0m 	module.language_model.decoder.layers.3.mlp.experts.linear_fc2.weight35
[36m(WorkerDict pid=96390)[0m 	module.language_model.decoder.layers.1.mlp.experts.linear_fc1.weight47
[36m(WorkerDict pid=96390)[0m 	module.language_model.decoder.layers.5.mlp.experts.linear_fc1.weight24
[36m(WorkerDict pid=96390)[0m 	module.language_model.decoder.layers.3.mlp.experts.linear_fc2.weight52
[36m(WorkerDict pid=96390)[0m 	module.language_model.decoder.layers.1.mlp.experts.linear_fc2.weight0
[36m(WorkerDict pid=96390)[0m 	module.language_model.decoder.layers.5.mlp.experts.linear_fc1.weight41
[36m(WorkerDict pid=96390)[0m 	module.language_model.decoder.layers.19.mlp.experts.linear_fc1.weight8
[36m(WorkerDict pid=96390)[0m 	module.language_model.decoder.layers.17.mlp.experts.linear_fc2.weight62
[36m(WorkerDict pid=96390)[0m 	module.language_model.decoder.layers.16.mlp.experts.linear_fc2.weight37
[36m(WorkerDict pid=96390)[0m 	module.language_model.decoder.layers.15.mlp.experts.linear_fc2.weight12
[36m(WorkerDict pid=96390)[0m 	module.language_model.decoder.layers.14.mlp.experts.linear_fc1.weight49
[36m(WorkerDict pid=96390)[0m 	module.language_model.decoder.layers.13.mlp.experts.linear_fc1.weight24
[36m(WorkerDict pid=96390)[0m 	module.language_model.decoder.layers.10.mlp.experts.linear_fc2.weight53
[36m(WorkerDict pid=96390)[0m 	module.language_model.decoder.layers.9.mlp.experts.linear_fc2.weight28
[36m(WorkerDict pid=96390)[0m 	module.language_model.decoder.layers.8.mlp.experts.linear_fc2.weight3
[36m(WorkerDict pid=96390)[0m 	module.language_model.decoder.layers.7.mlp.experts.linear_fc1.weight42
[36m(WorkerDict pid=96390)[0m 	module.language_model.decoder.layers.5.mlp.experts.linear_fc1.weight58
[36m(WorkerDict pid=96390)[0m 	module.language_model.decoder.layers.5.mlp.experts.linear_fc2.weight11
[36m(WorkerDict pid=96390)[0m 	module.language_model.decoder.layers.11.mlp.experts.linear_fc1.weight59
[36m(WorkerDict pid=96390)[0m 	module.language_model.decoder.layers.19.mlp.experts.linear_fc2.weight28
[36m(WorkerDict pid=96390)[0m 	module.language_model.decoder.layers.18.mlp.experts.linear_fc2.weight1
[36m(WorkerDict pid=96390)[0m 	module.language_model.decoder.layers.17.mlp.experts.linear_fc1.weight41
[36m(WorkerDict pid=96390)[0m 	module.language_model.decoder.layers.16.mlp.experts.linear_fc1.weight16
[36m(WorkerDict pid=96390)[0m 	module.language_model.decoder.layers.13.mlp.experts.linear_fc2.weight44
[36m(WorkerDict pid=96390)[0m 	module.language_model.decoder.layers.12.mlp.experts.linear_fc2.weight19
[36m(WorkerDict pid=96390)[0m 	module.language_model.decoder.layers.10.mlp.experts.linear_fc1.weight32
[36m(WorkerDict pid=96390)[0m 	module.language_model.decoder.layers.9.mlp.experts.linear_fc1.weight7
[36m(WorkerDict pid=96390)[0m 	module.language_model.decoder.layers.7.mlp.experts.linear_fc2.weight62
[36m(WorkerDict pid=96390)[0m 	module.language_model.decoder.layers.8.mlp.experts.linear_fc1.weight1
[36m(WorkerDict pid=96390)[0m 	module.language_model.decoder.layers.5.mlp.experts.linear_fc2.weight28
[36m(WorkerDict pid=96390)[0m 	module.language_model.decoder.layers.1.mlp.experts.linear_fc1.weight17
[36m(WorkerDict pid=96390)[0m 	module.language_model.decoder.layers.5.mlp.experts.linear_fc2.weight45
[36m(WorkerDict pid=96390)[0m 	module.language_model.decoder.layers.1.mlp.experts.linear_fc2.weight7
[36m(WorkerDict pid=96390)[0m 	module.language_model.decoder.layers.5.mlp.experts.linear_fc2.weight62
[36m(WorkerDict pid=96390)[0m 	module.language_model.decoder.layers.1.mlp.experts.linear_fc2.weight24
[36m(WorkerDict pid=96390)[0m 	module.language_model.decoder.layers.10.mlp.experts.linear_fc2.weight54
[36m(WorkerDict pid=96390)[0m 	module.language_model.decoder.layers.19.mlp.experts.linear_fc1.weight9
[36m(WorkerDict pid=96390)[0m 	module.language_model.decoder.layers.17.mlp.experts.linear_fc2.weight63
[36m(WorkerDict pid=96390)[0m 	module.language_model.decoder.layers.16.mlp.experts.linear_fc2.weight38
[36m(WorkerDict pid=96390)[0m 	module.language_model.decoder.layers.12.mlp.experts.linear_fc1.weight1
[36m(WorkerDict pid=96390)[0m 	module.language_model.decoder.layers.15.mlp.experts.linear_fc2.weight13
[36m(WorkerDict pid=96390)[0m 	module.language_model.decoder.layers.14.mlp.experts.linear_fc1.weight50
[36m(WorkerDict pid=96390)[0m 	module.language_model.decoder.layers.13.mlp.experts.linear_fc1.weight25
[36m(WorkerDict pid=96390)[0m 	module.language_model.decoder.layers.9.mlp.experts.linear_fc2.weight29
[36m(WorkerDict pid=96390)[0m 	module.language_model.decoder.layers.8.mlp.experts.linear_fc2.weight4
[36m(WorkerDict pid=96390)[0m 	module.language_model.decoder.layers.3.mlp.experts.linear_fc2.weight58
[36m(WorkerDict pid=96390)[0m 	module.language_model.decoder.layers.1.mlp.experts.linear_fc2.weight41
[36m(WorkerDict pid=96390)[0m 	module.language_model.decoder.layers.6.mlp.experts.linear_fc1.weight16
[36m(WorkerDict pid=96390)[0m 	module.language_model.decoder.layers.1.mlp.experts.linear_fc2.weight58
[36m(WorkerDict pid=96390)[0m 	module.language_model.decoder.layers.11.mlp.experts.linear_fc1.weight60
[36m(WorkerDict pid=96390)[0m 	module.language_model.decoder.layers.18.mlp.experts.linear_fc2.weight2
[36m(WorkerDict pid=96390)[0m 	module.language_model.decoder.layers.19.mlp.experts.linear_fc2.weight29
[36m(WorkerDict pid=96390)[0m 	module.language_model.decoder.layers.17.mlp.experts.linear_fc1.weight42
[36m(WorkerDict pid=96390)[0m 	module.language_model.decoder.layers.16.mlp.experts.linear_fc1.weight17
[36m(WorkerDict pid=96390)[0m 	module.language_model.decoder.layers.13.mlp.experts.linear_fc2.weight45
[36m(WorkerDict pid=96390)[0m 	module.language_model.decoder.layers.12.mlp.experts.linear_fc2.weight20
[36m(WorkerDict pid=96390)[0m 	module.language_model.decoder.layers.10.mlp.experts.linear_fc1.weight33
[36m(WorkerDict pid=96390)[0m 	module.language_model.decoder.layers.9.mlp.experts.linear_fc1.weight8
[36m(WorkerDict pid=96390)[0m 	module.language_model.decoder.layers.7.mlp.experts.linear_fc2.weight63
[36m(WorkerDict pid=96390)[0m 	module.language_model.decoder.layers.4.mlp.experts.linear_fc1.weight12
[36m(WorkerDict pid=96390)[0m 	module.language_model.decoder.layers.4.mlp.experts.linear_fc1.weight29
[36m(WorkerDict pid=96390)[0m 	module.language_model.decoder.layers.2.mlp.experts.linear_fc1.weight12
[36m(WorkerDict pid=96390)[0m 	module.language_model.decoder.layers.4.mlp.experts.linear_fc1.weight46
[36m(WorkerDict pid=96390)[0m 	module.language_model.decoder.layers.2.mlp.experts.linear_fc1.weight29
[36m(WorkerDict pid=96390)[0m 	module.language_model.decoder.layers.13.mlp.experts.linear_fc1.weight26
[36m(WorkerDict pid=96390)[0m 	module.language_model.decoder.layers.10.mlp.experts.linear_fc2.weight55
[36m(WorkerDict pid=96390)[0m 	module.language_model.decoder.layers.14.mlp.experts.linear_fc1.weight51
[36m(WorkerDict pid=96390)[0m 	module.language_model.decoder.layers.19.mlp.experts.linear_fc1.weight10
[36m(WorkerDict pid=96390)[0m 	module.language_model.decoder.layers.16.mlp.experts.linear_fc2.weight39
[36m(WorkerDict pid=96390)[0m 	module.language_model.decoder.layers.15.mlp.experts.linear_fc2.weight14
[36m(WorkerDict pid=96390)[0m 	module.language_model.decoder.layers.9.mlp.experts.linear_fc2.weight30
[36m(WorkerDict pid=96390)[0m 	module.language_model.decoder.layers.8.mlp.experts.linear_fc2.weight5
[36m(WorkerDict pid=96390)[0m 	module.language_model.decoder.layers.7.mlp.experts.linear_fc1.weight44
[36m(WorkerDict pid=96390)[0m 	module.language_model.decoder.layers.6.mlp.experts.linear_fc1.weight17
[36m(WorkerDict pid=96390)[0m 	module.language_model.decoder.layers.4.mlp.experts.linear_fc1.weight63
[36m(WorkerDict pid=96390)[0m 	module.language_model.decoder.layers.2.mlp.experts.linear_fc1.weight46
[36m(WorkerDict pid=96390)[0m 	module.language_model.decoder.layers.6.mlp.experts.linear_fc1.weight41
[36m(WorkerDict pid=96390)[0m 	module.language_model.decoder.layers.4.mlp.experts.linear_fc2.weight16
[36m(WorkerDict pid=96390)[0m 	module.language_model.decoder.layers.2.mlp.experts.linear_fc1.weight63
[36m(WorkerDict pid=96390)[0m 	module.language_model.decoder.layers.0.mlp.experts.linear_fc1.weight14
[36m(WorkerDict pid=96390)[0m 	module.language_model.decoder.layers.12.mlp.experts.linear_fc2.weight21
[36m(WorkerDict pid=96390)[0m 	module.language_model.decoder.layers.19.mlp.experts.linear_fc2.weight30
[36m(WorkerDict pid=96390)[0m 	module.language_model.decoder.layers.18.mlp.experts.linear_fc2.weight3
[36m(WorkerDict pid=96390)[0m 	module.language_model.decoder.layers.17.mlp.experts.linear_fc1.weight43
[36m(WorkerDict pid=96390)[0m 	module.language_model.decoder.layers.16.mlp.experts.linear_fc1.weight18
[36m(WorkerDict pid=96390)[0m 	module.language_model.decoder.layers.11.mlp.experts.linear_fc1.weight61
[36m(WorkerDict pid=96390)[0m 	module.language_model.decoder.layers.13.mlp.experts.linear_fc2.weight46
[36m(WorkerDict pid=96390)[0m 	module.language_model.decoder.layers.10.mlp.experts.linear_fc1.weight34
[36m(WorkerDict pid=96390)[0m 	module.language_model.decoder.layers.9.mlp.experts.linear_fc1.weight9
[36m(WorkerDict pid=96390)[0m 	module.language_model.decoder.layers.6.mlp.experts.linear_fc2.weight37
[36m(WorkerDict pid=96390)[0m 	module.language_model.decoder.layers.4.mlp.experts.linear_fc2.weight33
[36m(WorkerDict pid=96390)[0m 	module.language_model.decoder.layers.2.mlp.experts.linear_fc2.weight16
[36m(WorkerDict pid=96390)[0m 	module.language_model.decoder.layers.0.mlp.experts.linear_fc1.weight31
[36m(WorkerDict pid=96390)[0m 	module.language_model.decoder.layers.6.mlp.experts.linear_fc2.weight11
[36m(WorkerDict pid=96390)[0m 	module.language_model.decoder.layers.4.mlp.experts.linear_fc2.weight50
[36m(WorkerDict pid=96390)[0m 	module.language_model.decoder.layers.6.mlp.experts.linear_fc2.weight28
[36m(WorkerDict pid=96390)[0m 	module.language_model.decoder.layers.5.mlp.experts.linear_fc1.weight1
[36m(WorkerDict pid=96390)[0m 	module.language_model.decoder.layers.14.mlp.experts.linear_fc1.weight52
[36m(WorkerDict pid=96390)[0m 	module.language_model.decoder.layers.13.mlp.experts.linear_fc1.weight27
[36m(WorkerDict pid=96390)[0m 	module.language_model.decoder.layers.19.mlp.experts.linear_fc1.weight11
[36m(WorkerDict pid=96390)[0m 	module.language_model.decoder.layers.16.mlp.experts.linear_fc2.weight40
[36m(WorkerDict pid=96390)[0m 	module.language_model.decoder.layers.15.mlp.experts.linear_fc2.weight15
[36m(WorkerDict pid=96390)[0m 	module.language_model.decoder.layers.10.mlp.experts.linear_fc2.weight56
[36m(WorkerDict pid=96390)[0m 	module.language_model.decoder.layers.12.mlp.experts.linear_fc1.weight0
[36m(WorkerDict pid=96390)[0m 	module.language_model.decoder.layers.9.mlp.experts.linear_fc2.weight31
[36m(WorkerDict pid=96390)[0m 	module.language_model.decoder.layers.8.mlp.experts.linear_fc2.weight6
[36m(WorkerDict pid=96390)[0m 	module.language_model.decoder.layers.7.mlp.experts.linear_fc1.weight45
[36m(WorkerDict pid=96390)[0m 	module.language_model.decoder.layers.2.mlp.experts.linear_fc2.weight42
[36m(WorkerDict pid=96390)[0m 	module.language_model.decoder.layers.0.mlp.experts.linear_fc1.weight57
[36m(WorkerDict pid=96390)[0m 	module.language_model.decoder.layers.6.mlp.experts.linear_fc2.weight62
[36m(WorkerDict pid=96390)[0m 	module.language_model.decoder.layers.2.mlp.experts.linear_fc2.weight59
[36m(WorkerDict pid=96390)[0m 	module.language_model.decoder.layers.0.mlp.experts.linear_fc2.weight10
[36m(WorkerDict pid=96390)[0m 	module.language_model.decoder.layers.13.mlp.experts.linear_fc2.weight47
[36m(WorkerDict pid=96390)[0m 	module.language_model.decoder.layers.12.mlp.experts.linear_fc2.weight22
[36m(WorkerDict pid=96390)[0m 	module.language_model.decoder.layers.19.mlp.experts.linear_fc2.weight31
[36m(WorkerDict pid=96390)[0m 	module.language_model.decoder.layers.18.mlp.experts.linear_fc2.weight4
[36m(WorkerDict pid=96390)[0m 	module.language_model.decoder.layers.17.mlp.experts.linear_fc1.weight44
[36m(WorkerDict pid=96390)[0m 	module.language_model.decoder.layers.16.mlp.experts.linear_fc1.weight19
[36m(WorkerDict pid=96390)[0m 	module.language_model.decoder.layers.11.mlp.experts.linear_fc1.weight62
[36m(WorkerDict pid=96390)[0m 	module.language_model.decoder.layers.10.mlp.experts.linear_fc1.weight35
[36m(WorkerDict pid=96390)[0m 	module.language_model.decoder.layers.9.mlp.experts.linear_fc1.weight10
[36m(WorkerDict pid=96390)[0m 	module.language_model.decoder.layers.6.mlp.experts.linear_fc2.weight38
[36m(WorkerDict pid=96390)[0m 	module.language_model.decoder.layers.0.mlp.experts.linear_fc2.weight27
[36m(WorkerDict pid=96390)[0m 	module.language_model.decoder.layers.7.mlp.experts.linear_fc1.weight18
[36m(WorkerDict pid=96390)[0m 	module.language_model.decoder.layers.3.mlp.experts.linear_fc1.weight15
[36m(WorkerDict pid=96390)[0m 	module.language_model.decoder.layers.0.mlp.experts.linear_fc2.weight44
[36m(WorkerDict pid=96390)[0m 	module.language_model.decoder.layers.3.mlp.experts.linear_fc1.weight32
[36m(WorkerDict pid=96390)[0m 	module.language_model.decoder.layers.0.mlp.experts.linear_fc2.weight61
[36m(WorkerDict pid=96390)[0m 	module.language_model.decoder.layers.12.mlp.experts.linear_fc1.weight2
[36m(WorkerDict pid=96390)[0m 	module.language_model.decoder.layers.15.mlp.experts.linear_fc2.weight16
[36m(WorkerDict pid=96390)[0m 	module.language_model.decoder.layers.14.mlp.experts.linear_fc1.weight53
[36m(WorkerDict pid=96390)[0m 	module.language_model.decoder.layers.13.mlp.experts.linear_fc1.weight28
[36m(WorkerDict pid=96390)[0m 	module.language_model.decoder.layers.19.mlp.experts.linear_fc1.weight12
[36m(WorkerDict pid=96390)[0m 	module.language_model.decoder.layers.16.mlp.experts.linear_fc2.weight41
[36m(WorkerDict pid=96390)[0m 	module.language_model.decoder.layers.10.mlp.experts.linear_fc2.weight57
[36m(WorkerDict pid=96390)[0m 	module.language_model.decoder.layers.9.mlp.experts.linear_fc2.weight32
[36m(WorkerDict pid=96390)[0m 	module.language_model.decoder.layers.8.mlp.experts.linear_fc2.weight7
[36m(WorkerDict pid=96390)[0m 	module.language_model.decoder.layers.7.mlp.experts.linear_fc1.weight46
[36m(WorkerDict pid=96390)[0m 	module.language_model.decoder.layers.3.mlp.experts.linear_fc1.weight49
[36m(WorkerDict pid=96390)[0m 	module.language_model.decoder.layers.0.mlp.experts.linear_fc1.weight4
[36m(WorkerDict pid=96390)[0m 	module.language_model.decoder.layers.3.mlp.experts.linear_fc2.weight2
[36m(WorkerDict pid=96390)[0m 	module.language_model.decoder.layers.1.mlp.experts.linear_fc1.weight14
[36m(WorkerDict pid=96390)[0m 	module.language_model.decoder.layers.11.mlp.experts.linear_fc1.weight63
[36m(WorkerDict pid=96390)[0m 	module.language_model.decoder.layers.13.mlp.experts.linear_fc2.weight48
[36m(WorkerDict pid=96390)[0m 	module.language_model.decoder.layers.12.mlp.experts.linear_fc2.weight23
[36m(WorkerDict pid=96390)[0m 	module.language_model.decoder.layers.19.mlp.experts.linear_fc2.weight32
[36m(WorkerDict pid=96390)[0m 	module.language_model.decoder.layers.18.mlp.experts.linear_fc2.weight5
[36m(WorkerDict pid=96390)[0m 	module.language_model.decoder.layers.17.mlp.experts.linear_fc1.weight45
[36m(WorkerDict pid=96390)[0m 	module.language_model.decoder.layers.16.mlp.experts.linear_fc1.weight20
[36m(WorkerDict pid=96390)[0m 	module.language_model.decoder.layers.10.mlp.experts.linear_fc1.weight36
[36m(WorkerDict pid=96390)[0m 	module.language_model.decoder.layers.9.mlp.experts.linear_fc1.weight11
[36m(WorkerDict pid=96390)[0m 	module.language_model.decoder.layers.8.mlp.experts.linear_fc1.weight3
[36m(WorkerDict pid=96390)[0m 	module.language_model.decoder.layers.3.mlp.experts.linear_fc2.weight19
[36m(WorkerDict pid=96390)[0m 	module.language_model.decoder.layers.1.mlp.experts.linear_fc1.weight31
[36m(WorkerDict pid=96390)[0m 	module.language_model.decoder.layers.5.mlp.experts.linear_fc1.weight8
[36m(WorkerDict pid=96390)[0m 	module.language_model.decoder.layers.3.mlp.experts.linear_fc2.weight36
[36m(WorkerDict pid=96390)[0m 	module.language_model.decoder.layers.1.mlp.experts.linear_fc1.weight48
[36m(WorkerDict pid=96390)[0m 	module.language_model.decoder.layers.5.mlp.experts.linear_fc1.weight25
[36m(WorkerDict pid=96390)[0m 	module.language_model.decoder.layers.3.mlp.experts.linear_fc2.weight53
[36m(WorkerDict pid=96390)[0m 	module.language_model.decoder.layers.1.mlp.experts.linear_fc2.weight1
[36m(WorkerDict pid=96390)[0m 	module.language_model.decoder.layers.5.mlp.experts.linear_fc1.weight42
[36m(WorkerDict pid=96390)[0m 	module.language_model.decoder.layers.10.mlp.experts.linear_fc2.weight58
[36m(WorkerDict pid=96390)[0m 	module.language_model.decoder.layers.12.mlp.experts.linear_fc1.weight4
[36m(WorkerDict pid=96390)[0m 	module.language_model.decoder.layers.19.mlp.experts.linear_fc1.weight13
[36m(WorkerDict pid=96390)[0m 	module.language_model.decoder.layers.16.mlp.experts.linear_fc2.weight42
[36m(WorkerDict pid=96390)[0m 	module.language_model.decoder.layers.15.mlp.experts.linear_fc2.weight17
[36m(WorkerDict pid=96390)[0m 	module.language_model.decoder.layers.14.mlp.experts.linear_fc1.weight54
[36m(WorkerDict pid=96390)[0m 	module.language_model.decoder.layers.13.mlp.experts.linear_fc1.weight29
[36m(WorkerDict pid=96390)[0m 	module.language_model.decoder.layers.9.mlp.experts.linear_fc2.weight33
[36m(WorkerDict pid=96390)[0m 	module.language_model.decoder.layers.8.mlp.experts.linear_fc2.weight8
[36m(WorkerDict pid=96390)[0m 	module.language_model.decoder.layers.7.mlp.experts.linear_fc1.weight47
[36m(WorkerDict pid=96390)[0m 	module.language_model.decoder.layers.5.mlp.experts.linear_fc1.weight59
[36m(WorkerDict pid=96390)[0m 	module.language_model.decoder.layers.11.mlp.experts.linear_fc2.weight0
[36m(WorkerDict pid=96390)[0m 	module.language_model.decoder.layers.13.mlp.experts.linear_fc2.weight49
[36m(WorkerDict pid=96390)[0m 	module.language_model.decoder.layers.12.mlp.experts.linear_fc2.weight24
[36m(WorkerDict pid=96390)[0m 	module.language_model.decoder.layers.18.mlp.experts.linear_fc2.weight6
[36m(WorkerDict pid=96390)[0m 	module.language_model.decoder.layers.19.mlp.experts.linear_fc2.weight33
[36m(WorkerDict pid=96390)[0m 	module.language_model.decoder.layers.17.mlp.experts.linear_fc1.weight46
[36m(WorkerDict pid=96390)[0m 	module.language_model.decoder.layers.16.mlp.experts.linear_fc1.weight21
[36m(WorkerDict pid=96390)[0m 	module.language_model.decoder.layers.10.mlp.experts.linear_fc1.weight37
[36m(WorkerDict pid=96390)[0m 	module.language_model.decoder.layers.9.mlp.experts.linear_fc1.weight12
[36m(WorkerDict pid=96390)[0m 	module.language_model.decoder.layers.6.mlp.experts.linear_fc2.weight40
[36m(WorkerDict pid=96390)[0m 	module.language_model.decoder.layers.5.mlp.experts.linear_fc2.weight12
[36m(WorkerDict pid=96390)[0m 	module.language_model.decoder.layers.5.mlp.experts.linear_fc2.weight29
[36m(WorkerDict pid=96390)[0m 	module.language_model.decoder.layers.5.mlp.experts.linear_fc2.weight46
[36m(WorkerDict pid=96390)[0m 	module.language_model.decoder.layers.1.mlp.experts.linear_fc2.weight8
[36m(WorkerDict pid=96390)[0m 	module.language_model.decoder.layers.5.mlp.experts.linear_fc2.weight63
[36m(WorkerDict pid=96390)[0m 	module.language_model.decoder.layers.1.mlp.experts.linear_fc2.weight25
[36m(WorkerDict pid=96390)[0m 	module.language_model.decoder.layers.10.mlp.experts.linear_fc2.weight59
[36m(WorkerDict pid=96390)[0m 	module.language_model.decoder.layers.12.mlp.experts.linear_fc1.weight5
[36m(WorkerDict pid=96390)[0m 	module.language_model.decoder.layers.19.mlp.experts.linear_fc1.weight14
[36m(WorkerDict pid=96390)[0m 	module.language_model.decoder.layers.16.mlp.experts.linear_fc2.weight43
[36m(WorkerDict pid=96390)[0m 	module.language_model.decoder.layers.15.mlp.experts.linear_fc2.weight18
[36m(WorkerDict pid=96390)[0m 	module.language_model.decoder.layers.14.mlp.experts.linear_fc1.weight55
[36m(WorkerDict pid=96390)[0m 	module.language_model.decoder.layers.13.mlp.experts.linear_fc1.weight30
[36m(WorkerDict pid=96390)[0m 	module.language_model.decoder.layers.9.mlp.experts.linear_fc2.weight34
[36m(WorkerDict pid=96390)[0m 	module.language_model.decoder.layers.8.mlp.experts.linear_fc2.weight9
[36m(WorkerDict pid=96390)[0m 	module.language_model.decoder.layers.7.mlp.experts.linear_fc1.weight48
[36m(WorkerDict pid=96390)[0m 	module.language_model.decoder.layers.3.mlp.experts.linear_fc2.weight59
[36m(WorkerDict pid=96390)[0m 	module.language_model.decoder.layers.1.mlp.experts.linear_fc2.weight42
[36m(WorkerDict pid=96390)[0m 	module.language_model.decoder.layers.11.mlp.experts.linear_fc2.weight1
[36m(WorkerDict pid=96390)[0m 	module.language_model.decoder.layers.18.mlp.experts.linear_fc2.weight7
[36m(WorkerDict pid=96390)[0m 	module.language_model.decoder.layers.19.mlp.experts.linear_fc2.weight34
[36m(WorkerDict pid=96390)[0m 	module.language_model.decoder.layers.17.mlp.experts.linear_fc1.weight47
[36m(WorkerDict pid=96390)[0m 	module.language_model.decoder.layers.16.mlp.experts.linear_fc1.weight22
[36m(WorkerDict pid=96390)[0m 	module.language_model.decoder.layers.13.mlp.experts.linear_fc2.weight50
[36m(WorkerDict pid=96390)[0m 	module.language_model.decoder.layers.12.mlp.experts.linear_fc2.weight25
[36m(WorkerDict pid=96390)[0m 	module.language_model.decoder.layers.10.mlp.experts.linear_fc1.weight38
[36m(WorkerDict pid=96390)[0m 	module.language_model.decoder.layers.9.mlp.experts.linear_fc1.weight13
[36m(WorkerDict pid=96390)[0m 	module.language_model.decoder.layers.6.mlp.experts.linear_fc2.weight41
[36m(WorkerDict pid=96390)[0m 	module.language_model.decoder.layers.1.mlp.experts.linear_fc2.weight59
[36m(WorkerDict pid=96390)[0m 	module.language_model.decoder.layers.4.mlp.experts.linear_fc1.weight13
[36m(WorkerDict pid=96390)[0m 	module.language_model.decoder.layers.4.mlp.experts.linear_fc1.weight30
[36m(WorkerDict pid=96390)[0m 	module.language_model.decoder.layers.2.mlp.experts.linear_fc1.weight13
[36m(WorkerDict pid=96390)[0m 	module.language_model.decoder.layers.2.mlp.experts.linear_fc1.weight53
[36m(WorkerDict pid=96390)[0m 	module.language_model.decoder.layers.4.mlp.experts.linear_fc1.weight47
[36m(WorkerDict pid=96390)[0m 	module.language_model.decoder.layers.2.mlp.experts.linear_fc1.weight30
[36m(WorkerDict pid=96390)[0m 	module.language_model.decoder.layers.15.mlp.experts.linear_fc2.weight19
[36m(WorkerDict pid=96390)[0m 	module.language_model.decoder.layers.14.mlp.experts.linear_fc1.weight56
[36m(WorkerDict pid=96390)[0m 	module.language_model.decoder.layers.13.mlp.experts.linear_fc1.weight31
[36m(WorkerDict pid=96390)[0m 	module.language_model.decoder.layers.10.mlp.experts.linear_fc2.weight60
[36m(WorkerDict pid=96390)[0m 	module.language_model.decoder.layers.19.mlp.experts.linear_fc1.weight15
[36m(WorkerDict pid=96390)[0m 	module.language_model.decoder.layers.16.mlp.experts.linear_fc2.weight44
[36m(WorkerDict pid=96390)[0m 	module.language_model.decoder.layers.12.mlp.experts.linear_fc1.weight6
[36m(WorkerDict pid=96390)[0m 	module.language_model.decoder.layers.9.mlp.experts.linear_fc2.weight35
[36m(WorkerDict pid=96390)[0m 	module.language_model.decoder.layers.8.mlp.experts.linear_fc2.weight10
[36m(WorkerDict pid=96390)[0m 	module.language_model.decoder.layers.7.mlp.experts.linear_fc1.weight49
[36m(WorkerDict pid=96390)[0m 	module.language_model.decoder.layers.4.mlp.experts.linear_fc2.weight0
[36m(WorkerDict pid=96390)[0m 	module.language_model.decoder.layers.2.mlp.experts.linear_fc1.weight47
[36m(WorkerDict pid=96390)[0m 	module.language_model.decoder.layers.6.mlp.experts.linear_fc1.weight42
[36m(WorkerDict pid=96390)[0m 	module.language_model.decoder.layers.4.mlp.experts.linear_fc2.weight17
[36m(WorkerDict pid=96390)[0m 	module.language_model.decoder.layers.13.mlp.experts.linear_fc2.weight51
[36m(WorkerDict pid=96390)[0m 	module.language_model.decoder.layers.12.mlp.experts.linear_fc2.weight26
[36m(WorkerDict pid=96390)[0m 	module.language_model.decoder.layers.18.mlp.experts.linear_fc2.weight8
[36m(WorkerDict pid=96390)[0m 	module.language_model.decoder.layers.19.mlp.experts.linear_fc2.weight35
[36m(WorkerDict pid=96390)[0m 	module.language_model.decoder.layers.17.mlp.experts.linear_fc1.weight48
[36m(WorkerDict pid=96390)[0m 	module.language_model.decoder.layers.16.mlp.experts.linear_fc1.weight23
[36m(WorkerDict pid=96390)[0m 	module.language_model.decoder.layers.11.mlp.experts.linear_fc2.weight2
[36m(WorkerDict pid=96390)[0m 	module.language_model.decoder.layers.10.mlp.experts.linear_fc1.weight39
[36m(WorkerDict pid=96390)[0m 	module.language_model.decoder.layers.9.mlp.experts.linear_fc1.weight14
[36m(WorkerDict pid=96390)[0m 	module.language_model.decoder.layers.6.mlp.experts.linear_fc2.weight42
[36m(WorkerDict pid=96390)[0m 	module.language_model.decoder.layers.2.mlp.experts.linear_fc2.weight0
[36m(WorkerDict pid=96390)[0m 	module.language_model.decoder.layers.4.mlp.experts.linear_fc2.weight34
[36m(WorkerDict pid=96390)[0m 	module.language_model.decoder.layers.2.mlp.experts.linear_fc2.weight17
[36m(WorkerDict pid=96390)[0m 	module.language_model.decoder.layers.0.mlp.experts.linear_fc1.weight32
[36m(WorkerDict pid=96390)[0m 	module.language_model.decoder.layers.4.mlp.experts.linear_fc2.weight51
[36m(WorkerDict pid=96390)[0m 	module.language_model.decoder.layers.6.mlp.experts.linear_fc2.weight29
[36m(WorkerDict pid=96390)[0m 	module.language_model.decoder.layers.6.mlp.experts.linear_fc2.weight46
[36m(WorkerDict pid=96390)[0m 	module.language_model.decoder.layers.12.mlp.experts.linear_fc1.weight7
[36m(WorkerDict pid=96390)[0m 	module.language_model.decoder.layers.15.mlp.experts.linear_fc2.weight20
[36m(WorkerDict pid=96390)[0m 	module.language_model.decoder.layers.14.mlp.experts.linear_fc1.weight57
[36m(WorkerDict pid=96390)[0m 	module.language_model.decoder.layers.13.mlp.experts.linear_fc1.weight32
[36m(WorkerDict pid=96390)[0m 	module.language_model.decoder.layers.19.mlp.experts.linear_fc1.weight16
[36m(WorkerDict pid=96390)[0m 	module.language_model.decoder.layers.16.mlp.experts.linear_fc2.weight45
[36m(WorkerDict pid=96390)[0m 	module.language_model.decoder.layers.10.mlp.experts.linear_fc2.weight61
[36m(WorkerDict pid=96390)[0m 	module.language_model.decoder.layers.9.mlp.experts.linear_fc2.weight36
[36m(WorkerDict pid=96390)[0m 	module.language_model.decoder.layers.8.mlp.experts.linear_fc2.weight11
[36m(WorkerDict pid=96390)[0m 	module.language_model.decoder.layers.7.mlp.experts.linear_fc1.weight50
[36m(WorkerDict pid=96390)[0m 	module.language_model.decoder.layers.2.mlp.experts.linear_fc2.weight43
[36m(WorkerDict pid=96390)[0m 	module.language_model.decoder.layers.0.mlp.experts.linear_fc1.weight58
[36m(WorkerDict pid=96390)[0m 	module.language_model.decoder.layers.6.mlp.experts.linear_fc2.weight63
[36m(WorkerDict pid=96390)[0m 	module.language_model.decoder.layers.2.mlp.experts.linear_fc2.weight60
[36m(WorkerDict pid=96390)[0m 	module.language_model.decoder.layers.0.mlp.experts.linear_fc2.weight11
[36m(WorkerDict pid=96390)[0m 	module.language_model.decoder.layers.11.mlp.experts.linear_fc2.weight3
[36m(WorkerDict pid=96390)[0m 	module.language_model.decoder.layers.13.mlp.experts.linear_fc2.weight52
[36m(WorkerDict pid=96390)[0m 	module.language_model.decoder.layers.12.mlp.experts.linear_fc2.weight27
[36m(WorkerDict pid=96390)[0m 	module.language_model.decoder.layers.19.mlp.experts.linear_fc2.weight36
[36m(WorkerDict pid=96390)[0m 	module.language_model.decoder.layers.18.mlp.experts.linear_fc2.weight9
[36m(WorkerDict pid=96390)[0m 	module.language_model.decoder.layers.17.mlp.experts.linear_fc1.weight49
[36m(WorkerDict pid=96390)[0m 	module.language_model.decoder.layers.16.mlp.experts.linear_fc1.weight24
[36m(WorkerDict pid=96390)[0m 	module.language_model.decoder.layers.10.mlp.experts.linear_fc1.weight40
[36m(WorkerDict pid=96390)[0m 	module.language_model.decoder.layers.9.mlp.experts.linear_fc1.weight15
[36m(WorkerDict pid=96390)[0m 	module.language_model.decoder.layers.7.mlp.experts.linear_fc1.weight0
[36m(WorkerDict pid=96390)[0m 	module.language_model.decoder.layers.0.mlp.experts.linear_fc2.weight28
[36m(WorkerDict pid=96390)[0m 	module.language_model.decoder.layers.3.mlp.experts.linear_fc1.weight16
[36m(WorkerDict pid=96390)[0m 	module.language_model.decoder.layers.0.mlp.experts.linear_fc2.weight45
[36m(WorkerDict pid=96390)[0m 	module.language_model.decoder.layers.3.mlp.experts.linear_fc1.weight33
[36m(WorkerDict pid=96390)[0m 	module.language_model.decoder.layers.0.mlp.experts.linear_fc2.weight62
[36m(WorkerDict pid=96390)[0m 	module.language_model.decoder.layers.10.mlp.experts.linear_fc2.weight62
[36m(WorkerDict pid=96390)[0m 	module.language_model.decoder.layers.12.mlp.experts.linear_fc1.weight8
[36m(WorkerDict pid=96390)[0m 	module.language_model.decoder.layers.15.mlp.experts.linear_fc2.weight21
[36m(WorkerDict pid=96390)[0m 	module.language_model.decoder.layers.14.mlp.experts.linear_fc1.weight58
[36m(WorkerDict pid=96390)[0m 	module.language_model.decoder.layers.13.mlp.experts.linear_fc1.weight33
[36m(WorkerDict pid=96390)[0m 	module.language_model.decoder.layers.19.mlp.experts.linear_fc1.weight17
[36m(WorkerDict pid=96390)[0m 	module.language_model.decoder.layers.16.mlp.experts.linear_fc2.weight46
[36m(WorkerDict pid=96390)[0m 	module.language_model.decoder.layers.9.mlp.experts.linear_fc2.weight37
[36m(WorkerDict pid=96390)[0m 	module.language_model.decoder.layers.8.mlp.experts.linear_fc2.weight12
[36m(WorkerDict pid=96390)[0m 	module.language_model.decoder.layers.7.mlp.experts.linear_fc1.weight51
[36m(WorkerDict pid=96390)[0m 	module.language_model.decoder.layers.3.mlp.experts.linear_fc1.weight50
[36m(WorkerDict pid=96390)[0m 	module.language_model.decoder.layers.3.mlp.experts.linear_fc2.weight3
[36m(WorkerDict pid=96390)[0m 	module.language_model.decoder.layers.1.mlp.experts.linear_fc1.weight15
[36m(WorkerDict pid=96390)[0m 	module.language_model.decoder.layers.11.mlp.experts.linear_fc2.weight4
[36m(WorkerDict pid=96390)[0m 	module.language_model.decoder.layers.15.mlp.experts.linear_fc1.weight1
[36m(WorkerDict pid=96390)[0m 	module.language_model.decoder.layers.13.mlp.experts.linear_fc2.weight53
[36m(WorkerDict pid=96390)[0m 	module.language_model.decoder.layers.12.mlp.experts.linear_fc2.weight28
[36m(WorkerDict pid=96390)[0m 	module.language_model.decoder.layers.18.mlp.experts.linear_fc2.weight10
[36m(WorkerDict pid=96390)[0m 	module.language_model.decoder.layers.19.mlp.experts.linear_fc2.weight37
[36m(WorkerDict pid=96390)[0m 	module.language_model.decoder.layers.17.mlp.experts.linear_fc1.weight50
[36m(WorkerDict pid=96390)[0m 	module.language_model.decoder.layers.16.mlp.experts.linear_fc1.weight25
[36m(WorkerDict pid=96390)[0m 	module.language_model.decoder.layers.10.mlp.experts.linear_fc1.weight41
[36m(WorkerDict pid=96390)[0m 	module.language_model.decoder.layers.9.mlp.experts.linear_fc1.weight16
[36m(WorkerDict pid=96390)[0m 	module.language_model.decoder.layers.3.mlp.experts.linear_fc2.weight20
[36m(WorkerDict pid=96390)[0m 	module.language_model.decoder.layers.1.mlp.experts.linear_fc1.weight32
[36m(WorkerDict pid=96390)[0m 	module.language_model.decoder.layers.5.mlp.experts.linear_fc1.weight9
[36m(WorkerDict pid=96390)[0m 	module.language_model.decoder.layers.3.mlp.experts.linear_fc2.weight37
[36m(WorkerDict pid=96390)[0m 	module.language_model.decoder.layers.1.mlp.experts.linear_fc1.weight49
[36m(WorkerDict pid=96390)[0m 	module.language_model.decoder.layers.5.mlp.experts.linear_fc1.weight26
[36m(WorkerDict pid=96390)[0m 	module.language_model.decoder.layers.3.mlp.experts.linear_fc2.weight54
[36m(WorkerDict pid=96390)[0m 	module.language_model.decoder.layers.1.mlp.experts.linear_fc2.weight2
[36m(WorkerDict pid=96390)[0m 	module.language_model.decoder.layers.5.mlp.experts.linear_fc1.weight43
[36m(WorkerDict pid=96390)[0m 	module.language_model.decoder.layers.10.mlp.experts.linear_fc2.weight63
[36m(WorkerDict pid=96390)[0m 	module.language_model.decoder.layers.12.mlp.experts.linear_fc1.weight9
[36m(WorkerDict pid=96390)[0m 	module.language_model.decoder.layers.15.mlp.experts.linear_fc2.weight22
[36m(WorkerDict pid=96390)[0m 	module.language_model.decoder.layers.14.mlp.experts.linear_fc1.weight59
[36m(WorkerDict pid=96390)[0m 	module.language_model.decoder.layers.13.mlp.experts.linear_fc1.weight34
[36m(WorkerDict pid=96390)[0m 	module.language_model.decoder.layers.19.mlp.experts.linear_fc1.weight18
[36m(WorkerDict pid=96390)[0m 	module.language_model.decoder.layers.16.mlp.experts.linear_fc2.weight47
[36m(WorkerDict pid=96390)[0m 	module.language_model.decoder.layers.9.mlp.experts.linear_fc2.weight38
[36m(WorkerDict pid=96390)[0m 	module.language_model.decoder.layers.8.mlp.experts.linear_fc2.weight13
[36m(WorkerDict pid=96390)[0m 	module.language_model.decoder.layers.7.mlp.experts.linear_fc1.weight52
[36m(WorkerDict pid=96390)[0m 	module.language_model.decoder.layers.5.mlp.experts.linear_fc1.weight60
[36m(WorkerDict pid=96390)[0m 	module.language_model.decoder.layers.11.mlp.experts.linear_fc2.weight5
[36m(WorkerDict pid=96390)[0m 	module.language_model.decoder.layers.13.mlp.experts.linear_fc2.weight54
[36m(WorkerDict pid=96390)[0m 	module.language_model.decoder.layers.12.mlp.experts.linear_fc2.weight29
[36m(WorkerDict pid=96390)[0m 	module.language_model.decoder.layers.18.mlp.experts.linear_fc2.weight11
[36m(WorkerDict pid=96390)[0m 	module.language_model.decoder.layers.19.mlp.experts.linear_fc2.weight38
[36m(WorkerDict pid=96390)[0m 	module.language_model.decoder.layers.17.mlp.experts.linear_fc1.weight51
[36m(WorkerDict pid=96390)[0m 	module.language_model.decoder.layers.16.mlp.experts.linear_fc1.weight26
[36m(WorkerDict pid=96390)[0m 	module.language_model.decoder.layers.10.mlp.experts.linear_fc1.weight42
[36m(WorkerDict pid=96390)[0m 	module.language_model.decoder.layers.9.mlp.experts.linear_fc1.weight17
[36m(WorkerDict pid=96390)[0m 	module.language_model.decoder.layers.6.mlp.experts.linear_fc2.weight45
[36m(WorkerDict pid=96390)[0m 	module.language_model.decoder.layers.5.mlp.experts.linear_fc2.weight13
[36m(WorkerDict pid=96390)[0m 	module.language_model.decoder.layers.4.mlp.experts.linear_fc1.weight9
[36m(WorkerDict pid=96390)[0m 	module.language_model.decoder.layers.5.mlp.experts.linear_fc2.weight30
[36m(WorkerDict pid=96390)[0m 	module.language_model.decoder.layers.5.mlp.experts.linear_fc2.weight47
[36m(WorkerDict pid=96390)[0m 	module.language_model.decoder.layers.1.mlp.experts.linear_fc2.weight9
[36m(WorkerDict pid=96390)[0m 	module.language_model.decoder.layers.1.mlp.experts.linear_fc2.weight26
[36m(WorkerDict pid=96390)[0m 	module.language_model.decoder.layers.14.mlp.experts.linear_fc1.weight60
[36m(WorkerDict pid=96390)[0m 	module.language_model.decoder.layers.13.mlp.experts.linear_fc1.weight35
[36m(WorkerDict pid=96390)[0m 	module.language_model.decoder.layers.12.mlp.experts.linear_fc1.weight10
[36m(WorkerDict pid=96390)[0m 	module.language_model.decoder.layers.19.mlp.experts.linear_fc1.weight19
[36m(WorkerDict pid=96390)[0m 	module.language_model.decoder.layers.16.mlp.experts.linear_fc2.weight48
[36m(WorkerDict pid=96390)[0m 	module.language_model.decoder.layers.15.mlp.experts.linear_fc2.weight23
[36m(WorkerDict pid=96390)[0m 	module.language_model.decoder.layers.9.mlp.experts.linear_fc2.weight39
[36m(WorkerDict pid=96390)[0m 	module.language_model.decoder.layers.8.mlp.experts.linear_fc2.weight14
[36m(WorkerDict pid=96390)[0m 	module.language_model.decoder.layers.7.mlp.experts.linear_fc1.weight53
[36m(WorkerDict pid=96390)[0m 	module.language_model.decoder.layers.6.mlp.experts.linear_fc1.weight26
[36m(WorkerDict pid=96390)[0m 	module.language_model.decoder.layers.3.mlp.experts.linear_fc2.weight60
[36m(WorkerDict pid=96390)[0m 	module.language_model.decoder.layers.1.mlp.experts.linear_fc2.weight43
[36m(WorkerDict pid=96390)[0m 	module.language_model.decoder.layers.2.mlp.experts.linear_fc1.weight43
[36m(WorkerDict pid=96390)[0m 	module.language_model.decoder.layers.15.mlp.experts.linear_fc1.weight0
[36m(WorkerDict pid=96390)[0m 	module.language_model.decoder.layers.13.mlp.experts.linear_fc2.weight55
[36m(WorkerDict pid=96390)[0m 	module.language_model.decoder.layers.12.mlp.experts.linear_fc2.weight30
[36m(WorkerDict pid=96390)[0m 	module.language_model.decoder.layers.11.mlp.experts.linear_fc2.weight6
[36m(WorkerDict pid=96390)[0m 	module.language_model.decoder.layers.18.mlp.experts.linear_fc2.weight12
[36m(WorkerDict pid=96390)[0m 	module.language_model.decoder.layers.19.mlp.experts.linear_fc2.weight39
[36m(WorkerDict pid=96390)[0m 	module.language_model.decoder.layers.17.mlp.experts.linear_fc1.weight52
[36m(WorkerDict pid=96390)[0m 	module.language_model.decoder.layers.16.mlp.experts.linear_fc1.weight27
[36m(WorkerDict pid=96390)[0m 	module.language_model.decoder.layers.10.mlp.experts.linear_fc1.weight43
[36m(WorkerDict pid=96390)[0m 	module.language_model.decoder.layers.9.mlp.experts.linear_fc1.weight18
[36m(WorkerDict pid=96390)[0m 	module.language_model.decoder.layers.6.mlp.experts.linear_fc1.weight18
[36m(WorkerDict pid=96390)[0m 	module.language_model.decoder.layers.1.mlp.experts.linear_fc2.weight60
[36m(WorkerDict pid=96390)[0m 	module.language_model.decoder.layers.4.mlp.experts.linear_fc1.weight14
[36m(WorkerDict pid=96390)[0m 	module.language_model.decoder.layers.4.mlp.experts.linear_fc1.weight31
[36m(WorkerDict pid=96390)[0m 	module.language_model.decoder.layers.2.mlp.experts.linear_fc1.weight14
[36m(WorkerDict pid=96390)[0m 	module.language_model.decoder.layers.0.mlp.experts.linear_fc2.weight34
[36m(WorkerDict pid=96390)[0m 	module.language_model.decoder.layers.4.mlp.experts.linear_fc1.weight48
[36m(WorkerDict pid=96390)[0m 	module.language_model.decoder.layers.2.mlp.experts.linear_fc1.weight31
[36m(WorkerDict pid=96390)[0m 	module.language_model.decoder.layers.5.mlp.experts.linear_fc1.weight0
[36m(WorkerDict pid=96390)[0m 	module.language_model.decoder.layers.4.mlp.experts.linear_fc2.weight1
[36m(WorkerDict pid=96390)[0m 	module.language_model.decoder.layers.2.mlp.experts.linear_fc1.weight48
[36m(WorkerDict pid=96390)[0m 	module.language_model.decoder.layers.6.mlp.experts.linear_fc1.weight43
[36m(WorkerDict pid=96390)[0m 	module.language_model.decoder.layers.4.mlp.experts.linear_fc2.weight18
[36m(WorkerDict pid=96390)[0m 	module.language_model.decoder.layers.11.mlp.experts.linear_fc2.weight7
[36m(WorkerDict pid=96390)[0m 	module.language_model.decoder.layers.15.mlp.experts.linear_fc1.weight2
[36m(WorkerDict pid=96390)[0m 	module.language_model.decoder.layers.12.mlp.experts.linear_fc2.weight31
[36m(WorkerDict pid=96390)[0m 	module.language_model.decoder.layers.13.mlp.experts.linear_fc2.weight56
[36m(WorkerDict pid=96390)[0m 	module.language_model.decoder.layers.18.mlp.experts.linear_fc2.weight13
[36m(WorkerDict pid=96390)[0m 	module.language_model.decoder.layers.19.mlp.experts.linear_fc2.weight40
[36m(WorkerDict pid=96390)[0m 	module.language_model.decoder.layers.17.mlp.experts.linear_fc1.weight53
[36m(WorkerDict pid=96390)[0m 	module.language_model.decoder.layers.16.mlp.experts.linear_fc1.weight28
[36m(WorkerDict pid=96390)[0m 	module.language_model.decoder.layers.10.mlp.experts.linear_fc1.weight44
[36m(WorkerDict pid=96390)[0m 	module.language_model.decoder.layers.9.mlp.experts.linear_fc1.weight19
[36m(WorkerDict pid=96390)[0m 	module.language_model.decoder.layers.6.mlp.experts.linear_fc1.weight60
[36m(WorkerDict pid=96390)[0m 	module.language_model.decoder.layers.2.mlp.experts.linear_fc2.weight1
[36m(WorkerDict pid=96390)[0m 	module.language_model.decoder.layers.0.mlp.experts.linear_fc1.weight16
[36m(WorkerDict pid=96390)[0m 	module.language_model.decoder.layers.4.mlp.experts.linear_fc2.weight35
[36m(WorkerDict pid=96390)[0m 	module.language_model.decoder.layers.2.mlp.experts.linear_fc2.weight18
[36m(WorkerDict pid=96390)[0m 	module.language_model.decoder.layers.0.mlp.experts.linear_fc1.weight33
[36m(WorkerDict pid=96390)[0m 	module.language_model.decoder.layers.4.mlp.experts.linear_fc2.weight52
[36m(WorkerDict pid=96390)[0m 	module.language_model.decoder.layers.6.mlp.experts.linear_fc2.weight30
[36m(WorkerDict pid=96394)[0m module: 1
[36m(WorkerDict pid=96395)[0m 
[36m(WorkerDict pid=96391)[0m Only support config type of dict_keys(['qwen2', 'llama', 'qwen2_moe', 'qwen2_vl', 'qwen2_5_vl', 'qwen3', 'qwen3_moe', 'qwen3_vl', 'qwen3_vl_moe', 'deepseek_v3', 'minicpmv', 'minicpmo', 'mistral', 'gemma3_text', 'seed_oss', 'apertus', 'glm4v', 'gpt_oss', 'mimo']), but got qwen3_5_moe. MFU will always be zero.[32m [repeated 7x across cluster][0m
[36m(WorkerDict pid=96391)[0m  > number of parameters on (tensor, pipeline) model parallel rank (1, 0): 4869520408[32m [repeated 3x across cluster][0m
[36m(WorkerDict pid=96390)[0m [Rank 0 | Local Rank 0] 2026-05-25 01:32:31,693 INFO [megatron.core.distributed.param_and_grad_buffer:843] => Number of buckets for gradient all-reduce / reduce-scatter: 1[32m [repeated 3x across cluster][0m
[36m(WorkerDict pid=96390)[0m Params for bucket 1 (4026531840 elements, 4026531840 padded size):[32m [repeated 3x across cluster][0m
[36m(WorkerDict pid=96391)[0m module: 1[32m [repeated 7x across cluster][0m
[36m(WorkerDict pid=96394)[0m 
[36m(WorkerDict pid=96397)[0m 
[36m(WorkerDict pid=96396)[0m 
[36m(WorkerDict pid=96396)[0m [MEM r6 engine_init_before_optimizer] proc_rss=2.2GB vms=9414.7GB sys_used=45GB avail=962GB npu_alloc=17.3GB npu_reserved=36.6GB gc_freed=0.00GB t=01:32:49.951
[36m(WorkerDict pid=96390)[0m Loading from /home/docker/Qwen3.6-35B-A3B ━━━━━━━━━━━━━━━━━━━━━━━━━━━━━━━━━━━━━━━━ 100% 0:00:00 (5916/5916) Qwen35VLMoEBridge
[36m(WorkerDict pid=96390)[0m DistributedDataParallel contains 4.87B parameters
[36m(WorkerDict pid=96393)[0m 
[36m(WorkerDict pid=96392)[0m 
[36m(WorkerDict pid=96391)[0m 
[36m(WorkerDict pid=96390)[0m optimizer config after override: {'optimizer': 'adam', 'lr': 1e-06, 'min_lr': 0.0, 'clip_grad': 1.0, 'weight_decay': 0.01, 'use_distributed_optimizer': True, 'bf16': True, 'params_dtype': torch.bfloat16, 'optimizer_offload_fraction': 1, 'overlap_cpu_optimizer_d2h_h2d': True, 'use_precision_aware_optimizer': True, 'optimizer_cpu_offload': True}[36m(WorkerDict pid=96392)[0m /workspace/verl/verl/utils/megatron_utils.py:507: UserWarning: TypedStorage is deprecated. It will be removed in the future and UntypedStorage will be the only storage class. This should only matter to you if you are using storages directly.  To access UntypedStorage directly, use tensor.untyped_storage() instead of tensor.storage()
[36m(WorkerDict pid=96392)[0m   if buffer.param_data.storage().size() > 0:
[36m(WorkerDict pid=96391)[0m /workspace/MindSpeed/mindspeed/features_manager/fusions/fused_moe_permute.py:70: UserWarning: Parameters --moe-permute-fusion and --use-fused-moe-token-permute-and-unpermute are equivalent. Use only one; prefer --moe-permute-fusion.[32m [repeated 7x across cluster][0m
[36m(WorkerDict pid=96391)[0m /workspace/MindSpeed/mindspeed/features_manager/fusions/fused_moe_permute.py:84: UserWarning: Currently, fused_sort_chunks_by_index is not supported[32m [repeated 7x across cluster][0m
[36m(WorkerDict pid=96391)[0m   warnings.warn("Currently, fused_sort_chunks_by_index is not supported")[32m [repeated 7x across cluster][0m
[36m(WorkerDict pid=96394)[0m   warnings.warn([32m [repeated 14x across cluster][0m
[36m(WorkerDict pid=96394)[0m `torch_dtype` is deprecated! Use `dtype` instead![32m [repeated 7x across cluster][0m
[36m(WorkerDict pid=96394)[0m /workspace/Megatron-LM/megatron/core/transformer/transformer_config.py:1705: UserWarning: full scope is deprecated. Use empty cuda_graph_scope to capture the whole layer.[32m [repeated 7x across cluster][0m
[36m(WorkerDict pid=96391)[0m /workspace/Megatron-LM/megatron/core/transformer/moe/shared_experts.py:52: DeprecationWarning: MLP requires ffn_hidden_size, but it was not provided. Using                     config.ffn_hidden_size by default.[32m [repeated 11x across cluster][0m
[36m(WorkerDict pid=96393)[0m   return module([32m [repeated 3x across cluster][0m
[36m(WorkerDict pid=96391)[0m   super().__init__(config=config, submodules=submodules, tp_group=pg_collection.tp)[32m [repeated 7x across cluster][0m
[36m(vLLMHttpServer pid=102622)[0m The argument `trust_remote_code` is to be used with Auto classes. It has no effect here and is ignored.
[36m(vLLMHttpServer pid=102622)[0m Unrecognized keys in `rope_parameters` for 'rope_type'='default': {'mrope_section', 'mrope_interleaved'}
[36m(vLLMHttpServer pid=102622)[0m Unrecognized keys in `rope_parameters` for 'rope_type'='default': {'mrope_section', 'mrope_interleaved'}
[36m(WorkerDict pid=96396)[0m /workspace/verl/verl/utils/megatron_utils.py:507: UserWarning: TypedStorage is deprecated. It will be removed in the future and UntypedStorage will be the only storage class. This should only matter to you if you are using storages directly.  To access UntypedStorage directly, use tensor.untyped_storage() instead of tensor.storage()[32m [repeated 7x across cluster][0m
[36m(WorkerDict pid=96396)[0m   if buffer.param_data.storage().size() > 0:[32m [repeated 7x across cluster][0m

[36m(WorkerDict pid=96390)[0m [Rank 0 | Local Rank 0] 2026-05-25 01:32:51,785 INFO [megatron.core.optimizer:43] => Setting up optimizer with config OptimizerConfig(lr=1e-06, min_lr=0.0, decoupled_lr=None, decoupled_min_lr=None, weight_decay=0.01, apply_wd_to_qk_layernorm=False, fp8_recipe=None, fp16=False, bf16=True, reuse_grad_buf_for_mxfp8_param_ag=False, params_dtype=torch.bfloat16, use_precision_aware_optimizer=True, store_param_remainders=True, main_grads_dtype=torch.float32, main_params_dtype=torch.float32, exp_avg_dtype=torch.float32, exp_avg_sq_dtype=torch.float32, optimizer='adam', loss_scale=None, initial_loss_scale=4294967296, min_loss_scale=1.0, loss_scale_window=1000, hysteresis=2, adam_beta1=0.9, adam_beta2=0.999, adam_eps=1e-08, decoupled_weight_decay=True, sgd_momentum=0.9, muon_momentum=0.95, muon_split_qkv=True, muon_use_nesterov=False, muon_scale_mode='spectral', muon_fp32_matmul_prec='medium', muon_num_ns_steps=5, muon_tp_mode='blockwise', muon_extra_scale_factor=1.0, use_distributed_optimizer=True, overlap_param_gather=False, overlap_param_gather_with_optimizer_step=False, optimizer_cpu_offload=True, optimizer_offload_fraction=1, use_torch_optimizer_for_cpu_offload=False, overlap_cpu_optimizer_d2h_h2d=True, pin_cpu_grads=True, pin_cpu_params=True, clip_grad=1.0, log_num_zeros_in_grad=False, barrier_with_L1_time=False, timers=None, config_logger_dir='')
[36m(WorkerDict pid=96390)[0m [Rank 0 | Local Rank 0] 2026-05-25 01:33:12,890 INFO [megatron.core.optimizer_param_scheduler:43] => > learning rate decay style: constant
[36m(WorkerDict pid=96390)[0m [OPT-CHECK r0 after_build_optimizer] type=ChainedOptimizer is_distributed=False use_distributed_optimizer_cfg=True param_offload=True grad_offload=True opt_offload=True opt_state_size=-1.00GB
[36m(WorkerDict pid=96391)[0m [MEM r1 engine_init_before_optimizer] proc_rss=2.2GB vms=9414.7GB sys_used=45GB avail=962GB npu_alloc=18.1GB npu_reserved=38.3GB gc_freed=0.00GB t=01:32:51.756[32m [repeated 7x across cluster][0m
[36m(WorkerDict pid=96392)[0m [MEM r2 engine_init_after_optimizer] proc_rss=37.7GB vms=9454.0GB sys_used=312GB avail=696GB npu_alloc=18.1GB npu_reserved=38.3GB gc_freed=1.87GB t=01:33:13.006
[36m(WorkerDict pid=96392)[0m [MEM r2 engine_init_after_offload_to_cpu] proc_rss=35.8GB vms=9452.1GB sys_used=393GB avail=615GB npu_alloc=0.0GB npu_reserved=0.0GB gc_freed=0.00GB t=01:33:19.727
[36m(WorkerDict pid=96396)[0m [MEM r6 engine_init_after_optimizer] proc_rss=36.3GB vms=9452.6GB sys_used=324GB avail=684GB npu_alloc=17.3GB npu_reserved=36.6GB gc_freed=1.83GB t=01:33:14.280[32m [repeated 7x across cluster][0m
[36m(WorkerDict pid=96392)[0m [Gloo] Rank 0 is connected to 0 peer ranks. Expected number of connected peer ranks is : 0
[36m(WorkerDict pid=96395)[0m ERROR 05-25 01:33:23 [config.py:29] Failed to import Triton kernels. Please make sure your triton version is compatible. Error: No module named 'triton.language.target_info'
[36m(WorkerDict pid=96390)[0m [MEM r0 engine_init_after_offload_to_cpu] proc_rss=35.8GB vms=9452.5GB sys_used=393GB avail=615GB npu_alloc=0.0GB npu_reserved=0.0GB gc_freed=0.00GB t=01:33:21.948[32m [repeated 7x across cluster][0m
[36m(WorkerDict pid=96391)[0m [Gloo] Rank 0 is connected to 0 peer ranks. Expected number of connected peer ranks is : 0[32m [repeated 23x across cluster][0m
[36m(pid=102622)[0m ERROR 05-25 01:33:43 [config.py:29] Failed to import Triton kernels. Please make sure your triton version is compatible. Error: No module named 'triton.language.target_info'[32m [repeated 18x across cluster][0m
[36m(vLLMHttpServer pid=102622)[0m ['serve',
[36m(vLLMHttpServer pid=102622)[0m  '/home/docker/Qwen3.6-35B-A3B',
[36m(vLLMHttpServer pid=102622)[0m  '--dtype',
[36m(vLLMHttpServer pid=102622)[0m  'bfloat16',
[36m(vLLMHttpServer pid=102622)[0m  '--load_format',
[36m(vLLMHttpServer pid=102622)[0m  'dummy',
[36m(vLLMHttpServer pid=102622)[0m  '--distributed_executor_backend',
[36m(vLLMHttpServer pid=102622)[0m  'mp',
[36m(vLLMHttpServer pid=102622)[0m  '--worker_extension_cls',
[36m(vLLMHttpServer pid=102622)[0m  'verl.workers.rollout.vllm_rollout.utils.vLLMColocateWorkerExtension',
[36m(vLLMHttpServer pid=102622)[0m  '--trust_remote_code',
[36m(vLLMHttpServer pid=102622)[0m  '--max_model_len',
[36m(vLLMHttpServer pid=102622)[0m  '262144',
[36m(vLLMHttpServer pid=102622)[0m  '--max_num_seqs',
[36m(vLLMHttpServer pid=102622)[0m  '1024',
[36m(vLLMHttpServer pid=102622)[0m  '--enable_chunked_prefill',
[36m(vLLMHttpServer pid=102622)[0m  '--max_num_batched_tokens',
[36m(vLLMHttpServer pid=102622)[0m  '8192',
[36m(vLLMHttpServer pid=102622)[0m  '--enable_prefix_caching',
[36m(vLLMHttpServer pid=102622)[0m  '--enable_sleep_mode',
[36m(vLLMHttpServer pid=102622)[0m  '--logprobs_mode',
[36m(vLLMHttpServer pid=102622)[0m  'processed_logprobs',
[36m(vLLMHttpServer pid=102622)[0m  '--gpu_memory_utilization',
[36m(vLLMHttpServer pid=102622)[0m  '0.6',
[36m(vLLMHttpServer pid=102622)[0m  '--disable_log_stats',
[36m(vLLMHttpServer pid=102622)[0m  '--tensor_parallel_size',
[36m(vLLMHttpServer pid=102622)[0m  '8',
[36m(vLLMHttpServer pid=102622)[0m  '--seed',
[36m(vLLMHttpServer pid=102622)[0m  '0',
[36m(vLLMHttpServer pid=102622)[0m  '--override_generation_config',
[36m(vLLMHttpServer pid=102622)[0m  '{"temperature": 1.0, "top_k": -1, "top_p": 1, "repetition_penalty": 1.0, '
[36m(vLLMHttpServer pid=102622)[0m  '"max_new_tokens": 2048}',
[36m(vLLMHttpServer pid=102622)[0m  '--hf_overrides',
[36m(vLLMHttpServer pid=102622)[0m  '{}',
[36m(vLLMHttpServer pid=102622)[0m  '--scheduling_policy',
[36m(vLLMHttpServer pid=102622)[0m  'fcfs',
[36m(vLLMHttpServer pid=102622)[0m  '--compilation_config',
[36m(vLLMHttpServer pid=102622)[0m  '{"cudagraph_mode": "FULL_AND_PIECEWISE"}']
[36m(pid=102622)[0m ERROR 05-25 01:33:43 [gpt_oss_triton_kernels_moe.py:61] Failed to import Triton kernels. Please make sure your triton version is compatible. Error: No module named 'triton.language.target_info'
[36m(vLLMHttpServer pid=102622)[0m WARNING 05-25 01:33:50 [envs.py:1717] Unknown vLLM environment variable detected: VLLM_USE_V1
[36m(vLLMHttpServer pid=102622)[0m WARNING 05-25 01:33:50 [config.py:372] Mamba cache mode is set to 'align' for Qwen3_5MoeForConditionalGeneration by default when prefix caching is enabled
[36m(vLLMHttpServer pid=102622)[0m WARNING 05-25 01:33:50 [platform.py:783] Parameter '--disable-cascade-attn' is a GPU-specific feature. Resetting to False for Ascend.
[36m(vLLMHttpServer pid=102622)[0m WARNING 05-25 01:33:50 [platform.py:872] Ignored parameter 'disable_flashinfer_prefill'. This is a GPU-specific feature not supported on Ascend. Resetting to False.
[36m(vLLMHttpServer pid=102622)[0m WARNING 05-25 01:34:10 [system_utils.py:152] We must use the `spawn` multiprocessing start method. Overriding VLLM_WORKER_MULTIPROC_METHOD to 'spawn'. See https://docs.vllm.ai/en/latest/usage/troubleshooting.html#python-multiprocessing for more information. Reasons: In a Ray actor and can only be spawned
[36m(vLLMHttpServer pid=102622)[0m (EngineCore pid=109239) ERROR 05-25 01:34:23 [config.py:29] Failed to import Triton kernels. Please make sure your triton version is compatible. Error: No module named 'triton.language.target_info'
[36m(vLLMHttpServer pid=102622)[0m (EngineCore pid=109239) ERROR 05-25 01:34:24 [gpt_oss_triton_kernels_moe.py:61] Failed to import Triton kernels. Please make sure your triton version is compatible. Error: No module named 'triton.language.target_info'
[36m(vLLMHttpServer pid=102622)[0m ERROR 05-25 01:34:37 [config.py:29] Failed to import Triton kernels. Please make sure your triton version is compatible. Error: No module named 'triton.language.target_info'
[36m(vLLMHttpServer pid=102622)[0m ERROR 05-25 01:34:37 [config.py:29] Failed to import Triton kernels. Please make sure your triton version is compatible. Error: No module named 'triton.language.target_info'
[36m(vLLMHttpServer pid=102622)[0m ERROR 05-25 01:34:37 [gpt_oss_triton_kernels_moe.py:61] Failed to import Triton kernels. Please make sure your triton version is compatible. Error: No module named 'triton.language.target_info'[36m(vLLMHttpServer pid=102622)[0m /workspace/vllm-ascend/vllm_ascend/patch/worker/patch_weight_utils.py:80: UserWarning: pkg_resources is deprecated as an API. See https://setuptools.pypa.io/en/latest/pkg_resources.html. The pkg_resources package is slated for removal as early as 2025-11-30. Refrain from using this package or pin to Setuptools<81.
[36m(vLLMHttpServer pid=102622)[0m   module = original_import(name, globals, locals, fromlist, level)
[36m(vLLMHttpServer pid=102622)[0m /workspace/vllm-ascend/vllm_ascend/patch/worker/patch_weight_utils.py:80: UserWarning: pkg_resources is deprecated as an API. See https://setuptools.pypa.io/en/latest/pkg_resources.html. The pkg_resources package is slated for removal as early as 2025-11-30. Refrain from using this package or pin to Setuptools<81.
[36m(vLLMHttpServer pid=102622)[0m   module = original_import(name, globals, locals, fromlist, level)
[36m(vLLMHttpServer pid=102622)[0m /workspace/vllm-ascend/vllm_ascend/patch/worker/patch_weight_utils.py:80: UserWarning: pkg_resources is deprecated as an API. See https://setuptools.pypa.io/en/latest/pkg_resources.html. The pkg_resources package is slated for removal as early as 2025-11-30. Refrain from using this package or pin to Setuptools<81.
[36m(vLLMHttpServer pid=102622)[0m   module = original_import(name, globals, locals, fromlist, level)
[36m(vLLMHttpServer pid=102622)[0m /workspace/vllm-ascend/vllm_ascend/patch/worker/patch_weight_utils.py:80: UserWarning: pkg_resources is deprecated as an API. See https://setuptools.pypa.io/en/latest/pkg_resources.html. The pkg_resources package is slated for removal as early as 2025-11-30. Refrain from using this package or pin to Setuptools<81.
[36m(vLLMHttpServer pid=102622)[0m   module = original_import(name, globals, locals, fromlist, level)
[36m(vLLMHttpServer pid=102622)[0m /workspace/vllm-ascend/vllm_ascend/patch/worker/patch_weight_utils.py:80: UserWarning: pkg_resources is deprecated as an API. See https://setuptools.pypa.io/en/latest/pkg_resources.html. The pkg_resources package is slated for removal as early as 2025-11-30. Refrain from using this package or pin to Setuptools<81.
[36m(vLLMHttpServer pid=102622)[0m   module = original_import(name, globals, locals, fromlist, level)
[36m(vLLMHttpServer pid=102622)[0m /workspace/vllm-ascend/vllm_ascend/patch/worker/patch_weight_utils.py:80: UserWarning: pkg_resources is deprecated as an API. See https://setuptools.pypa.io/en/latest/pkg_resources.html. The pkg_resources package is slated for removal as early as 2025-11-30. Refrain from using this package or pin to Setuptools<81.
[36m(vLLMHttpServer pid=102622)[0m   module = original_import(name, globals, locals, fromlist, level)
[36m(vLLMHttpServer pid=102622)[0m /workspace/vllm-ascend/vllm_ascend/patch/worker/patch_weight_utils.py:80: UserWarning: pkg_resources is deprecated as an API. See https://setuptools.pypa.io/en/latest/pkg_resources.html. The pkg_resources package is slated for removal as early as 2025-11-30. Refrain from using this package or pin to Setuptools<81.
[36m(vLLMHttpServer pid=102622)[0m   module = original_import(name, globals, locals, fromlist, level)
[36m(vLLMHttpServer pid=102622)[0m /workspace/vllm-ascend/vllm_ascend/patch/worker/patch_weight_utils.py:80: UserWarning: pkg_resources is deprecated as an API. See https://setuptools.pypa.io/en/latest/pkg_resources.html. The pkg_resources package is slated for removal as early as 2025-11-30. Refrain from using this package or pin to Setuptools<81.
[36m(vLLMHttpServer pid=102622)[0m   module = original_import(name, globals, locals, fromlist, level)

[36m(vLLMHttpServer pid=102622)[0m ERROR 05-25 01:34:37 [gpt_oss_triton_kernels_moe.py:61] Failed to import Triton kernels. Please make sure your triton version is compatible. Error: No module named 'triton.language.target_info'
[36m(vLLMHttpServer pid=102622)[0m ERROR 05-25 01:34:37 [config.py:29] Failed to import Triton kernels. Please make sure your triton version is compatible. Error: No module named 'triton.language.target_info'
[36m(vLLMHttpServer pid=102622)[0m ERROR 05-25 01:34:37 [config.py:29] Failed to import Triton kernels. Please make sure your triton version is compatible. Error: No module named 'triton.language.target_info'
[36m(vLLMHttpServer pid=102622)[0m ERROR 05-25 01:34:37 [gpt_oss_triton_kernels_moe.py:61] Failed to import Triton kernels. Please make sure your triton version is compatible. Error: No module named 'triton.language.target_info'
[36m(vLLMHttpServer pid=102622)[0m ERROR 05-25 01:34:37 [config.py:29] Failed to import Triton kernels. Please make sure your triton version is compatible. Error: No module named 'triton.language.target_info'
[36m(vLLMHttpServer pid=102622)[0m ERROR 05-25 01:34:37 [gpt_oss_triton_kernels_moe.py:61] Failed to import Triton kernels. Please make sure your triton version is compatible. Error: No module named 'triton.language.target_info'
[36m(vLLMHttpServer pid=102622)[0m ERROR 05-25 01:34:37 [gpt_oss_triton_kernels_moe.py:61] Failed to import Triton kernels. Please make sure your triton version is compatible. Error: No module named 'triton.language.target_info'
[36m(vLLMHttpServer pid=102622)[0m ERROR 05-25 01:34:38 [config.py:29] Failed to import Triton kernels. Please make sure your triton version is compatible. Error: No module named 'triton.language.target_info'
[36m(vLLMHttpServer pid=102622)[0m ERROR 05-25 01:34:38 [config.py:29] Failed to import Triton kernels. Please make sure your triton version is compatible. Error: No module named 'triton.language.target_info'
[36m(vLLMHttpServer pid=102622)[0m ERROR 05-25 01:34:38 [gpt_oss_triton_kernels_moe.py:61] Failed to import Triton kernels. Please make sure your triton version is compatible. Error: No module named 'triton.language.target_info'
[36m(vLLMHttpServer pid=102622)[0m ERROR 05-25 01:34:38 [gpt_oss_triton_kernels_moe.py:61] Failed to import Triton kernels. Please make sure your triton version is compatible. Error: No module named 'triton.language.target_info'
[36m(vLLMHttpServer pid=102622)[0m ERROR 05-25 01:34:38 [config.py:29] Failed to import Triton kernels. Please make sure your triton version is compatible. Error: No module named 'triton.language.target_info'
[36m(vLLMHttpServer pid=102622)[0m ERROR 05-25 01:34:38 [gpt_oss_triton_kernels_moe.py:61] Failed to import Triton kernels. Please make sure your triton version is compatible. Error: No module named 'triton.language.target_info'
[36m(vLLMHttpServer pid=102622)[0m [Gloo] Rank 0 is connected to 7 peer ranks. Expected number of connected peer ranks is : 7
[36m(vLLMHttpServer pid=102622)[0m [Gloo] Rank 1 is connected to 7 peer ranks. Expected number of connected peer ranks is : 7
[36m(vLLMHttpServer pid=102622)[0m [Gloo] Rank 3 is connected to 7 peer ranks. Expected number of connected peer ranks is : 7
[36m(vLLMHttpServer pid=102622)[0m [Gloo] Rank 2 is connected to 7 peer ranks. Expected number of connected peer ranks is : 7
[36m(vLLMHttpServer pid=102622)[0m [Gloo] Rank 4 is connected to 7 peer ranks. Expected number of connected peer ranks is : 7
[36m(vLLMHttpServer pid=102622)[0m [Gloo] Rank 5 is connected to 7 peer ranks. Expected number of connected peer ranks is : 7
[36m(vLLMHttpServer pid=102622)[0m [Gloo] Rank 7 is connected to 7 peer ranks. Expected number of connected peer ranks is : 7
[36m(vLLMHttpServer pid=102622)[0m [Gloo] Rank 6 is connected to 7 peer ranks. Expected number of connected peer ranks is : 7
[36m(vLLMHttpServer pid=102622)[0m [Gloo] Rank 0 is connected to 7 peer ranks. Expected number of connected peer ranks is : 7
[36m(vLLMHttpServer pid=102622)[0m [Gloo] Rank 3 is connected to 7 peer ranks. Expected number of connected peer ranks is : 7
[36m(vLLMHttpServer pid=102622)[0m [Gloo] Rank 1 is connected to 7 peer ranks. Expected number of connected peer ranks is : 7
[36m(vLLMHttpServer pid=102622)[0m [Gloo] Rank 2 is connected to 7 peer ranks. Expected number of connected peer ranks is : 7
[36m(vLLMHttpServer pid=102622)[0m [Gloo] Rank 4 is connected to 7 peer ranks. Expected number of connected peer ranks is : 7
[36m(vLLMHttpServer pid=102622)[0m [Gloo] Rank 5 is connected to 7 peer ranks. Expected number of connected peer ranks is : 7
[36m(vLLMHttpServer pid=102622)[0m [Gloo] Rank 7 is connected to 7 peer ranks. Expected number of connected peer ranks is : 7
[36m(vLLMHttpServer pid=102622)[0m [Gloo] Rank 6 is connected to 7 peer ranks. Expected number of connected peer ranks is : 7
[36m(vLLMHttpServer pid=102622)[0m [Gloo] Rank 0 is connected to 0 peer ranks. Expected number of connected peer ranks is : 0
[36m(vLLMHttpServer pid=102622)[0m [Gloo] Rank 0 is connected to 0 peer ranks. Expected number of connected peer ranks is : 0
[36m(vLLMHttpServer pid=102622)[0m [Gloo] Rank 0 is connected to 0 peer ranks. Expected number of connected peer ranks is : 0
[36m(vLLMHttpServer pid=102622)[0m [Gloo] Rank 0 is connected to 0 peer ranks. Expected number of connected peer ranks is : 0
[36m(vLLMHttpServer pid=102622)[0m [Gloo] Rank 0 is connected to 0 peer ranks. Expected number of connected peer ranks is : 0
[36m(vLLMHttpServer pid=102622)[0m [Gloo] Rank 0 is connected to 0 peer ranks. Expected number of connected peer ranks is : 0
[36m(vLLMHttpServer pid=102622)[0m [Gloo] Rank 0 is connected to 0 peer ranks. Expected number of connected peer ranks is : 0
[36m(vLLMHttpServer pid=102622)[0m [Gloo] Rank 0 is connected to 0 peer ranks. Expected number of connected peer ranks is : 0
[36m(vLLMHttpServer pid=102622)[0m [Gloo] Rank 0 is connected to 0 peer ranks. Expected number of connected peer ranks is : 0
[36m(vLLMHttpServer pid=102622)[0m [Gloo] Rank 0 is connected to 0 peer ranks. Expected number of connected peer ranks is : 0
[36m(vLLMHttpServer pid=102622)[0m [Gloo] Rank 0 is connected to 0 peer ranks. Expected number of connected peer ranks is : 0
[36m(vLLMHttpServer pid=102622)[0m [Gloo] Rank 0 is connected to 0 peer ranks. Expected number of connected peer ranks is : 0
[36m(vLLMHttpServer pid=102622)[0m [Gloo] Rank 0 is connected to 0 peer ranks. Expected number of connected peer ranks is : 0
[36m(vLLMHttpServer pid=102622)[0m [Gloo] Rank 0 is connected to 0 peer ranks. Expected number of connected peer ranks is : 0
[36m(vLLMHttpServer pid=102622)[0m [Gloo] Rank 0 is connected to 0 peer ranks. Expected number of connected peer ranks is : 0
[36m(vLLMHttpServer pid=102622)[0m [Gloo] Rank 0 is connected to 0 peer ranks. Expected number of connected peer ranks is : 0
[36m(vLLMHttpServer pid=102622)[0m [Gloo] Rank 0 is connected to 0 peer ranks. Expected number of connected peer ranks is : 0
[36m(vLLMHttpServer pid=102622)[0m [Gloo] Rank 0 is connected to 0 peer ranks. Expected number of connected peer ranks is : 0
[36m(vLLMHttpServer pid=102622)[0m [Gloo] Rank 0 is connected to 0 peer ranks. Expected number of connected peer ranks is : 0
[36m(vLLMHttpServer pid=102622)[0m [Gloo] Rank 0 is connected to 0 peer ranks. Expected number of connected peer ranks is : 0
[36m(vLLMHttpServer pid=102622)[0m [Gloo] Rank 0 is connected to 0 peer ranks. Expected number of connected peer ranks is : 0
[36m(vLLMHttpServer pid=102622)[0m [Gloo] Rank 0 is connected to 0 peer ranks. Expected number of connected peer ranks is : 0
[36m(vLLMHttpServer pid=102622)[0m [Gloo] Rank 0 is connected to 0 peer ranks. Expected number of connected peer ranks is : 0
[36m(vLLMHttpServer pid=102622)[0m [Gloo] Rank 0 is connected to 0 peer ranks. Expected number of connected peer ranks is : 0
[36m(vLLMHttpServer pid=102622)[0m [Gloo] Rank 0 is connected to 0 peer ranks. Expected number of connected peer ranks is : 0
[36m(vLLMHttpServer pid=102622)[0m [Gloo] Rank 0 is connected to 0 peer ranks. Expected number of connected peer ranks is : 0[36m(vLLMHttpServer pid=102622)[0m (Worker_TP2 pid=110049) /usr/local/lib/python3.11/site-packages/torch_npu/dynamo/torchair/configs/compiler_config.py:106: UserWarning: The following torchair config or properties may not take effect or report error in reduce-overhead mode: config.experimental_config.enable_view_optimize:True, set_dim_gears, dynamo_export, scope, npu_print
[36m(vLLMHttpServer pid=102622)[0m (Worker_TP2 pid=110049)   warnings.warn(
[36m(vLLMHttpServer pid=102622)[0m (Worker_TP5 pid=110054) /usr/local/lib/python3.11/site-packages/torch_npu/dynamo/torchair/configs/compiler_config.py:106: UserWarning: The following torchair config or properties may not take effect or report error in reduce-overhead mode: config.experimental_config.enable_view_optimize:True, set_dim_gears, dynamo_export, scope, npu_print
[36m(vLLMHttpServer pid=102622)[0m (Worker_TP5 pid=110054)   warnings.warn(
[36m(vLLMHttpServer pid=102622)[0m (Worker_TP3 pid=110051) /usr/local/lib/python3.11/site-packages/torch_npu/dynamo/torchair/configs/compiler_config.py:106: UserWarning: The following torchair config or properties may not take effect or report error in reduce-overhead mode: config.experimental_config.enable_view_optimize:True, set_dim_gears, dynamo_export, scope, npu_print
[36m(vLLMHttpServer pid=102622)[0m (Worker_TP3 pid=110051)   warnings.warn(
[36m(vLLMHttpServer pid=102622)[0m (Worker_TP2 pid=110049) /usr/local/lib/python3.11/site-packages/torch_npu/dynamo/torchair/configs/compiler_config.py:106: UserWarning: The following torchair config or properties may not take effect or report error in reduce-overhead mode: config.experimental_config.enable_view_optimize:True, set_dim_gears, dynamo_export, scope, npu_print
[36m(vLLMHttpServer pid=102622)[0m (Worker_TP2 pid=110049)   warnings.warn(
[36m(vLLMHttpServer pid=102622)[0m (Worker_TP6 pid=110055) /usr/local/lib/python3.11/site-packages/torch_npu/dynamo/torchair/configs/compiler_config.py:106: UserWarning: The following torchair config or properties may not take effect or report error in reduce-overhead mode: config.experimental_config.enable_view_optimize:True, set_dim_gears, dynamo_export, scope, npu_print
[36m(vLLMHttpServer pid=102622)[0m (Worker_TP6 pid=110055)   warnings.warn(
[36m(vLLMHttpServer pid=102622)[0m (Worker_TP3 pid=110051) /usr/local/lib/python3.11/site-packages/torch_npu/dynamo/torchair/configs/compiler_config.py:106: UserWarning: The following torchair config or properties may not take effect or report error in reduce-overhead mode: config.experimental_config.enable_view_optimize:True, set_dim_gears, dynamo_export, scope, npu_print
[36m(vLLMHttpServer pid=102622)[0m (Worker_TP3 pid=110051)   warnings.warn(
[36m(vLLMHttpServer pid=102622)[0m (Worker_TP5 pid=110054) /usr/local/lib/python3.11/site-packages/torch_npu/dynamo/torchair/configs/compiler_config.py:106: UserWarning: The following torchair config or properties may not take effect or report error in reduce-overhead mode: config.experimental_config.enable_view_optimize:True, set_dim_gears, dynamo_export, scope, npu_print
[36m(vLLMHttpServer pid=102622)[0m (Worker_TP5 pid=110054)   warnings.warn(
[36m(vLLMHttpServer pid=102622)[0m (Worker_TP6 pid=110055) /usr/local/lib/python3.11/site-packages/torch_npu/dynamo/torchair/configs/compiler_config.py:106: UserWarning: The following torchair config or properties may not take effect or report error in reduce-overhead mode: config.experimental_config.enable_view_optimize:True, set_dim_gears, dynamo_export, scope, npu_print
[36m(vLLMHttpServer pid=102622)[0m (Worker_TP6 pid=110055)   warnings.warn(
[36m(vLLMHttpServer pid=102622)[0m (Worker_TP0 pid=110047) /usr/local/lib/python3.11/site-packages/torch_npu/dynamo/torchair/configs/compiler_config.py:106: UserWarning: The following torchair config or properties may not take effect or report error in reduce-overhead mode: config.experimental_config.enable_view_optimize:True, set_dim_gears, dynamo_export, scope, npu_print
[36m(vLLMHttpServer pid=102622)[0m (Worker_TP0 pid=110047)   warnings.warn(
[36m(vLLMHttpServer pid=102622)[0m (Worker_TP0 pid=110047) /usr/local/lib/python3.11/site-packages/torch_npu/dynamo/torchair/configs/compiler_config.py:106: UserWarning: The following torchair config or properties may not take effect or report error in reduce-overhead mode: config.experimental_config.enable_view_optimize:True, set_dim_gears, dynamo_export, scope, npu_print
[36m(vLLMHttpServer pid=102622)[0m (Worker_TP0 pid=110047)   warnings.warn(
[36m(vLLMHttpServer pid=102622)[0m (Worker_TP7 pid=110056) /usr/local/lib/python3.11/site-packages/torch_npu/dynamo/torchair/configs/compiler_config.py:106: UserWarning: The following torchair config or properties may not take effect or report error in reduce-overhead mode: config.experimental_config.enable_view_optimize:True, set_dim_gears, dynamo_export, scope, npu_print
[36m(vLLMHttpServer pid=102622)[0m (Worker_TP7 pid=110056)   warnings.warn(
[36m(vLLMHttpServer pid=102622)[0m (Worker_TP7 pid=110056) /usr/local/lib/python3.11/site-packages/torch_npu/dynamo/torchair/configs/compiler_config.py:106: UserWarning: The following torchair config or properties may not take effect or report error in reduce-overhead mode: config.experimental_config.enable_view_optimize:True, set_dim_gears, dynamo_export, scope, npu_print
[36m(vLLMHttpServer pid=102622)[0m (Worker_TP7 pid=110056)   warnings.warn(
[36m(vLLMHttpServer pid=102622)[0m (Worker_TP4 pid=110053) /usr/local/lib/python3.11/site-packages/torch_npu/dynamo/torchair/configs/compiler_config.py:106: UserWarning: The following torchair config or properties may not take effect or report error in reduce-overhead mode: config.experimental_config.enable_view_optimize:True, set_dim_gears, dynamo_export, scope, npu_print
[36m(vLLMHttpServer pid=102622)[0m (Worker_TP4 pid=110053)   warnings.warn(
[36m(vLLMHttpServer pid=102622)[0m (Worker_TP1 pid=110048) /usr/local/lib/python3.11/site-packages/torch_npu/dynamo/torchair/configs/compiler_config.py:106: UserWarning: The following torchair config or properties may not take effect or report error in reduce-overhead mode: config.experimental_config.enable_view_optimize:True, set_dim_gears, dynamo_export, scope, npu_print
[36m(vLLMHttpServer pid=102622)[0m (Worker_TP1 pid=110048)   warnings.warn(
[36m(vLLMHttpServer pid=102622)[0m (Worker_TP4 pid=110053) /usr/local/lib/python3.11/site-packages/torch_npu/dynamo/torchair/configs/compiler_config.py:106: UserWarning: The following torchair config or properties may not take effect or report error in reduce-overhead mode: config.experimental_config.enable_view_optimize:True, set_dim_gears, dynamo_export, scope, npu_print
[36m(vLLMHttpServer pid=102622)[0m (Worker_TP4 pid=110053)   warnings.warn(
[36m(vLLMHttpServer pid=102622)[0m (Worker_TP1 pid=110048) /usr/local/lib/python3.11/site-packages/torch_npu/dynamo/torchair/configs/compiler_config.py:106: UserWarning: The following torchair config or properties may not take effect or report error in reduce-overhead mode: config.experimental_config.enable_view_optimize:True, set_dim_gears, dynamo_export, scope, npu_print
[36m(vLLMHttpServer pid=102622)[0m (Worker_TP1 pid=110048)   warnings.warn(
[36m(vLLMHttpServer pid=102622)[0m (Worker_TP2 pid=110049) /usr/local/lib/python3.11/site-packages/torch_npu/dynamo/torchair/configs/compiler_config.py:106: UserWarning: The following torchair config or properties may not take effect or report error in reduce-overhead mode: config.experimental_config.enable_view_optimize:True, set_dim_gears, dynamo_export, scope, npu_print
[36m(vLLMHttpServer pid=102622)[0m (Worker_TP2 pid=110049)   warnings.warn(
[36m(vLLMHttpServer pid=102622)[0m (Worker_TP3 pid=110051) /usr/local/lib/python3.11/site-packages/torch_npu/dynamo/torchair/configs/compiler_config.py:106: UserWarning: The following torchair config or properties may not take effect or report error in reduce-overhead mode: config.experimental_config.enable_view_optimize:True, set_dim_gears, dynamo_export, scope, npu_print
[36m(vLLMHttpServer pid=102622)[0m (Worker_TP3 pid=110051)   warnings.warn(
[36m(vLLMHttpServer pid=102622)[0m (Worker_TP5 pid=110054) /usr/local/lib/python3.11/site-packages/torch_npu/dynamo/torchair/configs/compiler_config.py:106: UserWarning: The following torchair config or properties may not take effect or report error in reduce-overhead mode: config.experimental_config.enable_view_optimize:True, set_dim_gears, dynamo_export, scope, npu_print
[36m(vLLMHttpServer pid=102622)[0m (Worker_TP5 pid=110054)   warnings.warn(
[36m(vLLMHttpServer pid=102622)[0m (Worker_TP6 pid=110055) /usr/local/lib/python3.11/site-packages/torch_npu/dynamo/torchair/configs/compiler_config.py:106: UserWarning: The following torchair config or properties may not take effect or report error in reduce-overhead mode: config.experimental_config.enable_view_optimize:True, set_dim_gears, dynamo_export, scope, npu_print
[36m(vLLMHttpServer pid=102622)[0m (Worker_TP6 pid=110055)   warnings.warn(
[36m(vLLMHttpServer pid=102622)[0m (Worker_TP2 pid=110049) /usr/local/lib/python3.11/site-packages/torch_npu/dynamo/torchair/configs/compiler_config.py:106: UserWarning: The following torchair config or properties may not take effect or report error in reduce-overhead mode: config.experimental_config.enable_view_optimize:True, set_dim_gears, dynamo_export, scope, npu_print
[36m(vLLMHttpServer pid=102622)[0m (Worker_TP2 pid=110049)   warnings.warn(
[36m(vLLMHttpServer pid=102622)[0m (Worker_TP3 pid=110051) /usr/local/lib/python3.11/site-packages/torch_npu/dynamo/torchair/configs/compiler_config.py:106: UserWarning: The following torchair config or properties may not take effect or report error in reduce-overhead mode: config.experimental_config.enable_view_optimize:True, set_dim_gears, dynamo_export, scope, npu_print
[36m(vLLMHttpServer pid=102622)[0m (Worker_TP3 pid=110051)   warnings.warn(
[36m(vLLMHttpServer pid=102622)[0m (Worker_TP5 pid=110054) /usr/local/lib/python3.11/site-packages/torch_npu/dynamo/torchair/configs/compiler_config.py:106: UserWarning: The following torchair config or properties may not take effect or report error in reduce-overhead mode: config.experimental_config.enable_view_optimize:True, set_dim_gears, dynamo_export, scope, npu_print
[36m(vLLMHttpServer pid=102622)[0m (Worker_TP5 pid=110054)   warnings.warn(
[36m(vLLMHttpServer pid=102622)[0m (Worker_TP6 pid=110055) /usr/local/lib/python3.11/site-packages/torch_npu/dynamo/torchair/configs/compiler_config.py:106: UserWarning: The following torchair config or properties may not take effect or report error in reduce-overhead mode: config.experimental_config.enable_view_optimize:True, set_dim_gears, dynamo_export, scope, npu_print
[36m(vLLMHttpServer pid=102622)[0m (Worker_TP6 pid=110055)   warnings.warn(
[36m(vLLMHttpServer pid=102622)[0m (Worker_TP0 pid=110047) /usr/local/lib/python3.11/site-packages/torch_npu/dynamo/torchair/configs/compiler_config.py:106: UserWarning: The following torchair config or properties may not take effect or report error in reduce-overhead mode: config.experimental_config.enable_view_optimize:True, set_dim_gears, dynamo_export, scope, npu_print
[36m(vLLMHttpServer pid=102622)[0m (Worker_TP0 pid=110047)   warnings.warn(
[36m(vLLMHttpServer pid=102622)[0m (Worker_TP7 pid=110056) /usr/local/lib/python3.11/site-packages/torch_npu/dynamo/torchair/configs/compiler_config.py:106: UserWarning: The following torchair config or properties may not take effect or report error in reduce-overhead mode: config.experimental_config.enable_view_optimize:True, set_dim_gears, dynamo_export, scope, npu_print
[36m(vLLMHttpServer pid=102622)[0m (Worker_TP7 pid=110056)   warnings.warn(
[36m(vLLMHttpServer pid=102622)[0m (Worker_TP2 pid=110049) /usr/local/lib/python3.11/site-packages/torch_npu/dynamo/torchair/configs/compiler_config.py:106: UserWarning: The following torchair config or properties may not take effect or report error in reduce-overhead mode: config.experimental_config.enable_view_optimize:True, set_dim_gears, dynamo_export, scope, npu_print
[36m(vLLMHttpServer pid=102622)[0m (Worker_TP2 pid=110049)   warnings.warn(
[36m(vLLMHttpServer pid=102622)[0m (Worker_TP3 pid=110051) /usr/local/lib/python3.11/site-packages/torch_npu/dynamo/torchair/configs/compiler_config.py:106: UserWarning: The following torchair config or properties may not take effect or report error in reduce-overhead mode: config.experimental_config.enable_view_optimize:True, set_dim_gears, dynamo_export, scope, npu_print
[36m(vLLMHttpServer pid=102622)[0m (Worker_TP3 pid=110051)   warnings.warn(
[36m(vLLMHttpServer pid=102622)[0m (Worker_TP5 pid=110054) /usr/local/lib/python3.11/site-packages/torch_npu/dynamo/torchair/configs/compiler_config.py:106: UserWarning: The following torchair config or properties may not take effect or report error in reduce-overhead mode: config.experimental_config.enable_view_optimize:True, set_dim_gears, dynamo_export, scope, npu_print
[36m(vLLMHttpServer pid=102622)[0m (Worker_TP5 pid=110054)   warnings.warn(
[36m(vLLMHttpServer pid=102622)[0m (Worker_TP6 pid=110055) /usr/local/lib/python3.11/site-packages/torch_npu/dynamo/torchair/configs/compiler_config.py:106: UserWarning: The following torchair config or properties may not take effect or report error in reduce-overhead mode: config.experimental_config.enable_view_optimize:True, set_dim_gears, dynamo_export, scope, npu_print
[36m(vLLMHttpServer pid=102622)[0m (Worker_TP6 pid=110055)   warnings.warn(
[36m(vLLMHttpServer pid=102622)[0m (Worker_TP2 pid=110049) /usr/local/lib/python3.11/site-packages/torch_npu/dynamo/torchair/configs/compiler_config.py:106: UserWarning: The following torchair config or properties may not take effect or report error in reduce-overhead mode: config.experimental_config.enable_view_optimize:True, set_dim_gears, dynamo_export, scope, npu_print
[36m(vLLMHttpServer pid=102622)[0m (Worker_TP2 pid=110049)   warnings.warn(
[36m(vLLMHttpServer pid=102622)[0m (Worker_TP3 pid=110051) /usr/local/lib/python3.11/site-packages/torch_npu/dynamo/torchair/configs/compiler_config.py:106: UserWarning: The following torchair config or properties may not take effect or report error in reduce-overhead mode: config.experimental_config.enable_view_optimize:True, set_dim_gears, dynamo_export, scope, npu_print
[36m(vLLMHttpServer pid=102622)[0m (Worker_TP3 pid=110051)   warnings.warn(
[36m(vLLMHttpServer pid=102622)[0m (Worker_TP0 pid=110047) /usr/local/lib/python3.11/site-packages/torch_npu/dynamo/torchair/configs/compiler_config.py:106: UserWarning: The following torchair config or properties may not take effect or report error in reduce-overhead mode: config.experimental_config.enable_view_optimize:True, set_dim_gears, dynamo_export, scope, npu_print
[36m(vLLMHttpServer pid=102622)[0m (Worker_TP0 pid=110047)   warnings.warn(
[36m(vLLMHttpServer pid=102622)[0m (Worker_TP7 pid=110056) /usr/local/lib/python3.11/site-packages/torch_npu/dynamo/torchair/configs/compiler_config.py:106: UserWarning: The following torchair config or properties may not take effect or report error in reduce-overhead mode: config.experimental_config.enable_view_optimize:True, set_dim_gears, dynamo_export, scope, npu_print
[36m(vLLMHttpServer pid=102622)[0m (Worker_TP7 pid=110056)   warnings.warn(
[36m(vLLMHttpServer pid=102622)[0m (Worker_TP5 pid=110054) /usr/local/lib/python3.11/site-packages/torch_npu/dynamo/torchair/configs/compiler_config.py:106: UserWarning: The following torchair config or properties may not take effect or report error in reduce-overhead mode: config.experimental_config.enable_view_optimize:True, set_dim_gears, dynamo_export, scope, npu_print
[36m(vLLMHttpServer pid=102622)[0m (Worker_TP5 pid=110054)   warnings.warn(
[36m(vLLMHttpServer pid=102622)[0m (Worker_TP4 pid=110053) /usr/local/lib/python3.11/site-packages/torch_npu/dynamo/torchair/configs/compiler_config.py:106: UserWarning: The following torchair config or properties may not take effect or report error in reduce-overhead mode: config.experimental_config.enable_view_optimize:True, set_dim_gears, dynamo_export, scope, npu_print
[36m(vLLMHttpServer pid=102622)[0m (Worker_TP4 pid=110053)   warnings.warn(
[36m(vLLMHttpServer pid=102622)[0m (Worker_TP1 pid=110048) /usr/local/lib/python3.11/site-packages/torch_npu/dynamo/torchair/configs/compiler_config.py:106: UserWarning: The following torchair config or properties may not take effect or report error in reduce-overhead mode: config.experimental_config.enable_view_optimize:True, set_dim_gears, dynamo_export, scope, npu_print
[36m(vLLMHttpServer pid=102622)[0m (Worker_TP1 pid=110048)   warnings.warn(
[36m(vLLMHttpServer pid=102622)[0m (Worker_TP6 pid=110055) /usr/local/lib/python3.11/site-packages/torch_npu/dynamo/torchair/configs/compiler_config.py:106: UserWarning: The following torchair config or properties may not take effect or report error in reduce-overhead mode: config.experimental_config.enable_view_optimize:True, set_dim_gears, dynamo_export, scope, npu_print
[36m(vLLMHttpServer pid=102622)[0m (Worker_TP6 pid=110055)   warnings.warn(
[36m(vLLMHttpServer pid=102622)[0m (Worker_TP2 pid=110049) /usr/local/lib/python3.11/site-packages/torch_npu/dynamo/torchair/configs/compiler_config.py:106: UserWarning: The following torchair config or properties may not take effect or report error in reduce-overhead mode: config.experimental_config.enable_view_optimize:True, set_dim_gears, dynamo_export, scope, npu_print
[36m(vLLMHttpServer pid=102622)[0m (Worker_TP2 pid=110049)   warnings.warn(
[36m(vLLMHttpServer pid=102622)[0m (Worker_TP3 pid=110051) /usr/local/lib/python3.11/site-packages/torch_npu/dynamo/torchair/configs/compiler_config.py:106: UserWarning: The following torchair config or properties may not take effect or report error in reduce-overhead mode: config.experimental_config.enable_view_optimize:True, set_dim_gears, dynamo_export, scope, npu_print
[36m(vLLMHttpServer pid=102622)[0m (Worker_TP3 pid=110051)   warnings.warn(
[36m(vLLMHttpServer pid=102622)[0m (Worker_TP0 pid=110047) /usr/local/lib/python3.11/site-packages/torch_npu/dynamo/torchair/configs/compiler_config.py:106: UserWarning: The following torchair config or properties may not take effect or report error in reduce-overhead mode: config.experimental_config.enable_view_optimize:True, set_dim_gears, dynamo_export, scope, npu_print
[36m(vLLMHttpServer pid=102622)[0m (Worker_TP0 pid=110047)   warnings.warn(
[36m(vLLMHttpServer pid=102622)[0m (Worker_TP7 pid=110056) /usr/local/lib/python3.11/site-packages/torch_npu/dynamo/torchair/configs/compiler_config.py:106: UserWarning: The following torchair config or properties may not take effect or report error in reduce-overhead mode: config.experimental_config.enable_view_optimize:True, set_dim_gears, dynamo_export, scope, npu_print
[36m(vLLMHttpServer pid=102622)[0m (Worker_TP7 pid=110056)   warnings.warn(
[36m(vLLMHttpServer pid=102622)[0m (Worker_TP5 pid=110054) /usr/local/lib/python3.11/site-packages/torch_npu/dynamo/torchair/configs/compiler_config.py:106: UserWarning: The following torchair config or properties may not take effect or report error in reduce-overhead mode: config.experimental_config.enable_view_optimize:True, set_dim_gears, dynamo_export, scope, npu_print
[36m(vLLMHttpServer pid=102622)[0m (Worker_TP5 pid=110054)   warnings.warn(
[36m(vLLMHttpServer pid=102622)[0m (Worker_TP4 pid=110053) /usr/local/lib/python3.11/site-packages/torch_npu/dynamo/torchair/configs/compiler_config.py:106: UserWarning: The following torchair config or properties may not take effect or report error in reduce-overhead mode: config.experimental_config.enable_view_optimize:True, set_dim_gears, dynamo_export, scope, npu_print
[36m(vLLMHttpServer pid=102622)[0m (Worker_TP4 pid=110053)   warnings.warn(
[36m(vLLMHttpServer pid=102622)[0m (Worker_TP1 pid=110048) /usr/local/lib/python3.11/site-packages/torch_npu/dynamo/torchair/configs/compiler_config.py:106: UserWarning: The following torchair config or properties may not take effect or report error in reduce-overhead mode: config.experimental_config.enable_view_optimize:True, set_dim_gears, dynamo_export, scope, npu_print
[36m(vLLMHttpServer pid=102622)[0m (Worker_TP1 pid=110048)   warnings.warn(
[36m(vLLMHttpServer pid=102622)[0m (Worker_TP6 pid=110055) /usr/local/lib/python3.11/site-packages/torch_npu/dynamo/torchair/configs/compiler_config.py:106: UserWarning: The following torchair config or properties may not take effect or report error in reduce-overhead mode: config.experimental_config.enable_view_optimize:True, set_dim_gears, dynamo_export, scope, npu_print
[36m(vLLMHttpServer pid=102622)[0m (Worker_TP6 pid=110055)   warnings.warn(
[36m(vLLMHttpServer pid=102622)[0m (Worker_TP0 pid=110047) /usr/local/lib/python3.11/site-packages/torch_npu/dynamo/torchair/configs/compiler_config.py:106: UserWarning: The following torchair config or properties may not take effect or report error in reduce-overhead mode: config.experimental_config.enable_view_optimize:True, set_dim_gears, dynamo_export, scope, npu_print
[36m(vLLMHttpServer pid=102622)[0m (Worker_TP0 pid=110047)   warnings.warn(
[36m(vLLMHttpServer pid=102622)[0m (Worker_TP7 pid=110056) /usr/local/lib/python3.11/site-packages/torch_npu/dynamo/torchair/configs/compiler_config.py:106: UserWarning: The following torchair config or properties may not take effect or report error in reduce-overhead mode: config.experimental_config.enable_view_optimize:True, set_dim_gears, dynamo_export, scope, npu_print
[36m(vLLMHttpServer pid=102622)[0m (Worker_TP7 pid=110056)   warnings.warn(
[36m(vLLMHttpServer pid=102622)[0m (Worker_TP2 pid=110049) /usr/local/lib/python3.11/site-packages/torch_npu/dynamo/torchair/configs/compiler_config.py:106: UserWarning: The following torchair config or properties may not take effect or report error in reduce-overhead mode: config.experimental_config.enable_view_optimize:True, set_dim_gears, dynamo_export, scope, npu_print
[36m(vLLMHttpServer pid=102622)[0m (Worker_TP2 pid=110049)   warnings.warn(
[36m(vLLMHttpServer pid=102622)[0m (Worker_TP3 pid=110051) /usr/local/lib/python3.11/site-packages/torch_npu/dynamo/torchair/configs/compiler_config.py:106: UserWarning: The following torchair config or properties may not take effect or report error in reduce-overhead mode: config.experimental_config.enable_view_optimize:True, set_dim_gears, dynamo_export, scope, npu_print
[36m(vLLMHttpServer pid=102622)[0m (Worker_TP3 pid=110051)   warnings.warn(
[36m(vLLMHttpServer pid=102622)[0m (Worker_TP5 pid=110054) /usr/local/lib/python3.11/site-packages/torch_npu/dynamo/torchair/configs/compiler_config.py:106: UserWarning: The following torchair config or properties may not take effect or report error in reduce-overhead mode: config.experimental_config.enable_view_optimize:True, set_dim_gears, dynamo_export, scope, npu_print
[36m(vLLMHttpServer pid=102622)[0m (Worker_TP5 pid=110054)   warnings.warn(
[36m(vLLMHttpServer pid=102622)[0m (Worker_TP4 pid=110053) /usr/local/lib/python3.11/site-packages/torch_npu/dynamo/torchair/configs/compiler_config.py:106: UserWarning: The following torchair config or properties may not take effect or report error in reduce-overhead mode: config.experimental_config.enable_view_optimize:True, set_dim_gears, dynamo_export, scope, npu_print
[36m(vLLMHttpServer pid=102622)[0m (Worker_TP4 pid=110053)   warnings.warn(
[36m(vLLMHttpServer pid=102622)[0m (Worker_TP1 pid=110048) /usr/local/lib/python3.11/site-packages/torch_npu/dynamo/torchair/configs/compiler_config.py:106: UserWarning: The following torchair config or properties may not take effect or report error in reduce-overhead mode: config.experimental_config.enable_view_optimize:True, set_dim_gears, dynamo_export, scope, npu_print
[36m(vLLMHttpServer pid=102622)[0m (Worker_TP1 pid=110048)   warnings.warn(
[36m(vLLMHttpServer pid=102622)[0m (Worker_TP6 pid=110055) /usr/local/lib/python3.11/site-packages/torch_npu/dynamo/torchair/configs/compiler_config.py:106: UserWarning: The following torchair config or properties may not take effect or report error in reduce-overhead mode: config.experimental_config.enable_view_optimize:True, set_dim_gears, dynamo_export, scope, npu_print
[36m(vLLMHttpServer pid=102622)[0m (Worker_TP6 pid=110055)   warnings.warn(
[36m(vLLMHttpServer pid=102622)[0m (Worker_TP7 pid=110056) /usr/local/lib/python3.11/site-packages/torch_npu/dynamo/torchair/configs/compiler_config.py:106: UserWarning: The following torchair config or properties may not take effect or report error in reduce-overhead mode: config.experimental_config.enable_view_optimize:True, set_dim_gears, dynamo_export, scope, npu_print
[36m(vLLMHttpServer pid=102622)[0m (Worker_TP7 pid=110056)   warnings.warn(
[36m(vLLMHttpServer pid=102622)[0m (Worker_TP0 pid=110047) /usr/local/lib/python3.11/site-packages/torch_npu/dynamo/torchair/configs/compiler_config.py:106: UserWarning: The following torchair config or properties may not take effect or report error in reduce-overhead mode: config.experimental_config.enable_view_optimize:True, set_dim_gears, dynamo_export, scope, npu_print
[36m(vLLMHttpServer pid=102622)[0m (Worker_TP0 pid=110047)   warnings.warn(
[36m(vLLMHttpServer pid=102622)[0m (Worker_TP2 pid=110049) /usr/local/lib/python3.11/site-packages/torch_npu/dynamo/torchair/configs/compiler_config.py:106: UserWarning: The following torchair config or properties may not take effect or report error in reduce-overhead mode: config.experimental_config.enable_view_optimize:True, set_dim_gears, dynamo_export, scope, npu_print
[36m(vLLMHttpServer pid=102622)[0m (Worker_TP2 pid=110049)   warnings.warn(
[36m(vLLMHttpServer pid=102622)[0m (Worker_TP3 pid=110051) /usr/local/lib/python3.11/site-packages/torch_npu/dynamo/torchair/configs/compiler_config.py:106: UserWarning: The following torchair config or properties may not take effect or report error in reduce-overhead mode: config.experimental_config.enable_view_optimize:True, set_dim_gears, dynamo_export, scope, npu_print
[36m(vLLMHttpServer pid=102622)[0m (Worker_TP3 pid=110051)   warnings.warn(
[36m(vLLMHttpServer pid=102622)[0m (Worker_TP4 pid=110053) /usr/local/lib/python3.11/site-packages/torch_npu/dynamo/torchair/configs/compiler_config.py:106: UserWarning: The following torchair config or properties may not take effect or report error in reduce-overhead mode: config.experimental_config.enable_view_optimize:True, set_dim_gears, dynamo_export, scope, npu_print
[36m(vLLMHttpServer pid=102622)[0m (Worker_TP4 pid=110053)   warnings.warn(
[36m(vLLMHttpServer pid=102622)[0m (Worker_TP1 pid=110048) /usr/local/lib/python3.11/site-packages/torch_npu/dynamo/torchair/configs/compiler_config.py:106: UserWarning: The following torchair config or properties may not take effect or report error in reduce-overhead mode: config.experimental_config.enable_view_optimize:True, set_dim_gears, dynamo_export, scope, npu_print
[36m(vLLMHttpServer pid=102622)[0m (Worker_TP1 pid=110048)   warnings.warn(
[36m(vLLMHttpServer pid=102622)[0m (Worker_TP5 pid=110054) /usr/local/lib/python3.11/site-packages/torch_npu/dynamo/torchair/configs/compiler_config.py:106: UserWarning: The following torchair config or properties may not take effect or report error in reduce-overhead mode: config.experimental_config.enable_view_optimize:True, set_dim_gears, dynamo_export, scope, npu_print
[36m(vLLMHttpServer pid=102622)[0m (Worker_TP5 pid=110054)   warnings.warn(
[36m(vLLMHttpServer pid=102622)[0m (Worker_TP6 pid=110055) /usr/local/lib/python3.11/site-packages/torch_npu/dynamo/torchair/configs/compiler_config.py:106: UserWarning: The following torchair config or properties may not take effect or report error in reduce-overhead mode: config.experimental_config.enable_view_optimize:True, set_dim_gears, dynamo_export, scope, npu_print
[36m(vLLMHttpServer pid=102622)[0m (Worker_TP6 pid=110055)   warnings.warn(
[36m(vLLMHttpServer pid=102622)[0m (Worker_TP2 pid=110049) /usr/local/lib/python3.11/site-packages/torch_npu/dynamo/torchair/configs/compiler_config.py:106: UserWarning: The following torchair config or properties may not take effect or report error in reduce-overhead mode: config.experimental_config.enable_view_optimize:True, set_dim_gears, dynamo_export, scope, npu_print
[36m(vLLMHttpServer pid=102622)[0m (Worker_TP2 pid=110049)   warnings.warn(
[36m(vLLMHttpServer pid=102622)[0m (Worker_TP3 pid=110051) /usr/local/lib/python3.11/site-packages/torch_npu/dynamo/torchair/configs/compiler_config.py:106: UserWarning: The following torchair config or properties may not take effect or report error in reduce-overhead mode: config.experimental_config.enable_view_optimize:True, set_dim_gears, dynamo_export, scope, npu_print
[36m(vLLMHttpServer pid=102622)[0m (Worker_TP3 pid=110051)   warnings.warn(
[36m(vLLMHttpServer pid=102622)[0m (Worker_TP7 pid=110056) /usr/local/lib/python3.11/site-packages/torch_npu/dynamo/torchair/configs/compiler_config.py:106: UserWarning: The following torchair config or properties may not take effect or report error in reduce-overhead mode: config.experimental_config.enable_view_optimize:True, set_dim_gears, dynamo_export, scope, npu_print
[36m(vLLMHttpServer pid=102622)[0m (Worker_TP7 pid=110056)   warnings.warn(
[36m(vLLMHttpServer pid=102622)[0m (Worker_TP0 pid=110047) /usr/local/lib/python3.11/site-packages/torch_npu/dynamo/torchair/configs/compiler_config.py:106: UserWarning: The following torchair config or properties may not take effect or report error in reduce-overhead mode: config.experimental_config.enable_view_optimize:True, set_dim_gears, dynamo_export, scope, npu_print
[36m(vLLMHttpServer pid=102622)[0m (Worker_TP0 pid=110047)   warnings.warn(
[36m(vLLMHttpServer pid=102622)[0m (Worker_TP5 pid=110054) /usr/local/lib/python3.11/site-packages/torch_npu/dynamo/torchair/configs/compiler_config.py:106: UserWarning: The following torchair config or properties may not take effect or report error in reduce-overhead mode: config.experimental_config.enable_view_optimize:True, set_dim_gears, dynamo_export, scope, npu_print
[36m(vLLMHttpServer pid=102622)[0m (Worker_TP5 pid=110054)   warnings.warn(
[36m(vLLMHttpServer pid=102622)[0m (Worker_TP6 pid=110055) /usr/local/lib/python3.11/site-packages/torch_npu/dynamo/torchair/configs/compiler_config.py:106: UserWarning: The following torchair config or properties may not take effect or report error in reduce-overhead mode: config.experimental_config.enable_view_optimize:True, set_dim_gears, dynamo_export, scope, npu_print
[36m(vLLMHttpServer pid=102622)[0m (Worker_TP6 pid=110055)   warnings.warn(
[36m(vLLMHttpServer pid=102622)[0m (Worker_TP4 pid=110053) /usr/local/lib/python3.11/site-packages/torch_npu/dynamo/torchair/configs/compiler_config.py:106: UserWarning: The following torchair config or properties may not take effect or report error in reduce-overhead mode: config.experimental_config.enable_view_optimize:True, set_dim_gears, dynamo_export, scope, npu_print
[36m(vLLMHttpServer pid=102622)[0m (Worker_TP4 pid=110053)   warnings.warn(
[36m(vLLMHttpServer pid=102622)[0m (Worker_TP1 pid=110048) /usr/local/lib/python3.11/site-packages/torch_npu/dynamo/torchair/configs/compiler_config.py:106: UserWarning: The following torchair config or properties may not take effect or report error in reduce-overhead mode: config.experimental_config.enable_view_optimize:True, set_dim_gears, dynamo_export, scope, npu_print
[36m(vLLMHttpServer pid=102622)[0m (Worker_TP1 pid=110048)   warnings.warn(
[36m(vLLMHttpServer pid=102622)[0m (Worker_TP2 pid=110049) /usr/local/lib/python3.11/site-packages/torch_npu/dynamo/torchair/configs/compiler_config.py:106: UserWarning: The following torchair config or properties may not take effect or report error in reduce-overhead mode: config.experimental_config.enable_view_optimize:True, set_dim_gears, dynamo_export, scope, npu_print
[36m(vLLMHttpServer pid=102622)[0m (Worker_TP2 pid=110049)   warnings.warn(
[36m(vLLMHttpServer pid=102622)[0m (Worker_TP3 pid=110051) /usr/local/lib/python3.11/site-packages/torch_npu/dynamo/torchair/configs/compiler_config.py:106: UserWarning: The following torchair config or properties may not take effect or report error in reduce-overhead mode: config.experimental_config.enable_view_optimize:True, set_dim_gears, dynamo_export, scope, npu_print
[36m(vLLMHttpServer pid=102622)[0m (Worker_TP3 pid=110051)   warnings.warn(
[36m(vLLMHttpServer pid=102622)[0m (Worker_TP7 pid=110056) /usr/local/lib/python3.11/site-packages/torch_npu/dynamo/torchair/configs/compiler_config.py:106: UserWarning: The following torchair config or properties may not take effect or report error in reduce-overhead mode: config.experimental_config.enable_view_optimize:True, set_dim_gears, dynamo_export, scope, npu_print
[36m(vLLMHttpServer pid=102622)[0m (Worker_TP7 pid=110056)   warnings.warn(
[36m(vLLMHttpServer pid=102622)[0m (Worker_TP0 pid=110047) /usr/local/lib/python3.11/site-packages/torch_npu/dynamo/torchair/configs/compiler_config.py:106: UserWarning: The following torchair config or properties may not take effect or report error in reduce-overhead mode: config.experimental_config.enable_view_optimize:True, set_dim_gears, dynamo_export, scope, npu_print
[36m(vLLMHttpServer pid=102622)[0m (Worker_TP0 pid=110047)   warnings.warn(
[36m(vLLMHttpServer pid=102622)[0m (Worker_TP5 pid=110054) /usr/local/lib/python3.11/site-packages/torch_npu/dynamo/torchair/configs/compiler_config.py:106: UserWarning: The following torchair config or properties may not take effect or report error in reduce-overhead mode: config.experimental_config.enable_view_optimize:True, set_dim_gears, dynamo_export, scope, npu_print
[36m(vLLMHttpServer pid=102622)[0m (Worker_TP5 pid=110054)   warnings.warn(
[36m(vLLMHttpServer pid=102622)[0m (Worker_TP6 pid=110055) /usr/local/lib/python3.11/site-packages/torch_npu/dynamo/torchair/configs/compiler_config.py:106: UserWarning: The following torchair config or properties may not take effect or report error in reduce-overhead mode: config.experimental_config.enable_view_optimize:True, set_dim_gears, dynamo_export, scope, npu_print
[36m(vLLMHttpServer pid=102622)[0m (Worker_TP6 pid=110055)   warnings.warn(
[36m(vLLMHttpServer pid=102622)[0m (Worker_TP4 pid=110053) /usr/local/lib/python3.11/site-packages/torch_npu/dynamo/torchair/configs/compiler_config.py:106: UserWarning: The following torchair config or properties may not take effect or report error in reduce-overhead mode: config.experimental_config.enable_view_optimize:True, set_dim_gears, dynamo_export, scope, npu_print
[36m(vLLMHttpServer pid=102622)[0m (Worker_TP4 pid=110053)   warnings.warn(
[36m(vLLMHttpServer pid=102622)[0m (Worker_TP1 pid=110048) /usr/local/lib/python3.11/site-packages/torch_npu/dynamo/torchair/configs/compiler_config.py:106: UserWarning: The following torchair config or properties may not take effect or report error in reduce-overhead mode: config.experimental_config.enable_view_optimize:True, set_dim_gears, dynamo_export, scope, npu_print
[36m(vLLMHttpServer pid=102622)[0m (Worker_TP1 pid=110048)   warnings.warn(
[36m(vLLMHttpServer pid=102622)[0m (Worker_TP7 pid=110056) /usr/local/lib/python3.11/site-packages/torch_npu/dynamo/torchair/configs/compiler_config.py:106: UserWarning: The following torchair config or properties may not take effect or report error in reduce-overhead mode: config.experimental_config.enable_view_optimize:True, set_dim_gears, dynamo_export, scope, npu_print
[36m(vLLMHttpServer pid=102622)[0m (Worker_TP7 pid=110056)   warnings.warn(
[36m(vLLMHttpServer pid=102622)[0m (Worker_TP0 pid=110047) /usr/local/lib/python3.11/site-packages/torch_npu/dynamo/torchair/configs/compiler_config.py:106: UserWarning: The following torchair config or properties may not take effect or report error in reduce-overhead mode: config.experimental_config.enable_view_optimize:True, set_dim_gears, dynamo_export, scope, npu_print
[36m(vLLMHttpServer pid=102622)[0m (Worker_TP0 pid=110047)   warnings.warn(
[36m(vLLMHttpServer pid=102622)[0m (Worker_TP4 pid=110053) /usr/local/lib/python3.11/site-packages/torch_npu/dynamo/torchair/configs/compiler_config.py:106: UserWarning: The following torchair config or properties may not take effect or report error in reduce-overhead mode: config.experimental_config.enable_view_optimize:True, set_dim_gears, dynamo_export, scope, npu_print
[36m(vLLMHttpServer pid=102622)[0m (Worker_TP4 pid=110053)   warnings.warn(
[36m(vLLMHttpServer pid=102622)[0m (Worker_TP1 pid=110048) /usr/local/lib/python3.11/site-packages/torch_npu/dynamo/torchair/configs/compiler_config.py:106: UserWarning: The following torchair config or properties may not take effect or report error in reduce-overhead mode: config.experimental_config.enable_view_optimize:True, set_dim_gears, dynamo_export, scope, npu_print
[36m(vLLMHttpServer pid=102622)[0m (Worker_TP1 pid=110048)   warnings.warn(
[36m(vLLMHttpServer pid=102622)[0m (Worker_TP7 pid=110056) /usr/local/lib/python3.11/site-packages/torch_npu/dynamo/torchair/configs/compiler_config.py:106: UserWarning: The following torchair config or properties may not take effect or report error in reduce-overhead mode: config.experimental_config.enable_view_optimize:True, set_dim_gears, dynamo_export, scope, npu_print
[36m(vLLMHttpServer pid=102622)[0m (Worker_TP7 pid=110056)   warnings.warn(
[36m(vLLMHttpServer pid=102622)[0m (Worker_TP0 pid=110047) /usr/local/lib/python3.11/site-packages/torch_npu/dynamo/torchair/configs/compiler_config.py:106: UserWarning: The following torchair config or properties may not take effect or report error in reduce-overhead mode: config.experimental_config.enable_view_optimize:True, set_dim_gears, dynamo_export, scope, npu_print
[36m(vLLMHttpServer pid=102622)[0m (Worker_TP0 pid=110047)   warnings.warn(
[36m(vLLMHttpServer pid=102622)[0m (Worker_TP4 pid=110053) /usr/local/lib/python3.11/site-packages/torch_npu/dynamo/torchair/configs/compiler_config.py:106: UserWarning: The following torchair config or properties may not take effect or report error in reduce-overhead mode: config.experimental_config.enable_view_optimize:True, set_dim_gears, dynamo_export, scope, npu_print
[36m(vLLMHttpServer pid=102622)[0m (Worker_TP4 pid=110053)   warnings.warn(
[36m(vLLMHttpServer pid=102622)[0m (Worker_TP1 pid=110048) /usr/local/lib/python3.11/site-packages/torch_npu/dynamo/torchair/configs/compiler_config.py:106: UserWarning: The following torchair config or properties may not take effect or report error in reduce-overhead mode: config.experimental_config.enable_view_optimize:True, set_dim_gears, dynamo_export, scope, npu_print
[36m(vLLMHttpServer pid=102622)[0m (Worker_TP1 pid=110048)   warnings.warn(
[36m(vLLMHttpServer pid=102622)[0m (Worker_TP2 pid=110049) /usr/local/lib/python3.11/site-packages/torch_npu/dynamo/torchair/configs/compiler_config.py:106: UserWarning: The following torchair config or properties may not take effect or report error in reduce-overhead mode: config.experimental_config.enable_view_optimize:True, set_dim_gears, dynamo_export, scope, npu_print
[36m(vLLMHttpServer pid=102622)[0m (Worker_TP2 pid=110049)   warnings.warn(
[36m(vLLMHttpServer pid=102622)[0m (Worker_TP3 pid=110051) /usr/local/lib/python3.11/site-packages/torch_npu/dynamo/torchair/configs/compiler_config.py:106: UserWarning: The following torchair config or properties may not take effect or report error in reduce-overhead mode: config.experimental_config.enable_view_optimize:True, set_dim_gears, dynamo_export, scope, npu_print
[36m(vLLMHttpServer pid=102622)[0m (Worker_TP3 pid=110051)   warnings.warn(
[36m(vLLMHttpServer pid=102622)[0m (Worker_TP5 pid=110054) /usr/local/lib/python3.11/site-packages/torch_npu/dynamo/torchair/configs/compiler_config.py:106: UserWarning: The following torchair config or properties may not take effect or report error in reduce-overhead mode: config.experimental_config.enable_view_optimize:True, set_dim_gears, dynamo_export, scope, npu_print
[36m(vLLMHttpServer pid=102622)[0m (Worker_TP5 pid=110054)   warnings.warn(
[36m(vLLMHttpServer pid=102622)[0m (Worker_TP6 pid=110055) /usr/local/lib/python3.11/site-packages/torch_npu/dynamo/torchair/configs/compiler_config.py:106: UserWarning: The following torchair config or properties may not take effect or report error in reduce-overhead mode: config.experimental_config.enable_view_optimize:True, set_dim_gears, dynamo_export, scope, npu_print
[36m(vLLMHttpServer pid=102622)[0m (Worker_TP6 pid=110055)   warnings.warn(
[36m(vLLMHttpServer pid=102622)[0m (Worker_TP0 pid=110047) /usr/local/lib/python3.11/site-packages/torch_npu/dynamo/torchair/configs/compiler_config.py:106: UserWarning: The following torchair config or properties may not take effect or report error in reduce-overhead mode: config.experimental_config.enable_view_optimize:True, set_dim_gears, dynamo_export, scope, npu_print
[36m(vLLMHttpServer pid=102622)[0m (Worker_TP0 pid=110047)   warnings.warn(
[36m(vLLMHttpServer pid=102622)[0m (Worker_TP4 pid=110053) /usr/local/lib/python3.11/site-packages/torch_npu/dynamo/torchair/configs/compiler_config.py:106: UserWarning: The following torchair config or properties may not take effect or report error in reduce-overhead mode: config.experimental_config.enable_view_optimize:True, set_dim_gears, dynamo_export, scope, npu_print
[36m(vLLMHttpServer pid=102622)[0m (Worker_TP4 pid=110053)   warnings.warn(
[36m(vLLMHttpServer pid=102622)[0m (Worker_TP1 pid=110048) /usr/local/lib/python3.11/site-packages/torch_npu/dynamo/torchair/configs/compiler_config.py:106: UserWarning: The following torchair config or properties may not take effect or report error in reduce-overhead mode: config.experimental_config.enable_view_optimize:True, set_dim_gears, dynamo_export, scope, npu_print
[36m(vLLMHttpServer pid=102622)[0m (Worker_TP1 pid=110048)   warnings.warn(
[36m(vLLMHttpServer pid=102622)[0m (Worker_TP2 pid=110049) /usr/local/lib/python3.11/site-packages/torch_npu/dynamo/torchair/configs/compiler_config.py:106: UserWarning: The following torchair config or properties may not take effect or report error in reduce-overhead mode: config.experimental_config.enable_view_optimize:True, set_dim_gears, dynamo_export, scope, npu_print
[36m(vLLMHttpServer pid=102622)[0m (Worker_TP2 pid=110049)   warnings.warn(
[36m(vLLMHttpServer pid=102622)[0m (Worker_TP3 pid=110051) /usr/local/lib/python3.11/site-packages/torch_npu/dynamo/torchair/configs/compiler_config.py:106: UserWarning: The following torchair config or properties may not take effect or report error in reduce-overhead mode: config.experimental_config.enable_view_optimize:True, set_dim_gears, dynamo_export, scope, npu_print
[36m(vLLMHttpServer pid=102622)[0m (Worker_TP3 pid=110051)   warnings.warn(
[36m(vLLMHttpServer pid=102622)[0m (Worker_TP5 pid=110054) /usr/local/lib/python3.11/site-packages/torch_npu/dynamo/torchair/configs/compiler_config.py:106: UserWarning: The following torchair config or properties may not take effect or report error in reduce-overhead mode: config.experimental_config.enable_view_optimize:True, set_dim_gears, dynamo_export, scope, npu_print
[36m(vLLMHttpServer pid=102622)[0m (Worker_TP5 pid=110054)   warnings.warn(
[36m(vLLMHttpServer pid=102622)[0m (Worker_TP6 pid=110055) /usr/local/lib/python3.11/site-packages/torch_npu/dynamo/torchair/configs/compiler_config.py:106: UserWarning: The following torchair config or properties may not take effect or report error in reduce-overhead mode: config.experimental_config.enable_view_optimize:True, set_dim_gears, dynamo_export, scope, npu_print
[36m(vLLMHttpServer pid=102622)[0m (Worker_TP6 pid=110055)   warnings.warn(
[36m(vLLMHttpServer pid=102622)[0m (Worker_TP2 pid=110049) /usr/local/lib/python3.11/site-packages/torch_npu/dynamo/torchair/configs/compiler_config.py:106: UserWarning: The following torchair config or properties may not take effect or report error in reduce-overhead mode: config.experimental_config.enable_view_optimize:True, set_dim_gears, dynamo_export, scope, npu_print
[36m(vLLMHttpServer pid=102622)[0m (Worker_TP2 pid=110049)   warnings.warn(
[36m(vLLMHttpServer pid=102622)[0m (Worker_TP3 pid=110051) /usr/local/lib/python3.11/site-packages/torch_npu/dynamo/torchair/configs/compiler_config.py:106: UserWarning: The following torchair config or properties may not take effect or report error in reduce-overhead mode: config.experimental_config.enable_view_optimize:True, set_dim_gears, dynamo_export, scope, npu_print
[36m(vLLMHttpServer pid=102622)[0m (Worker_TP3 pid=110051)   warnings.warn(
[36m(vLLMHttpServer pid=102622)[0m (Worker_TP7 pid=110056) /usr/local/lib/python3.11/site-packages/torch_npu/dynamo/torchair/configs/compiler_config.py:106: UserWarning: The following torchair config or properties may not take effect or report error in reduce-overhead mode: config.experimental_config.enable_view_optimize:True, set_dim_gears, dynamo_export, scope, npu_print
[36m(vLLMHttpServer pid=102622)[0m (Worker_TP7 pid=110056)   warnings.warn(
[36m(vLLMHttpServer pid=102622)[0m (Worker_TP5 pid=110054) /usr/local/lib/python3.11/site-packages/torch_npu/dynamo/torchair/configs/compiler_config.py:106: UserWarning: The following torchair config or properties may not take effect or report error in reduce-overhead mode: config.experimental_config.enable_view_optimize:True, set_dim_gears, dynamo_export, scope, npu_print
[36m(vLLMHttpServer pid=102622)[0m (Worker_TP5 pid=110054)   warnings.warn(
[36m(vLLMHttpServer pid=102622)[0m (Worker_TP6 pid=110055) /usr/local/lib/python3.11/site-packages/torch_npu/dynamo/torchair/configs/compiler_config.py:106: UserWarning: The following torchair config or properties may not take effect or report error in reduce-overhead mode: config.experimental_config.enable_view_optimize:True, set_dim_gears, dynamo_export, scope, npu_print
[36m(vLLMHttpServer pid=102622)[0m (Worker_TP6 pid=110055)   warnings.warn(
[36m(vLLMHttpServer pid=102622)[0m (Worker_TP2 pid=110049) /usr/local/lib/python3.11/site-packages/torch_npu/dynamo/torchair/configs/compiler_config.py:106: UserWarning: The following torchair config or properties may not take effect or report error in reduce-overhead mode: config.experimental_config.enable_view_optimize:True, set_dim_gears, dynamo_export, scope, npu_print
[36m(vLLMHttpServer pid=102622)[0m (Worker_TP2 pid=110049)   warnings.warn(
[36m(vLLMHttpServer pid=102622)[0m (Worker_TP3 pid=110051) /usr/local/lib/python3.11/site-packages/torch_npu/dynamo/torchair/configs/compiler_config.py:106: UserWarning: The following torchair config or properties may not take effect or report error in reduce-overhead mode: config.experimental_config.enable_view_optimize:True, set_dim_gears, dynamo_export, scope, npu_print
[36m(vLLMHttpServer pid=102622)[0m (Worker_TP3 pid=110051)   warnings.warn(
[36m(vLLMHttpServer pid=102622)[0m (Worker_TP7 pid=110056) /usr/local/lib/python3.11/site-packages/torch_npu/dynamo/torchair/configs/compiler_config.py:106: UserWarning: The following torchair config or properties may not take effect or report error in reduce-overhead mode: config.experimental_config.enable_view_optimize:True, set_dim_gears, dynamo_export, scope, npu_print
[36m(vLLMHttpServer pid=102622)[0m (Worker_TP7 pid=110056)   warnings.warn(
[36m(vLLMHttpServer pid=102622)[0m (Worker_TP5 pid=110054) /usr/local/lib/python3.11/site-packages/torch_npu/dynamo/torchair/configs/compiler_config.py:106: UserWarning: The following torchair config or properties may not take effect or report error in reduce-overhead mode: config.experimental_config.enable_view_optimize:True, set_dim_gears, dynamo_export, scope, npu_print
[36m(vLLMHttpServer pid=102622)[0m (Worker_TP5 pid=110054)   warnings.warn(
[36m(vLLMHttpServer pid=102622)[0m (Worker_TP6 pid=110055) /usr/local/lib/python3.11/site-packages/torch_npu/dynamo/torchair/configs/compiler_config.py:106: UserWarning: The following torchair config or properties may not take effect or report error in reduce-overhead mode: config.experimental_config.enable_view_optimize:True, set_dim_gears, dynamo_export, scope, npu_print
[36m(vLLMHttpServer pid=102622)[0m (Worker_TP6 pid=110055)   warnings.warn(
[36m(vLLMHttpServer pid=102622)[0m (Worker_TP0 pid=110047) /usr/local/lib/python3.11/site-packages/torch_npu/dynamo/torchair/configs/compiler_config.py:106: UserWarning: The following torchair config or properties may not take effect or report error in reduce-overhead mode: config.experimental_config.enable_view_optimize:True, set_dim_gears, dynamo_export, scope, npu_print
[36m(vLLMHttpServer pid=102622)[0m (Worker_TP0 pid=110047)   warnings.warn(
[36m(vLLMHttpServer pid=102622)[0m (Worker_TP2 pid=110049) /usr/local/lib/python3.11/site-packages/torch_npu/dynamo/torchair/configs/compiler_config.py:106: UserWarning: The following torchair config or properties may not take effect or report error in reduce-overhead mode: config.experimental_config.enable_view_optimize:True, set_dim_gears, dynamo_export, scope, npu_print
[36m(vLLMHttpServer pid=102622)[0m (Worker_TP2 pid=110049)   warnings.warn(
[36m(vLLMHttpServer pid=102622)[0m (Worker_TP7 pid=110056) /usr/local/lib/python3.11/site-packages/torch_npu/dynamo/torchair/configs/compiler_config.py:106: UserWarning: The following torchair config or properties may not take effect or report error in reduce-overhead mode: config.experimental_config.enable_view_optimize:True, set_dim_gears, dynamo_export, scope, npu_print
[36m(vLLMHttpServer pid=102622)[0m (Worker_TP7 pid=110056)   warnings.warn(
[36m(vLLMHttpServer pid=102622)[0m (Worker_TP3 pid=110051) /usr/local/lib/python3.11/site-packages/torch_npu/dynamo/torchair/configs/compiler_config.py:106: UserWarning: The following torchair config or properties may not take effect or report error in reduce-overhead mode: config.experimental_config.enable_view_optimize:True, set_dim_gears, dynamo_export, scope, npu_print
[36m(vLLMHttpServer pid=102622)[0m (Worker_TP3 pid=110051)   warnings.warn(
[36m(vLLMHttpServer pid=102622)[0m (Worker_TP1 pid=110048) /usr/local/lib/python3.11/site-packages/torch_npu/dynamo/torchair/configs/compiler_config.py:106: UserWarning: The following torchair config or properties may not take effect or report error in reduce-overhead mode: config.experimental_config.enable_view_optimize:True, set_dim_gears, dynamo_export, scope, npu_print
[36m(vLLMHttpServer pid=102622)[0m (Worker_TP1 pid=110048)   warnings.warn(
[36m(vLLMHttpServer pid=102622)[0m (Worker_TP4 pid=110053) /usr/local/lib/python3.11/site-packages/torch_npu/dynamo/torchair/configs/compiler_config.py:106: UserWarning: The following torchair config or properties may not take effect or report error in reduce-overhead mode: config.experimental_config.enable_view_optimize:True, set_dim_gears, dynamo_export, scope, npu_print
[36m(vLLMHttpServer pid=102622)[0m (Worker_TP4 pid=110053)   warnings.warn(
[36m(vLLMHttpServer pid=102622)[0m (Worker_TP5 pid=110054) /usr/local/lib/python3.11/site-packages/torch_npu/dynamo/torchair/configs/compiler_config.py:106: UserWarning: The following torchair config or properties may not take effect or report error in reduce-overhead mode: config.experimental_config.enable_view_optimize:True, set_dim_gears, dynamo_export, scope, npu_print
[36m(vLLMHttpServer pid=102622)[0m (Worker_TP5 pid=110054)   warnings.warn(
[36m(vLLMHttpServer pid=102622)[0m (Worker_TP6 pid=110055) /usr/local/lib/python3.11/site-packages/torch_npu/dynamo/torchair/configs/compiler_config.py:106: UserWarning: The following torchair config or properties may not take effect or report error in reduce-overhead mode: config.experimental_config.enable_view_optimize:True, set_dim_gears, dynamo_export, scope, npu_print
[36m(vLLMHttpServer pid=102622)[0m (Worker_TP6 pid=110055)   warnings.warn(
[36m(vLLMHttpServer pid=102622)[0m (Worker_TP0 pid=110047) /usr/local/lib/python3.11/site-packages/torch_npu/dynamo/torchair/configs/compiler_config.py:106: UserWarning: The following torchair config or properties may not take effect or report error in reduce-overhead mode: config.experimental_config.enable_view_optimize:True, set_dim_gears, dynamo_export, scope, npu_print
[36m(vLLMHttpServer pid=102622)[0m (Worker_TP0 pid=110047)   warnings.warn(
[36m(vLLMHttpServer pid=102622)[0m (Worker_TP2 pid=110049) /usr/local/lib/python3.11/site-packages/torch_npu/dynamo/torchair/configs/compiler_config.py:106: UserWarning: The following torchair config or properties may not take effect or report error in reduce-overhead mode: config.experimental_config.enable_view_optimize:True, set_dim_gears, dynamo_export, scope, npu_print
[36m(vLLMHttpServer pid=102622)[0m (Worker_TP2 pid=110049)   warnings.warn(
[36m(vLLMHttpServer pid=102622)[0m (Worker_TP7 pid=110056) /usr/local/lib/python3.11/site-packages/torch_npu/dynamo/torchair/configs/compiler_config.py:106: UserWarning: The following torchair config or properties may not take effect or report error in reduce-overhead mode: config.experimental_config.enable_view_optimize:True, set_dim_gears, dynamo_export, scope, npu_print
[36m(vLLMHttpServer pid=102622)[0m (Worker_TP7 pid=110056)   warnings.warn(
[36m(vLLMHttpServer pid=102622)[0m (Worker_TP3 pid=110051) /usr/local/lib/python3.11/site-packages/torch_npu/dynamo/torchair/configs/compiler_config.py:106: UserWarning: The following torchair config or properties may not take effect or report error in reduce-overhead mode: config.experimental_config.enable_view_optimize:True, set_dim_gears, dynamo_export, scope, npu_print
[36m(vLLMHttpServer pid=102622)[0m (Worker_TP3 pid=110051)   warnings.warn(
[36m(vLLMHttpServer pid=102622)[0m (Worker_TP1 pid=110048) /usr/local/lib/python3.11/site-packages/torch_npu/dynamo/torchair/configs/compiler_config.py:106: UserWarning: The following torchair config or properties may not take effect or report error in reduce-overhead mode: config.experimental_config.enable_view_optimize:True, set_dim_gears, dynamo_export, scope, npu_print
[36m(vLLMHttpServer pid=102622)[0m (Worker_TP1 pid=110048)   warnings.warn(
[36m(vLLMHttpServer pid=102622)[0m (Worker_TP4 pid=110053) /usr/local/lib/python3.11/site-packages/torch_npu/dynamo/torchair/configs/compiler_config.py:106: UserWarning: The following torchair config or properties may not take effect or report error in reduce-overhead mode: config.experimental_config.enable_view_optimize:True, set_dim_gears, dynamo_export, scope, npu_print
[36m(vLLMHttpServer pid=102622)[0m (Worker_TP4 pid=110053)   warnings.warn(
[36m(vLLMHttpServer pid=102622)[0m (Worker_TP5 pid=110054) /usr/local/lib/python3.11/site-packages/torch_npu/dynamo/torchair/configs/compiler_config.py:106: UserWarning: The following torchair config or properties may not take effect or report error in reduce-overhead mode: config.experimental_config.enable_view_optimize:True, set_dim_gears, dynamo_export, scope, npu_print
[36m(vLLMHttpServer pid=102622)[0m (Worker_TP5 pid=110054)   warnings.warn(
[36m(vLLMHttpServer pid=102622)[0m (Worker_TP6 pid=110055) /usr/local/lib/python3.11/site-packages/torch_npu/dynamo/torchair/configs/compiler_config.py:106: UserWarning: The following torchair config or properties may not take effect or report error in reduce-overhead mode: config.experimental_config.enable_view_optimize:True, set_dim_gears, dynamo_export, scope, npu_print
[36m(vLLMHttpServer pid=102622)[0m (Worker_TP6 pid=110055)   warnings.warn(
[36m(vLLMHttpServer pid=102622)[0m (Worker_TP2 pid=110049) /usr/local/lib/python3.11/site-packages/torch_npu/dynamo/torchair/configs/compiler_config.py:106: UserWarning: The following torchair config or properties may not take effect or report error in reduce-overhead mode: config.experimental_config.enable_view_optimize:True, set_dim_gears, dynamo_export, scope, npu_print
[36m(vLLMHttpServer pid=102622)[0m (Worker_TP2 pid=110049)   warnings.warn(
[36m(vLLMHttpServer pid=102622)[0m (Worker_TP3 pid=110051) /usr/local/lib/python3.11/site-packages/torch_npu/dynamo/torchair/configs/compiler_config.py:106: UserWarning: The following torchair config or properties may not take effect or report error in reduce-overhead mode: config.experimental_config.enable_view_optimize:True, set_dim_gears, dynamo_export, scope, npu_print
[36m(vLLMHttpServer pid=102622)[0m (Worker_TP3 pid=110051)   warnings.warn(
[36m(vLLMHttpServer pid=102622)[0m (Worker_TP1 pid=110048) /usr/local/lib/python3.11/site-packages/torch_npu/dynamo/torchair/configs/compiler_config.py:106: UserWarning: The following torchair config or properties may not take effect or report error in reduce-overhead mode: config.experimental_config.enable_view_optimize:True, set_dim_gears, dynamo_export, scope, npu_print
[36m(vLLMHttpServer pid=102622)[0m (Worker_TP1 pid=110048)   warnings.warn(
[36m(vLLMHttpServer pid=102622)[0m (Worker_TP4 pid=110053) /usr/local/lib/python3.11/site-packages/torch_npu/dynamo/torchair/configs/compiler_config.py:106: UserWarning: The following torchair config or properties may not take effect or report error in reduce-overhead mode: config.experimental_config.enable_view_optimize:True, set_dim_gears, dynamo_export, scope, npu_print
[36m(vLLMHttpServer pid=102622)[0m (Worker_TP4 pid=110053)   warnings.warn(
[36m(vLLMHttpServer pid=102622)[0m (Worker_TP0 pid=110047) /usr/local/lib/python3.11/site-packages/torch_npu/dynamo/torchair/configs/compiler_config.py:106: UserWarning: The following torchair config or properties may not take effect or report error in reduce-overhead mode: config.experimental_config.enable_view_optimize:True, set_dim_gears, dynamo_export, scope, npu_print
[36m(vLLMHttpServer pid=102622)[0m (Worker_TP0 pid=110047)   warnings.warn(
[36m(vLLMHttpServer pid=102622)[0m (Worker_TP7 pid=110056) /usr/local/lib/python3.11/site-packages/torch_npu/dynamo/torchair/configs/compiler_config.py:106: UserWarning: The following torchair config or properties may not take effect or report error in reduce-overhead mode: config.experimental_config.enable_view_optimize:True, set_dim_gears, dynamo_export, scope, npu_print
[36m(vLLMHttpServer pid=102622)[0m (Worker_TP7 pid=110056)   warnings.warn(
[36m(vLLMHttpServer pid=102622)[0m (Worker_TP5 pid=110054) /usr/local/lib/python3.11/site-packages/torch_npu/dynamo/torchair/configs/compiler_config.py:106: UserWarning: The following torchair config or properties may not take effect or report error in reduce-overhead mode: config.experimental_config.enable_view_optimize:True, set_dim_gears, dynamo_export, scope, npu_print
[36m(vLLMHttpServer pid=102622)[0m (Worker_TP5 pid=110054)   warnings.warn(
[36m(vLLMHttpServer pid=102622)[0m (Worker_TP6 pid=110055) /usr/local/lib/python3.11/site-packages/torch_npu/dynamo/torchair/configs/compiler_config.py:106: UserWarning: The following torchair config or properties may not take effect or report error in reduce-overhead mode: config.experimental_config.enable_view_optimize:True, set_dim_gears, dynamo_export, scope, npu_print
[36m(vLLMHttpServer pid=102622)[0m (Worker_TP6 pid=110055)   warnings.warn(
[36m(vLLMHttpServer pid=102622)[0m (Worker_TP2 pid=110049) /usr/local/lib/python3.11/site-packages/torch_npu/dynamo/torchair/configs/compiler_config.py:106: UserWarning: The following torchair config or properties may not take effect or report error in reduce-overhead mode: config.experimental_config.enable_view_optimize:True, set_dim_gears, dynamo_export, scope, npu_print
[36m(vLLMHttpServer pid=102622)[0m (Worker_TP2 pid=110049)   warnings.warn(
[36m(vLLMHttpServer pid=102622)[0m (Worker_TP3 pid=110051) /usr/local/lib/python3.11/site-packages/torch_npu/dynamo/torchair/configs/compiler_config.py:106: UserWarning: The following torchair config or properties may not take effect or report error in reduce-overhead mode: config.experimental_config.enable_view_optimize:True, set_dim_gears, dynamo_export, scope, npu_print
[36m(vLLMHttpServer pid=102622)[0m (Worker_TP3 pid=110051)   warnings.warn(
[36m(vLLMHttpServer pid=102622)[0m (Worker_TP1 pid=110048) /usr/local/lib/python3.11/site-packages/torch_npu/dynamo/torchair/configs/compiler_config.py:106: UserWarning: The following torchair config or properties may not take effect or report error in reduce-overhead mode: config.experimental_config.enable_view_optimize:True, set_dim_gears, dynamo_export, scope, npu_print
[36m(vLLMHttpServer pid=102622)[0m (Worker_TP1 pid=110048)   warnings.warn(
[36m(vLLMHttpServer pid=102622)[0m (Worker_TP4 pid=110053) /usr/local/lib/python3.11/site-packages/torch_npu/dynamo/torchair/configs/compiler_config.py:106: UserWarning: The following torchair config or properties may not take effect or report error in reduce-overhead mode: config.experimental_config.enable_view_optimize:True, set_dim_gears, dynamo_export, scope, npu_print
[36m(vLLMHttpServer pid=102622)[0m (Worker_TP4 pid=110053)   warnings.warn(
[36m(vLLMHttpServer pid=102622)[0m (Worker_TP7 pid=110056) /usr/local/lib/python3.11/site-packages/torch_npu/dynamo/torchair/configs/compiler_config.py:106: UserWarning: The following torchair config or properties may not take effect or report error in reduce-overhead mode: config.experimental_config.enable_view_optimize:True, set_dim_gears, dynamo_export, scope, npu_print
[36m(vLLMHttpServer pid=102622)[0m (Worker_TP7 pid=110056)   warnings.warn(
[36m(vLLMHttpServer pid=102622)[0m (Worker_TP5 pid=110054) /usr/local/lib/python3.11/site-packages/torch_npu/dynamo/torchair/configs/compiler_config.py:106: UserWarning: The following torchair config or properties may not take effect or report error in reduce-overhead mode: config.experimental_config.enable_view_optimize:True, set_dim_gears, dynamo_export, scope, npu_print
[36m(vLLMHttpServer pid=102622)[0m (Worker_TP5 pid=110054)   warnings.warn(
[36m(vLLMHttpServer pid=102622)[0m (Worker_TP0 pid=110047) /usr/local/lib/python3.11/site-packages/torch_npu/dynamo/torchair/configs/compiler_config.py:106: UserWarning: The following torchair config or properties may not take effect or report error in reduce-overhead mode: config.experimental_config.enable_view_optimize:True, set_dim_gears, dynamo_export, scope, npu_print
[36m(vLLMHttpServer pid=102622)[0m (Worker_TP0 pid=110047)   warnings.warn(
[36m(vLLMHttpServer pid=102622)[0m (Worker_TP6 pid=110055) /usr/local/lib/python3.11/site-packages/torch_npu/dynamo/torchair/configs/compiler_config.py:106: UserWarning: The following torchair config or properties may not take effect or report error in reduce-overhead mode: config.experimental_config.enable_view_optimize:True, set_dim_gears, dynamo_export, scope, npu_print
[36m(vLLMHttpServer pid=102622)[0m (Worker_TP6 pid=110055)   warnings.warn(
[36m(vLLMHttpServer pid=102622)[0m (Worker_TP2 pid=110049) /usr/local/lib/python3.11/site-packages/torch_npu/dynamo/torchair/configs/compiler_config.py:106: UserWarning: The following torchair config or properties may not take effect or report error in reduce-overhead mode: config.experimental_config.enable_view_optimize:True, set_dim_gears, dynamo_export, scope, npu_print
[36m(vLLMHttpServer pid=102622)[0m (Worker_TP2 pid=110049)   warnings.warn(
[36m(vLLMHttpServer pid=102622)[0m (Worker_TP3 pid=110051) /usr/local/lib/python3.11/site-packages/torch_npu/dynamo/torchair/configs/compiler_config.py:106: UserWarning: The following torchair config or properties may not take effect or report error in reduce-overhead mode: config.experimental_config.enable_view_optimize:True, set_dim_gears, dynamo_export, scope, npu_print
[36m(vLLMHttpServer pid=102622)[0m (Worker_TP3 pid=110051)   warnings.warn(
[36m(vLLMHttpServer pid=102622)[0m (Worker_TP7 pid=110056) /usr/local/lib/python3.11/site-packages/torch_npu/dynamo/torchair/configs/compiler_config.py:106: UserWarning: The following torchair config or properties may not take effect or report error in reduce-overhead mode: config.experimental_config.enable_view_optimize:True, set_dim_gears, dynamo_export, scope, npu_print
[36m(vLLMHttpServer pid=102622)[0m (Worker_TP7 pid=110056)   warnings.warn(
[36m(vLLMHttpServer pid=102622)[0m (Worker_TP1 pid=110048) /usr/local/lib/python3.11/site-packages/torch_npu/dynamo/torchair/configs/compiler_config.py:106: UserWarning: The following torchair config or properties may not take effect or report error in reduce-overhead mode: config.experimental_config.enable_view_optimize:True, set_dim_gears, dynamo_export, scope, npu_print
[36m(vLLMHttpServer pid=102622)[0m (Worker_TP1 pid=110048)   warnings.warn(
[36m(vLLMHttpServer pid=102622)[0m (Worker_TP4 pid=110053) /usr/local/lib/python3.11/site-packages/torch_npu/dynamo/torchair/configs/compiler_config.py:106: UserWarning: The following torchair config or properties may not take effect or report error in reduce-overhead mode: config.experimental_config.enable_view_optimize:True, set_dim_gears, dynamo_export, scope, npu_print
[36m(vLLMHttpServer pid=102622)[0m (Worker_TP4 pid=110053)   warnings.warn(
[36m(vLLMHttpServer pid=102622)[0m (Worker_TP5 pid=110054) /usr/local/lib/python3.11/site-packages/torch_npu/dynamo/torchair/configs/compiler_config.py:106: UserWarning: The following torchair config or properties may not take effect or report error in reduce-overhead mode: config.experimental_config.enable_view_optimize:True, set_dim_gears, dynamo_export, scope, npu_print
[36m(vLLMHttpServer pid=102622)[0m (Worker_TP5 pid=110054)   warnings.warn(
[36m(vLLMHttpServer pid=102622)[0m (Worker_TP6 pid=110055) /usr/local/lib/python3.11/site-packages/torch_npu/dynamo/torchair/configs/compiler_config.py:106: UserWarning: The following torchair config or properties may not take effect or report error in reduce-overhead mode: config.experimental_config.enable_view_optimize:True, set_dim_gears, dynamo_export, scope, npu_print
[36m(vLLMHttpServer pid=102622)[0m (Worker_TP6 pid=110055)   warnings.warn(
[36m(vLLMHttpServer pid=102622)[0m (Worker_TP0 pid=110047) /usr/local/lib/python3.11/site-packages/torch_npu/dynamo/torchair/configs/compiler_config.py:106: UserWarning: The following torchair config or properties may not take effect or report error in reduce-overhead mode: config.experimental_config.enable_view_optimize:True, set_dim_gears, dynamo_export, scope, npu_print
[36m(vLLMHttpServer pid=102622)[0m (Worker_TP0 pid=110047)   warnings.warn(
[36m(vLLMHttpServer pid=102622)[0m (Worker_TP2 pid=110049) /usr/local/lib/python3.11/site-packages/torch_npu/dynamo/torchair/configs/compiler_config.py:106: UserWarning: The following torchair config or properties may not take effect or report error in reduce-overhead mode: config.experimental_config.enable_view_optimize:True, set_dim_gears, dynamo_export, scope, npu_print
[36m(vLLMHttpServer pid=102622)[0m (Worker_TP2 pid=110049)   warnings.warn(
[36m(vLLMHttpServer pid=102622)[0m (Worker_TP3 pid=110051) /usr/local/lib/python3.11/site-packages/torch_npu/dynamo/torchair/configs/compiler_config.py:106: UserWarning: The following torchair config or properties may not take effect or report error in reduce-overhead mode: config.experimental_config.enable_view_optimize:True, set_dim_gears, dynamo_export, scope, npu_print
[36m(vLLMHttpServer pid=102622)[0m (Worker_TP3 pid=110051)   warnings.warn(
[36m(vLLMHttpServer pid=102622)[0m (Worker_TP7 pid=110056) /usr/local/lib/python3.11/site-packages/torch_npu/dynamo/torchair/configs/compiler_config.py:106: UserWarning: The following torchair config or properties may not take effect or report error in reduce-overhead mode: config.experimental_config.enable_view_optimize:True, set_dim_gears, dynamo_export, scope, npu_print
[36m(vLLMHttpServer pid=102622)[0m (Worker_TP7 pid=110056)   warnings.warn(
[36m(vLLMHttpServer pid=102622)[0m (Worker_TP1 pid=110048) /usr/local/lib/python3.11/site-packages/torch_npu/dynamo/torchair/configs/compiler_config.py:106: UserWarning: The following torchair config or properties may not take effect or report error in reduce-overhead mode: config.experimental_config.enable_view_optimize:True, set_dim_gears, dynamo_export, scope, npu_print
[36m(vLLMHttpServer pid=102622)[0m (Worker_TP1 pid=110048)   warnings.warn(
[36m(vLLMHttpServer pid=102622)[0m (Worker_TP4 pid=110053) /usr/local/lib/python3.11/site-packages/torch_npu/dynamo/torchair/configs/compiler_config.py:106: UserWarning: The following torchair config or properties may not take effect or report error in reduce-overhead mode: config.experimental_config.enable_view_optimize:True, set_dim_gears, dynamo_export, scope, npu_print
[36m(vLLMHttpServer pid=102622)[0m (Worker_TP4 pid=110053)   warnings.warn(
[36m(vLLMHttpServer pid=102622)[0m (Worker_TP5 pid=110054) /usr/local/lib/python3.11/site-packages/torch_npu/dynamo/torchair/configs/compiler_config.py:106: UserWarning: The following torchair config or properties may not take effect or report error in reduce-overhead mode: config.experimental_config.enable_view_optimize:True, set_dim_gears, dynamo_export, scope, npu_print
[36m(vLLMHttpServer pid=102622)[0m (Worker_TP5 pid=110054)   warnings.warn(
[36m(vLLMHttpServer pid=102622)[0m (Worker_TP6 pid=110055) /usr/local/lib/python3.11/site-packages/torch_npu/dynamo/torchair/configs/compiler_config.py:106: UserWarning: The following torchair config or properties may not take effect or report error in reduce-overhead mode: config.experimental_config.enable_view_optimize:True, set_dim_gears, dynamo_export, scope, npu_print
[36m(vLLMHttpServer pid=102622)[0m (Worker_TP6 pid=110055)   warnings.warn(
[36m(vLLMHttpServer pid=102622)[0m (Worker_TP0 pid=110047) /usr/local/lib/python3.11/site-packages/torch_npu/dynamo/torchair/configs/compiler_config.py:106: UserWarning: The following torchair config or properties may not take effect or report error in reduce-overhead mode: config.experimental_config.enable_view_optimize:True, set_dim_gears, dynamo_export, scope, npu_print
[36m(vLLMHttpServer pid=102622)[0m (Worker_TP0 pid=110047)   warnings.warn(
[36m(vLLMHttpServer pid=102622)[0m (Worker_TP2 pid=110049) /usr/local/lib/python3.11/site-packages/torch_npu/dynamo/torchair/configs/compiler_config.py:106: UserWarning: The following torchair config or properties may not take effect or report error in reduce-overhead mode: config.experimental_config.enable_view_optimize:True, set_dim_gears, dynamo_export, scope, npu_print
[36m(vLLMHttpServer pid=102622)[0m (Worker_TP2 pid=110049)   warnings.warn(
[36m(vLLMHttpServer pid=102622)[0m (Worker_TP3 pid=110051) /usr/local/lib/python3.11/site-packages/torch_npu/dynamo/torchair/configs/compiler_config.py:106: UserWarning: The following torchair config or properties may not take effect or report error in reduce-overhead mode: config.experimental_config.enable_view_optimize:True, set_dim_gears, dynamo_export, scope, npu_print
[36m(vLLMHttpServer pid=102622)[0m (Worker_TP3 pid=110051)   warnings.warn(
[36m(vLLMHttpServer pid=102622)[0m (Worker_TP1 pid=110048) /usr/local/lib/python3.11/site-packages/torch_npu/dynamo/torchair/configs/compiler_config.py:106: UserWarning: The following torchair config or properties may not take effect or report error in reduce-overhead mode: config.experimental_config.enable_view_optimize:True, set_dim_gears, dynamo_export, scope, npu_print
[36m(vLLMHttpServer pid=102622)[0m (Worker_TP1 pid=110048)   warnings.warn(
[36m(vLLMHttpServer pid=102622)[0m (Worker_TP4 pid=110053) /usr/local/lib/python3.11/site-packages/torch_npu/dynamo/torchair/configs/compiler_config.py:106: UserWarning: The following torchair config or properties may not take effect or report error in reduce-overhead mode: config.experimental_config.enable_view_optimize:True, set_dim_gears, dynamo_export, scope, npu_print
[36m(vLLMHttpServer pid=102622)[0m (Worker_TP4 pid=110053)   warnings.warn(
[36m(vLLMHttpServer pid=102622)[0m (Worker_TP7 pid=110056) /usr/local/lib/python3.11/site-packages/torch_npu/dynamo/torchair/configs/compiler_config.py:106: UserWarning: The following torchair config or properties may not take effect or report error in reduce-overhead mode: config.experimental_config.enable_view_optimize:True, set_dim_gears, dynamo_export, scope, npu_print
[36m(vLLMHttpServer pid=102622)[0m (Worker_TP7 pid=110056)   warnings.warn(
[36m(vLLMHttpServer pid=102622)[0m (Worker_TP5 pid=110054) /usr/local/lib/python3.11/site-packages/torch_npu/dynamo/torchair/configs/compiler_config.py:106: UserWarning: The following torchair config or properties may not take effect or report error in reduce-overhead mode: config.experimental_config.enable_view_optimize:True, set_dim_gears, dynamo_export, scope, npu_print
[36m(vLLMHttpServer pid=102622)[0m (Worker_TP5 pid=110054)   warnings.warn(
[36m(vLLMHttpServer pid=102622)[0m (Worker_TP6 pid=110055) /usr/local/lib/python3.11/site-packages/torch_npu/dynamo/torchair/configs/compiler_config.py:106: UserWarning: The following torchair config or properties may not take effect or report error in reduce-overhead mode: config.experimental_config.enable_view_optimize:True, set_dim_gears, dynamo_export, scope, npu_print
[36m(vLLMHttpServer pid=102622)[0m (Worker_TP6 pid=110055)   warnings.warn(
[36m(vLLMHttpServer pid=102622)[0m (Worker_TP2 pid=110049) /usr/local/lib/python3.11/site-packages/torch_npu/dynamo/torchair/configs/compiler_config.py:106: UserWarning: The following torchair config or properties may not take effect or report error in reduce-overhead mode: config.experimental_config.enable_view_optimize:True, set_dim_gears, dynamo_export, scope, npu_print
[36m(vLLMHttpServer pid=102622)[0m (Worker_TP2 pid=110049)   warnings.warn(
[36m(vLLMHttpServer pid=102622)[0m (Worker_TP3 pid=110051) /usr/local/lib/python3.11/site-packages/torch_npu/dynamo/torchair/configs/compiler_config.py:106: UserWarning: The following torchair config or properties may not take effect or report error in reduce-overhead mode: config.experimental_config.enable_view_optimize:True, set_dim_gears, dynamo_export, scope, npu_print
[36m(vLLMHttpServer pid=102622)[0m (Worker_TP3 pid=110051)   warnings.warn(
[36m(vLLMHttpServer pid=102622)[0m (Worker_TP1 pid=110048) /usr/local/lib/python3.11/site-packages/torch_npu/dynamo/torchair/configs/compiler_config.py:106: UserWarning: The following torchair config or properties may not take effect or report error in reduce-overhead mode: config.experimental_config.enable_view_optimize:True, set_dim_gears, dynamo_export, scope, npu_print
[36m(vLLMHttpServer pid=102622)[0m (Worker_TP1 pid=110048)   warnings.warn(
[36m(vLLMHttpServer pid=102622)[0m (Worker_TP0 pid=110047) /usr/local/lib/python3.11/site-packages/torch_npu/dynamo/torchair/configs/compiler_config.py:106: UserWarning: The following torchair config or properties may not take effect or report error in reduce-overhead mode: config.experimental_config.enable_view_optimize:True, set_dim_gears, dynamo_export, scope, npu_print
[36m(vLLMHttpServer pid=102622)[0m (Worker_TP0 pid=110047)   warnings.warn(
[36m(vLLMHttpServer pid=102622)[0m (Worker_TP4 pid=110053) /usr/local/lib/python3.11/site-packages/torch_npu/dynamo/torchair/configs/compiler_config.py:106: UserWarning: The following torchair config or properties may not take effect or report error in reduce-overhead mode: config.experimental_config.enable_view_optimize:True, set_dim_gears, dynamo_export, scope, npu_print
[36m(vLLMHttpServer pid=102622)[0m (Worker_TP4 pid=110053)   warnings.warn(
[36m(vLLMHttpServer pid=102622)[0m (Worker_TP7 pid=110056) /usr/local/lib/python3.11/site-packages/torch_npu/dynamo/torchair/configs/compiler_config.py:106: UserWarning: The following torchair config or properties may not take effect or report error in reduce-overhead mode: config.experimental_config.enable_view_optimize:True, set_dim_gears, dynamo_export, scope, npu_print
[36m(vLLMHttpServer pid=102622)[0m (Worker_TP7 pid=110056)   warnings.warn(
[36m(vLLMHttpServer pid=102622)[0m (Worker_TP5 pid=110054) /usr/local/lib/python3.11/site-packages/torch_npu/dynamo/torchair/configs/compiler_config.py:106: UserWarning: The following torchair config or properties may not take effect or report error in reduce-overhead mode: config.experimental_config.enable_view_optimize:True, set_dim_gears, dynamo_export, scope, npu_print
[36m(vLLMHttpServer pid=102622)[0m (Worker_TP5 pid=110054)   warnings.warn(
[36m(vLLMHttpServer pid=102622)[0m (Worker_TP6 pid=110055) /usr/local/lib/python3.11/site-packages/torch_npu/dynamo/torchair/configs/compiler_config.py:106: UserWarning: The following torchair config or properties may not take effect or report error in reduce-overhead mode: config.experimental_config.enable_view_optimize:True, set_dim_gears, dynamo_export, scope, npu_print
[36m(vLLMHttpServer pid=102622)[0m (Worker_TP6 pid=110055)   warnings.warn(
[36m(vLLMHttpServer pid=102622)[0m (Worker_TP2 pid=110049) /usr/local/lib/python3.11/site-packages/torch_npu/dynamo/torchair/configs/compiler_config.py:106: UserWarning: The following torchair config or properties may not take effect or report error in reduce-overhead mode: config.experimental_config.enable_view_optimize:True, set_dim_gears, dynamo_export, scope, npu_print
[36m(vLLMHttpServer pid=102622)[0m (Worker_TP2 pid=110049)   warnings.warn(
[36m(vLLMHttpServer pid=102622)[0m (Worker_TP3 pid=110051) /usr/local/lib/python3.11/site-packages/torch_npu/dynamo/torchair/configs/compiler_config.py:106: UserWarning: The following torchair config or properties may not take effect or report error in reduce-overhead mode: config.experimental_config.enable_view_optimize:True, set_dim_gears, dynamo_export, scope, npu_print
[36m(vLLMHttpServer pid=102622)[0m (Worker_TP3 pid=110051)   warnings.warn(
[36m(vLLMHttpServer pid=102622)[0m (Worker_TP7 pid=110056) /usr/local/lib/python3.11/site-packages/torch_npu/dynamo/torchair/configs/compiler_config.py:106: UserWarning: The following torchair config or properties may not take effect or report error in reduce-overhead mode: config.experimental_config.enable_view_optimize:True, set_dim_gears, dynamo_export, scope, npu_print
[36m(vLLMHttpServer pid=102622)[0m (Worker_TP7 pid=110056)   warnings.warn(
[36m(vLLMHttpServer pid=102622)[0m (Worker_TP1 pid=110048) /usr/local/lib/python3.11/site-packages/torch_npu/dynamo/torchair/configs/compiler_config.py:106: UserWarning: The following torchair config or properties may not take effect or report error in reduce-overhead mode: config.experimental_config.enable_view_optimize:True, set_dim_gears, dynamo_export, scope, npu_print
[36m(vLLMHttpServer pid=102622)[0m (Worker_TP1 pid=110048)   warnings.warn(
[36m(vLLMHttpServer pid=102622)[0m (Worker_TP0 pid=110047) /usr/local/lib/python3.11/site-packages/torch_npu/dynamo/torchair/configs/compiler_config.py:106: UserWarning: The following torchair config or properties may not take effect or report error in reduce-overhead mode: config.experimental_config.enable_view_optimize:True, set_dim_gears, dynamo_export, scope, npu_print
[36m(vLLMHttpServer pid=102622)[0m (Worker_TP0 pid=110047)   warnings.warn(
[36m(vLLMHttpServer pid=102622)[0m (Worker_TP4 pid=110053) /usr/local/lib/python3.11/site-packages/torch_npu/dynamo/torchair/configs/compiler_config.py:106: UserWarning: The following torchair config or properties may not take effect or report error in reduce-overhead mode: config.experimental_config.enable_view_optimize:True, set_dim_gears, dynamo_export, scope, npu_print
[36m(vLLMHttpServer pid=102622)[0m (Worker_TP4 pid=110053)   warnings.warn(
[36m(vLLMHttpServer pid=102622)[0m (Worker_TP5 pid=110054) /usr/local/lib/python3.11/site-packages/torch_npu/dynamo/torchair/configs/compiler_config.py:106: UserWarning: The following torchair config or properties may not take effect or report error in reduce-overhead mode: config.experimental_config.enable_view_optimize:True, set_dim_gears, dynamo_export, scope, npu_print
[36m(vLLMHttpServer pid=102622)[0m (Worker_TP5 pid=110054)   warnings.warn(
[36m(vLLMHttpServer pid=102622)[0m (Worker_TP6 pid=110055) /usr/local/lib/python3.11/site-packages/torch_npu/dynamo/torchair/configs/compiler_config.py:106: UserWarning: The following torchair config or properties may not take effect or report error in reduce-overhead mode: config.experimental_config.enable_view_optimize:True, set_dim_gears, dynamo_export, scope, npu_print
[36m(vLLMHttpServer pid=102622)[0m (Worker_TP6 pid=110055)   warnings.warn(
[36m(vLLMHttpServer pid=102622)[0m (Worker_TP2 pid=110049) /usr/local/lib/python3.11/site-packages/torch_npu/dynamo/torchair/configs/compiler_config.py:106: UserWarning: The following torchair config or properties may not take effect or report error in reduce-overhead mode: config.experimental_config.enable_view_optimize:True, set_dim_gears, dynamo_export, scope, npu_print
[36m(vLLMHttpServer pid=102622)[0m (Worker_TP2 pid=110049)   warnings.warn(
[36m(vLLMHttpServer pid=102622)[0m (Worker_TP3 pid=110051) /usr/local/lib/python3.11/site-packages/torch_npu/dynamo/torchair/configs/compiler_config.py:106: UserWarning: The following torchair config or properties may not take effect or report error in reduce-overhead mode: config.experimental_config.enable_view_optimize:True, set_dim_gears, dynamo_export, scope, npu_print
[36m(vLLMHttpServer pid=102622)[0m (Worker_TP3 pid=110051)   warnings.warn(
[36m(vLLMHttpServer pid=102622)[0m (Worker_TP7 pid=110056) /usr/local/lib/python3.11/site-packages/torch_npu/dynamo/torchair/configs/compiler_config.py:106: UserWarning: The following torchair config or properties may not take effect or report error in reduce-overhead mode: config.experimental_config.enable_view_optimize:True, set_dim_gears, dynamo_export, scope, npu_print
[36m(vLLMHttpServer pid=102622)[0m (Worker_TP7 pid=110056)   warnings.warn(
[36m(vLLMHttpServer pid=102622)[0m (Worker_TP1 pid=110048) /usr/local/lib/python3.11/site-packages/torch_npu/dynamo/torchair/configs/compiler_config.py:106: UserWarning: The following torchair config or properties may not take effect or report error in reduce-overhead mode: config.experimental_config.enable_view_optimize:True, set_dim_gears, dynamo_export, scope, npu_print
[36m(vLLMHttpServer pid=102622)[0m (Worker_TP1 pid=110048)   warnings.warn(
[36m(vLLMHttpServer pid=102622)[0m (Worker_TP0 pid=110047) /usr/local/lib/python3.11/site-packages/torch_npu/dynamo/torchair/configs/compiler_config.py:106: UserWarning: The following torchair config or properties may not take effect or report error in reduce-overhead mode: config.experimental_config.enable_view_optimize:True, set_dim_gears, dynamo_export, scope, npu_print
[36m(vLLMHttpServer pid=102622)[0m (Worker_TP0 pid=110047)   warnings.warn(
[36m(vLLMHttpServer pid=102622)[0m (Worker_TP4 pid=110053) /usr/local/lib/python3.11/site-packages/torch_npu/dynamo/torchair/configs/compiler_config.py:106: UserWarning: The following torchair config or properties may not take effect or report error in reduce-overhead mode: config.experimental_config.enable_view_optimize:True, set_dim_gears, dynamo_export, scope, npu_print
[36m(vLLMHttpServer pid=102622)[0m (Worker_TP4 pid=110053)   warnings.warn(
[36m(vLLMHttpServer pid=102622)[0m (Worker_TP5 pid=110054) /usr/local/lib/python3.11/site-packages/torch_npu/dynamo/torchair/configs/compiler_config.py:106: UserWarning: The following torchair config or properties may not take effect or report error in reduce-overhead mode: config.experimental_config.enable_view_optimize:True, set_dim_gears, dynamo_export, scope, npu_print
[36m(vLLMHttpServer pid=102622)[0m (Worker_TP5 pid=110054)   warnings.warn(
[36m(vLLMHttpServer pid=102622)[0m (Worker_TP6 pid=110055) /usr/local/lib/python3.11/site-packages/torch_npu/dynamo/torchair/configs/compiler_config.py:106: UserWarning: The following torchair config or properties may not take effect or report error in reduce-overhead mode: config.experimental_config.enable_view_optimize:True, set_dim_gears, dynamo_export, scope, npu_print
[36m(vLLMHttpServer pid=102622)[0m (Worker_TP6 pid=110055)   warnings.warn(
[36m(vLLMHttpServer pid=102622)[0m (Worker_TP2 pid=110049) /usr/local/lib/python3.11/site-packages/torch_npu/dynamo/torchair/configs/compiler_config.py:106: UserWarning: The following torchair config or properties may not take effect or report error in reduce-overhead mode: config.experimental_config.enable_view_optimize:True, set_dim_gears, dynamo_export, scope, npu_print
[36m(vLLMHttpServer pid=102622)[0m (Worker_TP2 pid=110049)   warnings.warn(
[36m(vLLMHttpServer pid=102622)[0m (Worker_TP3 pid=110051) /usr/local/lib/python3.11/site-packages/torch_npu/dynamo/torchair/configs/compiler_config.py:106: UserWarning: The following torchair config or properties may not take effect or report error in reduce-overhead mode: config.experimental_config.enable_view_optimize:True, set_dim_gears, dynamo_export, scope, npu_print
[36m(vLLMHttpServer pid=102622)[0m (Worker_TP3 pid=110051)   warnings.warn(
[36m(vLLMHttpServer pid=102622)[0m (Worker_TP1 pid=110048) /usr/local/lib/python3.11/site-packages/torch_npu/dynamo/torchair/configs/compiler_config.py:106: UserWarning: The following torchair config or properties may not take effect or report error in reduce-overhead mode: config.experimental_config.enable_view_optimize:True, set_dim_gears, dynamo_export, scope, npu_print
[36m(vLLMHttpServer pid=102622)[0m (Worker_TP1 pid=110048)   warnings.warn(
[36m(vLLMHttpServer pid=102622)[0m (Worker_TP0 pid=110047) /usr/local/lib/python3.11/site-packages/torch_npu/dynamo/torchair/configs/compiler_config.py:106: UserWarning: The following torchair config or properties may not take effect or report error in reduce-overhead mode: config.experimental_config.enable_view_optimize:True, set_dim_gears, dynamo_export, scope, npu_print
[36m(vLLMHttpServer pid=102622)[0m (Worker_TP0 pid=110047)   warnings.warn(
[36m(vLLMHttpServer pid=102622)[0m (Worker_TP7 pid=110056) /usr/local/lib/python3.11/site-packages/torch_npu/dynamo/torchair/configs/compiler_config.py:106: UserWarning: The following torchair config or properties may not take effect or report error in reduce-overhead mode: config.experimental_config.enable_view_optimize:True, set_dim_gears, dynamo_export, scope, npu_print
[36m(vLLMHttpServer pid=102622)[0m (Worker_TP7 pid=110056)   warnings.warn(
[36m(vLLMHttpServer pid=102622)[0m (Worker_TP4 pid=110053) /usr/local/lib/python3.11/site-packages/torch_npu/dynamo/torchair/configs/compiler_config.py:106: UserWarning: The following torchair config or properties may not take effect or report error in reduce-overhead mode: config.experimental_config.enable_view_optimize:True, set_dim_gears, dynamo_export, scope, npu_print
[36m(vLLMHttpServer pid=102622)[0m (Worker_TP4 pid=110053)   warnings.warn(
[36m(vLLMHttpServer pid=102622)[0m (Worker_TP5 pid=110054) /usr/local/lib/python3.11/site-packages/torch_npu/dynamo/torchair/configs/compiler_config.py:106: UserWarning: The following torchair config or properties may not take effect or report error in reduce-overhead mode: config.experimental_config.enable_view_optimize:True, set_dim_gears, dynamo_export, scope, npu_print
[36m(vLLMHttpServer pid=102622)[0m (Worker_TP5 pid=110054)   warnings.warn(
[36m(vLLMHttpServer pid=102622)[0m (Worker_TP6 pid=110055) /usr/local/lib/python3.11/site-packages/torch_npu/dynamo/torchair/configs/compiler_config.py:106: UserWarning: The following torchair config or properties may not take effect or report error in reduce-overhead mode: config.experimental_config.enable_view_optimize:True, set_dim_gears, dynamo_export, scope, npu_print
[36m(vLLMHttpServer pid=102622)[0m (Worker_TP6 pid=110055)   warnings.warn(
[36m(vLLMHttpServer pid=102622)[0m (Worker_TP2 pid=110049) /usr/local/lib/python3.11/site-packages/torch_npu/dynamo/torchair/configs/compiler_config.py:106: UserWarning: The following torchair config or properties may not take effect or report error in reduce-overhead mode: config.experimental_config.enable_view_optimize:True, set_dim_gears, dynamo_export, scope, npu_print
[36m(vLLMHttpServer pid=102622)[0m (Worker_TP2 pid=110049)   warnings.warn(
[36m(vLLMHttpServer pid=102622)[0m (Worker_TP3 pid=110051) /usr/local/lib/python3.11/site-packages/torch_npu/dynamo/torchair/configs/compiler_config.py:106: UserWarning: The following torchair config or properties may not take effect or report error in reduce-overhead mode: config.experimental_config.enable_view_optimize:True, set_dim_gears, dynamo_export, scope, npu_print
[36m(vLLMHttpServer pid=102622)[0m (Worker_TP3 pid=110051)   warnings.warn(
[36m(vLLMHttpServer pid=102622)[0m (Worker_TP1 pid=110048) /usr/local/lib/python3.11/site-packages/torch_npu/dynamo/torchair/configs/compiler_config.py:106: UserWarning: The following torchair config or properties may not take effect or report error in reduce-overhead mode: config.experimental_config.enable_view_optimize:True, set_dim_gears, dynamo_export, scope, npu_print
[36m(vLLMHttpServer pid=102622)[0m (Worker_TP1 pid=110048)   warnings.warn(
[36m(vLLMHttpServer pid=102622)[0m (Worker_TP0 pid=110047) /usr/local/lib/python3.11/site-packages/torch_npu/dynamo/torchair/configs/compiler_config.py:106: UserWarning: The following torchair config or properties may not take effect or report error in reduce-overhead mode: config.experimental_config.enable_view_optimize:True, set_dim_gears, dynamo_export, scope, npu_print
[36m(vLLMHttpServer pid=102622)[0m (Worker_TP0 pid=110047)   warnings.warn(
[36m(vLLMHttpServer pid=102622)[0m (Worker_TP7 pid=110056) /usr/local/lib/python3.11/site-packages/torch_npu/dynamo/torchair/configs/compiler_config.py:106: UserWarning: The following torchair config or properties may not take effect or report error in reduce-overhead mode: config.experimental_config.enable_view_optimize:True, set_dim_gears, dynamo_export, scope, npu_print
[36m(vLLMHttpServer pid=102622)[0m (Worker_TP7 pid=110056)   warnings.warn(
[36m(vLLMHttpServer pid=102622)[0m (Worker_TP5 pid=110054) /usr/local/lib/python3.11/site-packages/torch_npu/dynamo/torchair/configs/compiler_config.py:106: UserWarning: The following torchair config or properties may not take effect or report error in reduce-overhead mode: config.experimental_config.enable_view_optimize:True, set_dim_gears, dynamo_export, scope, npu_print
[36m(vLLMHttpServer pid=102622)[0m (Worker_TP5 pid=110054)   warnings.warn(
[36m(vLLMHttpServer pid=102622)[0m (Worker_TP4 pid=110053) /usr/local/lib/python3.11/site-packages/torch_npu/dynamo/torchair/configs/compiler_config.py:106: UserWarning: The following torchair config or properties may not take effect or report error in reduce-overhead mode: config.experimental_config.enable_view_optimize:True, set_dim_gears, dynamo_export, scope, npu_print
[36m(vLLMHttpServer pid=102622)[0m (Worker_TP4 pid=110053)   warnings.warn(
[36m(vLLMHttpServer pid=102622)[0m (Worker_TP6 pid=110055) /usr/local/lib/python3.11/site-packages/torch_npu/dynamo/torchair/configs/compiler_config.py:106: UserWarning: The following torchair config or properties may not take effect or report error in reduce-overhead mode: config.experimental_config.enable_view_optimize:True, set_dim_gears, dynamo_export, scope, npu_print
[36m(vLLMHttpServer pid=102622)[0m (Worker_TP6 pid=110055)   warnings.warn(
[36m(vLLMHttpServer pid=102622)[0m (Worker_TP2 pid=110049) /usr/local/lib/python3.11/site-packages/torch_npu/dynamo/torchair/configs/compiler_config.py:106: UserWarning: The following torchair config or properties may not take effect or report error in reduce-overhead mode: config.experimental_config.enable_view_optimize:True, set_dim_gears, dynamo_export, scope, npu_print
[36m(vLLMHttpServer pid=102622)[0m (Worker_TP2 pid=110049)   warnings.warn(
[36m(vLLMHttpServer pid=102622)[0m (Worker_TP3 pid=110051) /usr/local/lib/python3.11/site-packages/torch_npu/dynamo/torchair/configs/compiler_config.py:106: UserWarning: The following torchair config or properties may not take effect or report error in reduce-overhead mode: config.experimental_config.enable_view_optimize:True, set_dim_gears, dynamo_export, scope, npu_print
[36m(vLLMHttpServer pid=102622)[0m (Worker_TP3 pid=110051)   warnings.warn(
[36m(vLLMHttpServer pid=102622)[0m (Worker_TP7 pid=110056) /usr/local/lib/python3.11/site-packages/torch_npu/dynamo/torchair/configs/compiler_config.py:106: UserWarning: The following torchair config or properties may not take effect or report error in reduce-overhead mode: config.experimental_config.enable_view_optimize:True, set_dim_gears, dynamo_export, scope, npu_print
[36m(vLLMHttpServer pid=102622)[0m (Worker_TP7 pid=110056)   warnings.warn(
[36m(vLLMHttpServer pid=102622)[0m (Worker_TP1 pid=110048) /usr/local/lib/python3.11/site-packages/torch_npu/dynamo/torchair/configs/compiler_config.py:106: UserWarning: The following torchair config or properties may not take effect or report error in reduce-overhead mode: config.experimental_config.enable_view_optimize:True, set_dim_gears, dynamo_export, scope, npu_print
[36m(vLLMHttpServer pid=102622)[0m (Worker_TP1 pid=110048)   warnings.warn(
[36m(vLLMHttpServer pid=102622)[0m (Worker_TP0 pid=110047) /usr/local/lib/python3.11/site-packages/torch_npu/dynamo/torchair/configs/compiler_config.py:106: UserWarning: The following torchair config or properties may not take effect or report error in reduce-overhead mode: config.experimental_config.enable_view_optimize:True, set_dim_gears, dynamo_export, scope, npu_print
[36m(vLLMHttpServer pid=102622)[0m (Worker_TP0 pid=110047)   warnings.warn(
[36m(vLLMHttpServer pid=102622)[0m (Worker_TP5 pid=110054) /usr/local/lib/python3.11/site-packages/torch_npu/dynamo/torchair/configs/compiler_config.py:106: UserWarning: The following torchair config or properties may not take effect or report error in reduce-overhead mode: config.experimental_config.enable_view_optimize:True, set_dim_gears, dynamo_export, scope, npu_print
[36m(vLLMHttpServer pid=102622)[0m (Worker_TP5 pid=110054)   warnings.warn(
[36m(vLLMHttpServer pid=102622)[0m (Worker_TP4 pid=110053) /usr/local/lib/python3.11/site-packages/torch_npu/dynamo/torchair/configs/compiler_config.py:106: UserWarning: The following torchair config or properties may not take effect or report error in reduce-overhead mode: config.experimental_config.enable_view_optimize:True, set_dim_gears, dynamo_export, scope, npu_print
[36m(vLLMHttpServer pid=102622)[0m (Worker_TP4 pid=110053)   warnings.warn(
[36m(vLLMHttpServer pid=102622)[0m (Worker_TP6 pid=110055) /usr/local/lib/python3.11/site-packages/torch_npu/dynamo/torchair/configs/compiler_config.py:106: UserWarning: The following torchair config or properties may not take effect or report error in reduce-overhead mode: config.experimental_config.enable_view_optimize:True, set_dim_gears, dynamo_export, scope, npu_print
[36m(vLLMHttpServer pid=102622)[0m (Worker_TP6 pid=110055)   warnings.warn(
[36m(vLLMHttpServer pid=102622)[0m (Worker_TP3 pid=110051) /usr/local/lib/python3.11/site-packages/torch_npu/dynamo/torchair/configs/compiler_config.py:106: UserWarning: The following torchair config or properties may not take effect or report error in reduce-overhead mode: config.experimental_config.enable_view_optimize:True, set_dim_gears, dynamo_export, scope, npu_print
[36m(vLLMHttpServer pid=102622)[0m (Worker_TP3 pid=110051)   warnings.warn(
[36m(vLLMHttpServer pid=102622)[0m (Worker_TP2 pid=110049) /usr/local/lib/python3.11/site-packages/torch_npu/dynamo/torchair/configs/compiler_config.py:106: UserWarning: The following torchair config or properties may not take effect or report error in reduce-overhead mode: config.experimental_config.enable_view_optimize:True, set_dim_gears, dynamo_export, scope, npu_print
[36m(vLLMHttpServer pid=102622)[0m (Worker_TP2 pid=110049)   warnings.warn(
[36m(vLLMHttpServer pid=102622)[0m (Worker_TP7 pid=110056) /usr/local/lib/python3.11/site-packages/torch_npu/dynamo/torchair/configs/compiler_config.py:106: UserWarning: The following torchair config or properties may not take effect or report error in reduce-overhead mode: config.experimental_config.enable_view_optimize:True, set_dim_gears, dynamo_export, scope, npu_print
[36m(vLLMHttpServer pid=102622)[0m (Worker_TP7 pid=110056)   warnings.warn(
[36m(vLLMHttpServer pid=102622)[0m (Worker_TP1 pid=110048) /usr/local/lib/python3.11/site-packages/torch_npu/dynamo/torchair/configs/compiler_config.py:106: UserWarning: The following torchair config or properties may not take effect or report error in reduce-overhead mode: config.experimental_config.enable_view_optimize:True, set_dim_gears, dynamo_export, scope, npu_print
[36m(vLLMHttpServer pid=102622)[0m (Worker_TP1 pid=110048)   warnings.warn(
[36m(vLLMHttpServer pid=102622)[0m (Worker_TP0 pid=110047) /usr/local/lib/python3.11/site-packages/torch_npu/dynamo/torchair/configs/compiler_config.py:106: UserWarning: The following torchair config or properties may not take effect or report error in reduce-overhead mode: config.experimental_config.enable_view_optimize:True, set_dim_gears, dynamo_export, scope, npu_print
[36m(vLLMHttpServer pid=102622)[0m (Worker_TP0 pid=110047)   warnings.warn(
[36m(vLLMHttpServer pid=102622)[0m (Worker_TP5 pid=110054) /usr/local/lib/python3.11/site-packages/torch_npu/dynamo/torchair/configs/compiler_config.py:106: UserWarning: The following torchair config or properties may not take effect or report error in reduce-overhead mode: config.experimental_config.enable_view_optimize:True, set_dim_gears, dynamo_export, scope, npu_print
[36m(vLLMHttpServer pid=102622)[0m (Worker_TP5 pid=110054)   warnings.warn(
[36m(vLLMHttpServer pid=102622)[0m (Worker_TP4 pid=110053) /usr/local/lib/python3.11/site-packages/torch_npu/dynamo/torchair/configs/compiler_config.py:106: UserWarning: The following torchair config or properties may not take effect or report error in reduce-overhead mode: config.experimental_config.enable_view_optimize:True, set_dim_gears, dynamo_export, scope, npu_print
[36m(vLLMHttpServer pid=102622)[0m (Worker_TP4 pid=110053)   warnings.warn(
[36m(vLLMHttpServer pid=102622)[0m (Worker_TP6 pid=110055) /usr/local/lib/python3.11/site-packages/torch_npu/dynamo/torchair/configs/compiler_config.py:106: UserWarning: The following torchair config or properties may not take effect or report error in reduce-overhead mode: config.experimental_config.enable_view_optimize:True, set_dim_gears, dynamo_export, scope, npu_print
[36m(vLLMHttpServer pid=102622)[0m (Worker_TP6 pid=110055)   warnings.warn(
[36m(vLLMHttpServer pid=102622)[0m (Worker_TP3 pid=110051) /usr/local/lib/python3.11/site-packages/torch_npu/dynamo/torchair/configs/compiler_config.py:106: UserWarning: The following torchair config or properties may not take effect or report error in reduce-overhead mode: config.experimental_config.enable_view_optimize:True, set_dim_gears, dynamo_export, scope, npu_print
[36m(vLLMHttpServer pid=102622)[0m (Worker_TP3 pid=110051)   warnings.warn(
[36m(vLLMHttpServer pid=102622)[0m (Worker_TP2 pid=110049) /usr/local/lib/python3.11/site-packages/torch_npu/dynamo/torchair/configs/compiler_config.py:106: UserWarning: The following torchair config or properties may not take effect or report error in reduce-overhead mode: config.experimental_config.enable_view_optimize:True, set_dim_gears, dynamo_export, scope, npu_print
[36m(vLLMHttpServer pid=102622)[0m (Worker_TP2 pid=110049)   warnings.warn(
[36m(vLLMHttpServer pid=102622)[0m (Worker_TP1 pid=110048) /usr/local/lib/python3.11/site-packages/torch_npu/dynamo/torchair/configs/compiler_config.py:106: UserWarning: The following torchair config or properties may not take effect or report error in reduce-overhead mode: config.experimental_config.enable_view_optimize:True, set_dim_gears, dynamo_export, scope, npu_print
[36m(vLLMHttpServer pid=102622)[0m (Worker_TP1 pid=110048)   warnings.warn(
[36m(vLLMHttpServer pid=102622)[0m (Worker_TP0 pid=110047) /usr/local/lib/python3.11/site-packages/torch_npu/dynamo/torchair/configs/compiler_config.py:106: UserWarning: The following torchair config or properties may not take effect or report error in reduce-overhead mode: config.experimental_config.enable_view_optimize:True, set_dim_gears, dynamo_export, scope, npu_print
[36m(vLLMHttpServer pid=102622)[0m (Worker_TP0 pid=110047)   warnings.warn(
[36m(vLLMHttpServer pid=102622)[0m (Worker_TP7 pid=110056) /usr/local/lib/python3.11/site-packages/torch_npu/dynamo/torchair/configs/compiler_config.py:106: UserWarning: The following torchair config or properties may not take effect or report error in reduce-overhead mode: config.experimental_config.enable_view_optimize:True, set_dim_gears, dynamo_export, scope, npu_print
[36m(vLLMHttpServer pid=102622)[0m (Worker_TP7 pid=110056)   warnings.warn(
[36m(vLLMHttpServer pid=102622)[0m (Worker_TP5 pid=110054) /usr/local/lib/python3.11/site-packages/torch_npu/dynamo/torchair/configs/compiler_config.py:106: UserWarning: The following torchair config or properties may not take effect or report error in reduce-overhead mode: config.experimental_config.enable_view_optimize:True, set_dim_gears, dynamo_export, scope, npu_print
[36m(vLLMHttpServer pid=102622)[0m (Worker_TP5 pid=110054)   warnings.warn(
[36m(vLLMHttpServer pid=102622)[0m (Worker_TP4 pid=110053) /usr/local/lib/python3.11/site-packages/torch_npu/dynamo/torchair/configs/compiler_config.py:106: UserWarning: The following torchair config or properties may not take effect or report error in reduce-overhead mode: config.experimental_config.enable_view_optimize:True, set_dim_gears, dynamo_export, scope, npu_print
[36m(vLLMHttpServer pid=102622)[0m (Worker_TP4 pid=110053)   warnings.warn(
[36m(vLLMHttpServer pid=102622)[0m (Worker_TP6 pid=110055) /usr/local/lib/python3.11/site-packages/torch_npu/dynamo/torchair/configs/compiler_config.py:106: UserWarning: The following torchair config or properties may not take effect or report error in reduce-overhead mode: config.experimental_config.enable_view_optimize:True, set_dim_gears, dynamo_export, scope, npu_print
[36m(vLLMHttpServer pid=102622)[0m (Worker_TP6 pid=110055)   warnings.warn(
[36m(vLLMHttpServer pid=102622)[0m (Worker_TP3 pid=110051) /usr/local/lib/python3.11/site-packages/torch_npu/dynamo/torchair/configs/compiler_config.py:106: UserWarning: The following torchair config or properties may not take effect or report error in reduce-overhead mode: config.experimental_config.enable_view_optimize:True, set_dim_gears, dynamo_export, scope, npu_print
[36m(vLLMHttpServer pid=102622)[0m (Worker_TP3 pid=110051)   warnings.warn(
[36m(vLLMHttpServer pid=102622)[0m (Worker_TP2 pid=110049) /usr/local/lib/python3.11/site-packages/torch_npu/dynamo/torchair/configs/compiler_config.py:106: UserWarning: The following torchair config or properties may not take effect or report error in reduce-overhead mode: config.experimental_config.enable_view_optimize:True, set_dim_gears, dynamo_export, scope, npu_print
[36m(vLLMHttpServer pid=102622)[0m (Worker_TP2 pid=110049)   warnings.warn(
[36m(vLLMHttpServer pid=102622)[0m (Worker_TP1 pid=110048) /usr/local/lib/python3.11/site-packages/torch_npu/dynamo/torchair/configs/compiler_config.py:106: UserWarning: The following torchair config or properties may not take effect or report error in reduce-overhead mode: config.experimental_config.enable_view_optimize:True, set_dim_gears, dynamo_export, scope, npu_print
[36m(vLLMHttpServer pid=102622)[0m (Worker_TP1 pid=110048)   warnings.warn(
[36m(vLLMHttpServer pid=102622)[0m (Worker_TP0 pid=110047) /usr/local/lib/python3.11/site-packages/torch_npu/dynamo/torchair/configs/compiler_config.py:106: UserWarning: The following torchair config or properties may not take effect or report error in reduce-overhead mode: config.experimental_config.enable_view_optimize:True, set_dim_gears, dynamo_export, scope, npu_print
[36m(vLLMHttpServer pid=102622)[0m (Worker_TP0 pid=110047)   warnings.warn(
[36m(vLLMHttpServer pid=102622)[0m (Worker_TP5 pid=110054) /usr/local/lib/python3.11/site-packages/torch_npu/dynamo/torchair/configs/compiler_config.py:106: UserWarning: The following torchair config or properties may not take effect or report error in reduce-overhead mode: config.experimental_config.enable_view_optimize:True, set_dim_gears, dynamo_export, scope, npu_print
[36m(vLLMHttpServer pid=102622)[0m (Worker_TP5 pid=110054)   warnings.warn(
[36m(vLLMHttpServer pid=102622)[0m (Worker_TP7 pid=110056) /usr/local/lib/python3.11/site-packages/torch_npu/dynamo/torchair/configs/compiler_config.py:106: UserWarning: The following torchair config or properties may not take effect or report error in reduce-overhead mode: config.experimental_config.enable_view_optimize:True, set_dim_gears, dynamo_export, scope, npu_print
[36m(vLLMHttpServer pid=102622)[0m (Worker_TP7 pid=110056)   warnings.warn(
[36m(vLLMHttpServer pid=102622)[0m (Worker_TP4 pid=110053) /usr/local/lib/python3.11/site-packages/torch_npu/dynamo/torchair/configs/compiler_config.py:106: UserWarning: The following torchair config or properties may not take effect or report error in reduce-overhead mode: config.experimental_config.enable_view_optimize:True, set_dim_gears, dynamo_export, scope, npu_print
[36m(vLLMHttpServer pid=102622)[0m (Worker_TP4 pid=110053)   warnings.warn(
[36m(vLLMHttpServer pid=102622)[0m (Worker_TP6 pid=110055) /usr/local/lib/python3.11/site-packages/torch_npu/dynamo/torchair/configs/compiler_config.py:106: UserWarning: The following torchair config or properties may not take effect or report error in reduce-overhead mode: config.experimental_config.enable_view_optimize:True, set_dim_gears, dynamo_export, scope, npu_print
[36m(vLLMHttpServer pid=102622)[0m (Worker_TP6 pid=110055)   warnings.warn(
[36m(vLLMHttpServer pid=102622)[0m (Worker_TP3 pid=110051) /usr/local/lib/python3.11/site-packages/torch_npu/dynamo/torchair/configs/compiler_config.py:106: UserWarning: The following torchair config or properties may not take effect or report error in reduce-overhead mode: config.experimental_config.enable_view_optimize:True, set_dim_gears, dynamo_export, scope, npu_print
[36m(vLLMHttpServer pid=102622)[0m (Worker_TP3 pid=110051)   warnings.warn(
[36m(vLLMHttpServer pid=102622)[0m (Worker_TP7 pid=110056) /usr/local/lib/python3.11/site-packages/torch_npu/dynamo/torchair/configs/compiler_config.py:106: UserWarning: The following torchair config or properties may not take effect or report error in reduce-overhead mode: config.experimental_config.enable_view_optimize:True, set_dim_gears, dynamo_export, scope, npu_print
[36m(vLLMHttpServer pid=102622)[0m (Worker_TP7 pid=110056)   warnings.warn(
[36m(vLLMHttpServer pid=102622)[0m (Worker_TP2 pid=110049) /usr/local/lib/python3.11/site-packages/torch_npu/dynamo/torchair/configs/compiler_config.py:106: UserWarning: The following torchair config or properties may not take effect or report error in reduce-overhead mode: config.experimental_config.enable_view_optimize:True, set_dim_gears, dynamo_export, scope, npu_print
[36m(vLLMHttpServer pid=102622)[0m (Worker_TP2 pid=110049)   warnings.warn(
[36m(vLLMHttpServer pid=102622)[0m (Worker_TP1 pid=110048) /usr/local/lib/python3.11/site-packages/torch_npu/dynamo/torchair/configs/compiler_config.py:106: UserWarning: The following torchair config or properties may not take effect or report error in reduce-overhead mode: config.experimental_config.enable_view_optimize:True, set_dim_gears, dynamo_export, scope, npu_print
[36m(vLLMHttpServer pid=102622)[0m (Worker_TP1 pid=110048)   warnings.warn(
[36m(vLLMHttpServer pid=102622)[0m (Worker_TP5 pid=110054) /usr/local/lib/python3.11/site-packages/torch_npu/dynamo/torchair/configs/compiler_config.py:106: UserWarning: The following torchair config or properties may not take effect or report error in reduce-overhead mode: config.experimental_config.enable_view_optimize:True, set_dim_gears, dynamo_export, scope, npu_print
[36m(vLLMHttpServer pid=102622)[0m (Worker_TP5 pid=110054)   warnings.warn(
[36m(vLLMHttpServer pid=102622)[0m (Worker_TP0 pid=110047) /usr/local/lib/python3.11/site-packages/torch_npu/dynamo/torchair/configs/compiler_config.py:106: UserWarning: The following torchair config or properties may not take effect or report error in reduce-overhead mode: config.experimental_config.enable_view_optimize:True, set_dim_gears, dynamo_export, scope, npu_print
[36m(vLLMHttpServer pid=102622)[0m (Worker_TP0 pid=110047)   warnings.warn(
[36m(vLLMHttpServer pid=102622)[0m (Worker_TP4 pid=110053) /usr/local/lib/python3.11/site-packages/torch_npu/dynamo/torchair/configs/compiler_config.py:106: UserWarning: The following torchair config or properties may not take effect or report error in reduce-overhead mode: config.experimental_config.enable_view_optimize:True, set_dim_gears, dynamo_export, scope, npu_print
[36m(vLLMHttpServer pid=102622)[0m (Worker_TP4 pid=110053)   warnings.warn(
[36m(vLLMHttpServer pid=102622)[0m (Worker_TP6 pid=110055) /usr/local/lib/python3.11/site-packages/torch_npu/dynamo/torchair/configs/compiler_config.py:106: UserWarning: The following torchair config or properties may not take effect or report error in reduce-overhead mode: config.experimental_config.enable_view_optimize:True, set_dim_gears, dynamo_export, scope, npu_print
[36m(vLLMHttpServer pid=102622)[0m (Worker_TP6 pid=110055)   warnings.warn(
[36m(vLLMHttpServer pid=102622)[0m (Worker_TP3 pid=110051) /usr/local/lib/python3.11/site-packages/torch_npu/dynamo/torchair/configs/compiler_config.py:106: UserWarning: The following torchair config or properties may not take effect or report error in reduce-overhead mode: config.experimental_config.enable_view_optimize:True, set_dim_gears, dynamo_export, scope, npu_print
[36m(vLLMHttpServer pid=102622)[0m (Worker_TP3 pid=110051)   warnings.warn(
[36m(vLLMHttpServer pid=102622)[0m (Worker_TP7 pid=110056) /usr/local/lib/python3.11/site-packages/torch_npu/dynamo/torchair/configs/compiler_config.py:106: UserWarning: The following torchair config or properties may not take effect or report error in reduce-overhead mode: config.experimental_config.enable_view_optimize:True, set_dim_gears, dynamo_export, scope, npu_print
[36m(vLLMHttpServer pid=102622)[0m (Worker_TP7 pid=110056)   warnings.warn(
[36m(vLLMHttpServer pid=102622)[0m (Worker_TP2 pid=110049) /usr/local/lib/python3.11/site-packages/torch_npu/dynamo/torchair/configs/compiler_config.py:106: UserWarning: The following torchair config or properties may not take effect or report error in reduce-overhead mode: config.experimental_config.enable_view_optimize:True, set_dim_gears, dynamo_export, scope, npu_print
[36m(vLLMHttpServer pid=102622)[0m (Worker_TP2 pid=110049)   warnings.warn(
[36m(vLLMHttpServer pid=102622)[0m (Worker_TP1 pid=110048) /usr/local/lib/python3.11/site-packages/torch_npu/dynamo/torchair/configs/compiler_config.py:106: UserWarning: The following torchair config or properties may not take effect or report error in reduce-overhead mode: config.experimental_config.enable_view_optimize:True, set_dim_gears, dynamo_export, scope, npu_print
[36m(vLLMHttpServer pid=102622)[0m (Worker_TP1 pid=110048)   warnings.warn(
[36m(vLLMHttpServer pid=102622)[0m (Worker_TP5 pid=110054) /usr/local/lib/python3.11/site-packages/torch_npu/dynamo/torchair/configs/compiler_config.py:106: UserWarning: The following torchair config or properties may not take effect or report error in reduce-overhead mode: config.experimental_config.enable_view_optimize:True, set_dim_gears, dynamo_export, scope, npu_print
[36m(vLLMHttpServer pid=102622)[0m (Worker_TP5 pid=110054)   warnings.warn(
[36m(vLLMHttpServer pid=102622)[0m (Worker_TP0 pid=110047) /usr/local/lib/python3.11/site-packages/torch_npu/dynamo/torchair/configs/compiler_config.py:106: UserWarning: The following torchair config or properties may not take effect or report error in reduce-overhead mode: config.experimental_config.enable_view_optimize:True, set_dim_gears, dynamo_export, scope, npu_print
[36m(vLLMHttpServer pid=102622)[0m (Worker_TP0 pid=110047)   warnings.warn(
[36m(vLLMHttpServer pid=102622)[0m (Worker_TP6 pid=110055) /usr/local/lib/python3.11/site-packages/torch_npu/dynamo/torchair/configs/compiler_config.py:106: UserWarning: The following torchair config or properties may not take effect or report error in reduce-overhead mode: config.experimental_config.enable_view_optimize:True, set_dim_gears, dynamo_export, scope, npu_print
[36m(vLLMHttpServer pid=102622)[0m (Worker_TP6 pid=110055)   warnings.warn(
[36m(vLLMHttpServer pid=102622)[0m (Worker_TP4 pid=110053) /usr/local/lib/python3.11/site-packages/torch_npu/dynamo/torchair/configs/compiler_config.py:106: UserWarning: The following torchair config or properties may not take effect or report error in reduce-overhead mode: config.experimental_config.enable_view_optimize:True, set_dim_gears, dynamo_export, scope, npu_print
[36m(vLLMHttpServer pid=102622)[0m (Worker_TP4 pid=110053)   warnings.warn(
[36m(vLLMHttpServer pid=102622)[0m (Worker_TP3 pid=110051) /usr/local/lib/python3.11/site-packages/torch_npu/dynamo/torchair/configs/compiler_config.py:106: UserWarning: The following torchair config or properties may not take effect or report error in reduce-overhead mode: config.experimental_config.enable_view_optimize:True, set_dim_gears, dynamo_export, scope, npu_print
[36m(vLLMHttpServer pid=102622)[0m (Worker_TP3 pid=110051)   warnings.warn(
[36m(vLLMHttpServer pid=102622)[0m (Worker_TP2 pid=110049) /usr/local/lib/python3.11/site-packages/torch_npu/dynamo/torchair/configs/compiler_config.py:106: UserWarning: The following torchair config or properties may not take effect or report error in reduce-overhead mode: config.experimental_config.enable_view_optimize:True, set_dim_gears, dynamo_export, scope, npu_print
[36m(vLLMHttpServer pid=102622)[0m (Worker_TP2 pid=110049)   warnings.warn(
[36m(vLLMHttpServer pid=102622)[0m (Worker_TP1 pid=110048) /usr/local/lib/python3.11/site-packages/torch_npu/dynamo/torchair/configs/compiler_config.py:106: UserWarning: The following torchair config or properties may not take effect or report error in reduce-overhead mode: config.experimental_config.enable_view_optimize:True, set_dim_gears, dynamo_export, scope, npu_print
[36m(vLLMHttpServer pid=102622)[0m (Worker_TP1 pid=110048)   warnings.warn(
[36m(vLLMHttpServer pid=102622)[0m (Worker_TP5 pid=110054) /usr/local/lib/python3.11/site-packages/torch_npu/dynamo/torchair/configs/compiler_config.py:106: UserWarning: The following torchair config or properties may not take effect or report error in reduce-overhead mode: config.experimental_config.enable_view_optimize:True, set_dim_gears, dynamo_export, scope, npu_print
[36m(vLLMHttpServer pid=102622)[0m (Worker_TP5 pid=110054)   warnings.warn(
[36m(vLLMHttpServer pid=102622)[0m (Worker_TP7 pid=110056) /usr/local/lib/python3.11/site-packages/torch_npu/dynamo/torchair/configs/compiler_config.py:106: UserWarning: The following torchair config or properties may not take effect or report error in reduce-overhead mode: config.experimental_config.enable_view_optimize:True, set_dim_gears, dynamo_export, scope, npu_print
[36m(vLLMHttpServer pid=102622)[0m (Worker_TP7 pid=110056)   warnings.warn(
[36m(vLLMHttpServer pid=102622)[0m (Worker_TP0 pid=110047) /usr/local/lib/python3.11/site-packages/torch_npu/dynamo/torchair/configs/compiler_config.py:106: UserWarning: The following torchair config or properties may not take effect or report error in reduce-overhead mode: config.experimental_config.enable_view_optimize:True, set_dim_gears, dynamo_export, scope, npu_print
[36m(vLLMHttpServer pid=102622)[0m (Worker_TP0 pid=110047)   warnings.warn(
[36m(vLLMHttpServer pid=102622)[0m (Worker_TP6 pid=110055) /usr/local/lib/python3.11/site-packages/torch_npu/dynamo/torchair/configs/compiler_config.py:106: UserWarning: The following torchair config or properties may not take effect or report error in reduce-overhead mode: config.experimental_config.enable_view_optimize:True, set_dim_gears, dynamo_export, scope, npu_print
[36m(vLLMHttpServer pid=102622)[0m (Worker_TP6 pid=110055)   warnings.warn(
[36m(vLLMHttpServer pid=102622)[0m (Worker_TP4 pid=110053) /usr/local/lib/python3.11/site-packages/torch_npu/dynamo/torchair/configs/compiler_config.py:106: UserWarning: The following torchair config or properties may not take effect or report error in reduce-overhead mode: config.experimental_config.enable_view_optimize:True, set_dim_gears, dynamo_export, scope, npu_print
[36m(vLLMHttpServer pid=102622)[0m (Worker_TP4 pid=110053)   warnings.warn(
[36m(vLLMHttpServer pid=102622)[0m (Worker_TP3 pid=110051) /usr/local/lib/python3.11/site-packages/torch_npu/dynamo/torchair/configs/compiler_config.py:106: UserWarning: The following torchair config or properties may not take effect or report error in reduce-overhead mode: config.experimental_config.enable_view_optimize:True, set_dim_gears, dynamo_export, scope, npu_print
[36m(vLLMHttpServer pid=102622)[0m (Worker_TP3 pid=110051)   warnings.warn(
[36m(vLLMHttpServer pid=102622)[0m (Worker_TP2 pid=110049) /usr/local/lib/python3.11/site-packages/torch_npu/dynamo/torchair/configs/compiler_config.py:106: UserWarning: The following torchair config or properties may not take effect or report error in reduce-overhead mode: config.experimental_config.enable_view_optimize:True, set_dim_gears, dynamo_export, scope, npu_print
[36m(vLLMHttpServer pid=102622)[0m (Worker_TP2 pid=110049)   warnings.warn(
[36m(vLLMHttpServer pid=102622)[0m (Worker_TP1 pid=110048) /usr/local/lib/python3.11/site-packages/torch_npu/dynamo/torchair/configs/compiler_config.py:106: UserWarning: The following torchair config or properties may not take effect or report error in reduce-overhead mode: config.experimental_config.enable_view_optimize:True, set_dim_gears, dynamo_export, scope, npu_print
[36m(vLLMHttpServer pid=102622)[0m (Worker_TP1 pid=110048)   warnings.warn(
[36m(vLLMHttpServer pid=102622)[0m (Worker_TP5 pid=110054) /usr/local/lib/python3.11/site-packages/torch_npu/dynamo/torchair/configs/compiler_config.py:106: UserWarning: The following torchair config or properties may not take effect or report error in reduce-overhead mode: config.experimental_config.enable_view_optimize:True, set_dim_gears, dynamo_export, scope, npu_print
[36m(vLLMHttpServer pid=102622)[0m (Worker_TP5 pid=110054)   warnings.warn(
[36m(vLLMHttpServer pid=102622)[0m (Worker_TP7 pid=110056) /usr/local/lib/python3.11/site-packages/torch_npu/dynamo/torchair/configs/compiler_config.py:106: UserWarning: The following torchair config or properties may not take effect or report error in reduce-overhead mode: config.experimental_config.enable_view_optimize:True, set_dim_gears, dynamo_export, scope, npu_print
[36m(vLLMHttpServer pid=102622)[0m (Worker_TP7 pid=110056)   warnings.warn(
[36m(vLLMHttpServer pid=102622)[0m (Worker_TP0 pid=110047) /usr/local/lib/python3.11/site-packages/torch_npu/dynamo/torchair/configs/compiler_config.py:106: UserWarning: The following torchair config or properties may not take effect or report error in reduce-overhead mode: config.experimental_config.enable_view_optimize:True, set_dim_gears, dynamo_export, scope, npu_print
[36m(vLLMHttpServer pid=102622)[0m (Worker_TP0 pid=110047)   warnings.warn(
[36m(vLLMHttpServer pid=102622)[0m (Worker_TP6 pid=110055) /usr/local/lib/python3.11/site-packages/torch_npu/dynamo/torchair/configs/compiler_config.py:106: UserWarning: The following torchair config or properties may not take effect or report error in reduce-overhead mode: config.experimental_config.enable_view_optimize:True, set_dim_gears, dynamo_export, scope, npu_print
[36m(vLLMHttpServer pid=102622)[0m (Worker_TP6 pid=110055)   warnings.warn(
[36m(vLLMHttpServer pid=102622)[0m (Worker_TP4 pid=110053) /usr/local/lib/python3.11/site-packages/torch_npu/dynamo/torchair/configs/compiler_config.py:106: UserWarning: The following torchair config or properties may not take effect or report error in reduce-overhead mode: config.experimental_config.enable_view_optimize:True, set_dim_gears, dynamo_export, scope, npu_print
[36m(vLLMHttpServer pid=102622)[0m (Worker_TP4 pid=110053)   warnings.warn(
[36m(vLLMHttpServer pid=102622)[0m (Worker_TP3 pid=110051) /usr/local/lib/python3.11/site-packages/torch_npu/dynamo/torchair/configs/compiler_config.py:106: UserWarning: The following torchair config or properties may not take effect or report error in reduce-overhead mode: config.experimental_config.enable_view_optimize:True, set_dim_gears, dynamo_export, scope, npu_print
[36m(vLLMHttpServer pid=102622)[0m (Worker_TP3 pid=110051)   warnings.warn(
[36m(vLLMHttpServer pid=102622)[0m (Worker_TP7 pid=110056) /usr/local/lib/python3.11/site-packages/torch_npu/dynamo/torchair/configs/compiler_config.py:106: UserWarning: The following torchair config or properties may not take effect or report error in reduce-overhead mode: config.experimental_config.enable_view_optimize:True, set_dim_gears, dynamo_export, scope, npu_print
[36m(vLLMHttpServer pid=102622)[0m (Worker_TP7 pid=110056)   warnings.warn(
[36m(vLLMHttpServer pid=102622)[0m (Worker_TP2 pid=110049) /usr/local/lib/python3.11/site-packages/torch_npu/dynamo/torchair/configs/compiler_config.py:106: UserWarning: The following torchair config or properties may not take effect or report error in reduce-overhead mode: config.experimental_config.enable_view_optimize:True, set_dim_gears, dynamo_export, scope, npu_print
[36m(vLLMHttpServer pid=102622)[0m (Worker_TP2 pid=110049)   warnings.warn(
[36m(vLLMHttpServer pid=102622)[0m (Worker_TP1 pid=110048) /usr/local/lib/python3.11/site-packages/torch_npu/dynamo/torchair/configs/compiler_config.py:106: UserWarning: The following torchair config or properties may not take effect or report error in reduce-overhead mode: config.experimental_config.enable_view_optimize:True, set_dim_gears, dynamo_export, scope, npu_print
[36m(vLLMHttpServer pid=102622)[0m (Worker_TP1 pid=110048)   warnings.warn(
[36m(vLLMHttpServer pid=102622)[0m (Worker_TP5 pid=110054) /usr/local/lib/python3.11/site-packages/torch_npu/dynamo/torchair/configs/compiler_config.py:106: UserWarning: The following torchair config or properties may not take effect or report error in reduce-overhead mode: config.experimental_config.enable_view_optimize:True, set_dim_gears, dynamo_export, scope, npu_print
[36m(vLLMHttpServer pid=102622)[0m (Worker_TP5 pid=110054)   warnings.warn(
[36m(vLLMHttpServer pid=102622)[0m (Worker_TP6 pid=110055) /usr/local/lib/python3.11/site-packages/torch_npu/dynamo/torchair/configs/compiler_config.py:106: UserWarning: The following torchair config or properties may not take effect or report error in reduce-overhead mode: config.experimental_config.enable_view_optimize:True, set_dim_gears, dynamo_export, scope, npu_print
[36m(vLLMHttpServer pid=102622)[0m (Worker_TP6 pid=110055)   warnings.warn(
[36m(vLLMHttpServer pid=102622)[0m (Worker_TP0 pid=110047) /usr/local/lib/python3.11/site-packages/torch_npu/dynamo/torchair/configs/compiler_config.py:106: UserWarning: The following torchair config or properties may not take effect or report error in reduce-overhead mode: config.experimental_config.enable_view_optimize:True, set_dim_gears, dynamo_export, scope, npu_print
[36m(vLLMHttpServer pid=102622)[0m (Worker_TP0 pid=110047)   warnings.warn(
[36m(vLLMHttpServer pid=102622)[0m (Worker_TP4 pid=110053) /usr/local/lib/python3.11/site-packages/torch_npu/dynamo/torchair/configs/compiler_config.py:106: UserWarning: The following torchair config or properties may not take effect or report error in reduce-overhead mode: config.experimental_config.enable_view_optimize:True, set_dim_gears, dynamo_export, scope, npu_print
[36m(vLLMHttpServer pid=102622)[0m (Worker_TP4 pid=110053)   warnings.warn(
[36m(vLLMHttpServer pid=102622)[0m (Worker_TP3 pid=110051) /usr/local/lib/python3.11/site-packages/torch_npu/dynamo/torchair/configs/compiler_config.py:106: UserWarning: The following torchair config or properties may not take effect or report error in reduce-overhead mode: config.experimental_config.enable_view_optimize:True, set_dim_gears, dynamo_export, scope, npu_print
[36m(vLLMHttpServer pid=102622)[0m (Worker_TP3 pid=110051)   warnings.warn(
[36m(vLLMHttpServer pid=102622)[0m (Worker_TP7 pid=110056) /usr/local/lib/python3.11/site-packages/torch_npu/dynamo/torchair/configs/compiler_config.py:106: UserWarning: The following torchair config or properties may not take effect or report error in reduce-overhead mode: config.experimental_config.enable_view_optimize:True, set_dim_gears, dynamo_export, scope, npu_print
[36m(vLLMHttpServer pid=102622)[0m (Worker_TP7 pid=110056)   warnings.warn(
[36m(vLLMHttpServer pid=102622)[0m (Worker_TP2 pid=110049) /usr/local/lib/python3.11/site-packages/torch_npu/dynamo/torchair/configs/compiler_config.py:106: UserWarning: The following torchair config or properties may not take effect or report error in reduce-overhead mode: config.experimental_config.enable_view_optimize:True, set_dim_gears, dynamo_export, scope, npu_print
[36m(vLLMHttpServer pid=102622)[0m (Worker_TP2 pid=110049)   warnings.warn(
[36m(vLLMHttpServer pid=102622)[0m (Worker_TP5 pid=110054) /usr/local/lib/python3.11/site-packages/torch_npu/dynamo/torchair/configs/compiler_config.py:106: UserWarning: The following torchair config or properties may not take effect or report error in reduce-overhead mode: config.experimental_config.enable_view_optimize:True, set_dim_gears, dynamo_export, scope, npu_print
[36m(vLLMHttpServer pid=102622)[0m (Worker_TP5 pid=110054)   warnings.warn(
[36m(vLLMHttpServer pid=102622)[0m (Worker_TP1 pid=110048) /usr/local/lib/python3.11/site-packages/torch_npu/dynamo/torchair/configs/compiler_config.py:106: UserWarning: The following torchair config or properties may not take effect or report error in reduce-overhead mode: config.experimental_config.enable_view_optimize:True, set_dim_gears, dynamo_export, scope, npu_print
[36m(vLLMHttpServer pid=102622)[0m (Worker_TP1 pid=110048)   warnings.warn(
[36m(vLLMHttpServer pid=102622)[0m (Worker_TP6 pid=110055) /usr/local/lib/python3.11/site-packages/torch_npu/dynamo/torchair/configs/compiler_config.py:106: UserWarning: The following torchair config or properties may not take effect or report error in reduce-overhead mode: config.experimental_config.enable_view_optimize:True, set_dim_gears, dynamo_export, scope, npu_print
[36m(vLLMHttpServer pid=102622)[0m (Worker_TP6 pid=110055)   warnings.warn(
[36m(vLLMHttpServer pid=102622)[0m (Worker_TP0 pid=110047) /usr/local/lib/python3.11/site-packages/torch_npu/dynamo/torchair/configs/compiler_config.py:106: UserWarning: The following torchair config or properties may not take effect or report error in reduce-overhead mode: config.experimental_config.enable_view_optimize:True, set_dim_gears, dynamo_export, scope, npu_print
[36m(vLLMHttpServer pid=102622)[0m (Worker_TP0 pid=110047)   warnings.warn(
[36m(vLLMHttpServer pid=102622)[0m (Worker_TP3 pid=110051) /usr/local/lib/python3.11/site-packages/torch_npu/dynamo/torchair/configs/compiler_config.py:106: UserWarning: The following torchair config or properties may not take effect or report error in reduce-overhead mode: config.experimental_config.enable_view_optimize:True, set_dim_gears, dynamo_export, scope, npu_print
[36m(vLLMHttpServer pid=102622)[0m (Worker_TP3 pid=110051)   warnings.warn(
[36m(vLLMHttpServer pid=102622)[0m (Worker_TP4 pid=110053) /usr/local/lib/python3.11/site-packages/torch_npu/dynamo/torchair/configs/compiler_config.py:106: UserWarning: The following torchair config or properties may not take effect or report error in reduce-overhead mode: config.experimental_config.enable_view_optimize:True, set_dim_gears, dynamo_export, scope, npu_print
[36m(vLLMHttpServer pid=102622)[0m (Worker_TP4 pid=110053)   warnings.warn(
[36m(vLLMHttpServer pid=102622)[0m (Worker_TP2 pid=110049) /usr/local/lib/python3.11/site-packages/torch_npu/dynamo/torchair/configs/compiler_config.py:106: UserWarning: The following torchair config or properties may not take effect or report error in reduce-overhead mode: config.experimental_config.enable_view_optimize:True, set_dim_gears, dynamo_export, scope, npu_print
[36m(vLLMHttpServer pid=102622)[0m (Worker_TP2 pid=110049)   warnings.warn(
[36m(vLLMHttpServer pid=102622)[0m (Worker_TP5 pid=110054) /usr/local/lib/python3.11/site-packages/torch_npu/dynamo/torchair/configs/compiler_config.py:106: UserWarning: The following torchair config or properties may not take effect or report error in reduce-overhead mode: config.experimental_config.enable_view_optimize:True, set_dim_gears, dynamo_export, scope, npu_print
[36m(vLLMHttpServer pid=102622)[0m (Worker_TP5 pid=110054)   warnings.warn(
[36m(vLLMHttpServer pid=102622)[0m (Worker_TP1 pid=110048) /usr/local/lib/python3.11/site-packages/torch_npu/dynamo/torchair/configs/compiler_config.py:106: UserWarning: The following torchair config or properties may not take effect or report error in reduce-overhead mode: config.experimental_config.enable_view_optimize:True, set_dim_gears, dynamo_export, scope, npu_print
[36m(vLLMHttpServer pid=102622)[0m (Worker_TP1 pid=110048)   warnings.warn(
[36m(vLLMHttpServer pid=102622)[0m (Worker_TP7 pid=110056) /usr/local/lib/python3.11/site-packages/torch_npu/dynamo/torchair/configs/compiler_config.py:106: UserWarning: The following torchair config or properties may not take effect or report error in reduce-overhead mode: config.experimental_config.enable_view_optimize:True, set_dim_gears, dynamo_export, scope, npu_print
[36m(vLLMHttpServer pid=102622)[0m (Worker_TP7 pid=110056)   warnings.warn(
[36m(vLLMHttpServer pid=102622)[0m (Worker_TP6 pid=110055) /usr/local/lib/python3.11/site-packages/torch_npu/dynamo/torchair/configs/compiler_config.py:106: UserWarning: The following torchair config or properties may not take effect or report error in reduce-overhead mode: config.experimental_config.enable_view_optimize:True, set_dim_gears, dynamo_export, scope, npu_print
[36m(vLLMHttpServer pid=102622)[0m (Worker_TP6 pid=110055)   warnings.warn(
[36m(vLLMHttpServer pid=102622)[0m (Worker_TP0 pid=110047) /usr/local/lib/python3.11/site-packages/torch_npu/dynamo/torchair/configs/compiler_config.py:106: UserWarning: The following torchair config or properties may not take effect or report error in reduce-overhead mode: config.experimental_config.enable_view_optimize:True, set_dim_gears, dynamo_export, scope, npu_print
[36m(vLLMHttpServer pid=102622)[0m (Worker_TP0 pid=110047)   warnings.warn(
[36m(vLLMHttpServer pid=102622)[0m (Worker_TP4 pid=110053) /usr/local/lib/python3.11/site-packages/torch_npu/dynamo/torchair/configs/compiler_config.py:106: UserWarning: The following torchair config or properties may not take effect or report error in reduce-overhead mode: config.experimental_config.enable_view_optimize:True, set_dim_gears, dynamo_export, scope, npu_print
[36m(vLLMHttpServer pid=102622)[0m (Worker_TP4 pid=110053)   warnings.warn(
[36m(vLLMHttpServer pid=102622)[0m (Worker_TP3 pid=110051) /usr/local/lib/python3.11/site-packages/torch_npu/dynamo/torchair/configs/compiler_config.py:106: UserWarning: The following torchair config or properties may not take effect or report error in reduce-overhead mode: config.experimental_config.enable_view_optimize:True, set_dim_gears, dynamo_export, scope, npu_print
[36m(vLLMHttpServer pid=102622)[0m (Worker_TP3 pid=110051)   warnings.warn(
[36m(vLLMHttpServer pid=102622)[0m (Worker_TP2 pid=110049) /usr/local/lib/python3.11/site-packages/torch_npu/dynamo/torchair/configs/compiler_config.py:106: UserWarning: The following torchair config or properties may not take effect or report error in reduce-overhead mode: config.experimental_config.enable_view_optimize:True, set_dim_gears, dynamo_export, scope, npu_print
[36m(vLLMHttpServer pid=102622)[0m (Worker_TP2 pid=110049)   warnings.warn(
[36m(vLLMHttpServer pid=102622)[0m (Worker_TP5 pid=110054) /usr/local/lib/python3.11/site-packages/torch_npu/dynamo/torchair/configs/compiler_config.py:106: UserWarning: The following torchair config or properties may not take effect or report error in reduce-overhead mode: config.experimental_config.enable_view_optimize:True, set_dim_gears, dynamo_export, scope, npu_print
[36m(vLLMHttpServer pid=102622)[0m (Worker_TP5 pid=110054)   warnings.warn(
[36m(vLLMHttpServer pid=102622)[0m (Worker_TP1 pid=110048) /usr/local/lib/python3.11/site-packages/torch_npu/dynamo/torchair/configs/compiler_config.py:106: UserWarning: The following torchair config or properties may not take effect or report error in reduce-overhead mode: config.experimental_config.enable_view_optimize:True, set_dim_gears, dynamo_export, scope, npu_print
[36m(vLLMHttpServer pid=102622)[0m (Worker_TP1 pid=110048)   warnings.warn(
[36m(vLLMHttpServer pid=102622)[0m (Worker_TP6 pid=110055) /usr/local/lib/python3.11/site-packages/torch_npu/dynamo/torchair/configs/compiler_config.py:106: UserWarning: The following torchair config or properties may not take effect or report error in reduce-overhead mode: config.experimental_config.enable_view_optimize:True, set_dim_gears, dynamo_export, scope, npu_print
[36m(vLLMHttpServer pid=102622)[0m (Worker_TP6 pid=110055)   warnings.warn(
[36m(vLLMHttpServer pid=102622)[0m (Worker_TP7 pid=110056) /usr/local/lib/python3.11/site-packages/torch_npu/dynamo/torchair/configs/compiler_config.py:106: UserWarning: The following torchair config or properties may not take effect or report error in reduce-overhead mode: config.experimental_config.enable_view_optimize:True, set_dim_gears, dynamo_export, scope, npu_print
[36m(vLLMHttpServer pid=102622)[0m (Worker_TP7 pid=110056)   warnings.warn(
[36m(vLLMHttpServer pid=102622)[0m (Worker_TP0 pid=110047) /usr/local/lib/python3.11/site-packages/torch_npu/dynamo/torchair/configs/compiler_config.py:106: UserWarning: The following torchair config or properties may not take effect or report error in reduce-overhead mode: config.experimental_config.enable_view_optimize:True, set_dim_gears, dynamo_export, scope, npu_print
[36m(vLLMHttpServer pid=102622)[0m (Worker_TP0 pid=110047)   warnings.warn(
[36m(vLLMHttpServer pid=102622)[0m (Worker_TP3 pid=110051) /usr/local/lib/python3.11/site-packages/torch_npu/dynamo/torchair/configs/compiler_config.py:106: UserWarning: The following torchair config or properties may not take effect or report error in reduce-overhead mode: config.experimental_config.enable_view_optimize:True, set_dim_gears, dynamo_export, scope, npu_print
[36m(vLLMHttpServer pid=102622)[0m (Worker_TP3 pid=110051)   warnings.warn(
[36m(vLLMHttpServer pid=102622)[0m (Worker_TP4 pid=110053) /usr/local/lib/python3.11/site-packages/torch_npu/dynamo/torchair/configs/compiler_config.py:106: UserWarning: The following torchair config or properties may not take effect or report error in reduce-overhead mode: config.experimental_config.enable_view_optimize:True, set_dim_gears, dynamo_export, scope, npu_print
[36m(vLLMHttpServer pid=102622)[0m (Worker_TP4 pid=110053)   warnings.warn(
[36m(vLLMHttpServer pid=102622)[0m (Worker_TP7 pid=110056) /usr/local/lib/python3.11/site-packages/torch_npu/dynamo/torchair/configs/compiler_config.py:106: UserWarning: The following torchair config or properties may not take effect or report error in reduce-overhead mode: config.experimental_config.enable_view_optimize:True, set_dim_gears, dynamo_export, scope, npu_print
[36m(vLLMHttpServer pid=102622)[0m (Worker_TP7 pid=110056)   warnings.warn(
[36m(vLLMHttpServer pid=102622)[0m (Worker_TP5 pid=110054) /usr/local/lib/python3.11/site-packages/torch_npu/dynamo/torchair/configs/compiler_config.py:106: UserWarning: The following torchair config or properties may not take effect or report error in reduce-overhead mode: config.experimental_config.enable_view_optimize:True, set_dim_gears, dynamo_export, scope, npu_print
[36m(vLLMHttpServer pid=102622)[0m (Worker_TP5 pid=110054)   warnings.warn(
[36m(vLLMHttpServer pid=102622)[0m (Worker_TP2 pid=110049) /usr/local/lib/python3.11/site-packages/torch_npu/dynamo/torchair/configs/compiler_config.py:106: UserWarning: The following torchair config or properties may not take effect or report error in reduce-overhead mode: config.experimental_config.enable_view_optimize:True, set_dim_gears, dynamo_export, scope, npu_print
[36m(vLLMHttpServer pid=102622)[0m (Worker_TP2 pid=110049)   warnings.warn(
[36m(vLLMHttpServer pid=102622)[0m (Worker_TP1 pid=110048) /usr/local/lib/python3.11/site-packages/torch_npu/dynamo/torchair/configs/compiler_config.py:106: UserWarning: The following torchair config or properties may not take effect or report error in reduce-overhead mode: config.experimental_config.enable_view_optimize:True, set_dim_gears, dynamo_export, scope, npu_print
[36m(vLLMHttpServer pid=102622)[0m (Worker_TP1 pid=110048)   warnings.warn(
[36m(vLLMHttpServer pid=102622)[0m (Worker_TP0 pid=110047) /usr/local/lib/python3.11/site-packages/torch_npu/dynamo/torchair/configs/compiler_config.py:106: UserWarning: The following torchair config or properties may not take effect or report error in reduce-overhead mode: config.experimental_config.enable_view_optimize:True, set_dim_gears, dynamo_export, scope, npu_print
[36m(vLLMHttpServer pid=102622)[0m (Worker_TP0 pid=110047)   warnings.warn(
[36m(vLLMHttpServer pid=102622)[0m (Worker_TP6 pid=110055) /usr/local/lib/python3.11/site-packages/torch_npu/dynamo/torchair/configs/compiler_config.py:106: UserWarning: The following torchair config or properties may not take effect or report error in reduce-overhead mode: config.experimental_config.enable_view_optimize:True, set_dim_gears, dynamo_export, scope, npu_print
[36m(vLLMHttpServer pid=102622)[0m (Worker_TP6 pid=110055)   warnings.warn(
[36m(vLLMHttpServer pid=102622)[0m (Worker_TP7 pid=110056) /usr/local/lib/python3.11/site-packages/torch_npu/dynamo/torchair/configs/compiler_config.py:106: UserWarning: The following torchair config or properties may not take effect or report error in reduce-overhead mode: config.experimental_config.enable_view_optimize:True, set_dim_gears, dynamo_export, scope, npu_print
[36m(vLLMHttpServer pid=102622)[0m (Worker_TP7 pid=110056)   warnings.warn(
[36m(vLLMHttpServer pid=102622)[0m (Worker_TP4 pid=110053) /usr/local/lib/python3.11/site-packages/torch_npu/dynamo/torchair/configs/compiler_config.py:106: UserWarning: The following torchair config or properties may not take effect or report error in reduce-overhead mode: config.experimental_config.enable_view_optimize:True, set_dim_gears, dynamo_export, scope, npu_print
[36m(vLLMHttpServer pid=102622)[0m (Worker_TP4 pid=110053)   warnings.warn(
[36m(vLLMHttpServer pid=102622)[0m (Worker_TP1 pid=110048) /usr/local/lib/python3.11/site-packages/torch_npu/dynamo/torchair/configs/compiler_config.py:106: UserWarning: The following torchair config or properties may not take effect or report error in reduce-overhead mode: config.experimental_config.enable_view_optimize:True, set_dim_gears, dynamo_export, scope, npu_print
[36m(vLLMHttpServer pid=102622)[0m (Worker_TP1 pid=110048)   warnings.warn(
[36m(vLLMHttpServer pid=102622)[0m (Worker_TP0 pid=110047) /usr/local/lib/python3.11/site-packages/torch_npu/dynamo/torchair/configs/compiler_config.py:106: UserWarning: The following torchair config or properties may not take effect or report error in reduce-overhead mode: config.experimental_config.enable_view_optimize:True, set_dim_gears, dynamo_export, scope, npu_print
[36m(vLLMHttpServer pid=102622)[0m (Worker_TP0 pid=110047)   warnings.warn(
[36m(vLLMHttpServer pid=102622)[0m (Worker_TP1 pid=110048) /usr/local/lib/python3.11/site-packages/torch_npu/dynamo/torchair/configs/compiler_config.py:106: UserWarning: The following torchair config or properties may not take effect or report error in reduce-overhead mode: config.experimental_config.enable_view_optimize:True, set_dim_gears, dynamo_export, scope, npu_print
[36m(vLLMHttpServer pid=102622)[0m (Worker_TP1 pid=110048)   warnings.warn(
[36m(vLLMHttpServer pid=102622)[0m (Worker_TP7 pid=110056) /usr/local/lib/python3.11/site-packages/torch_npu/dynamo/torchair/configs/compiler_config.py:106: UserWarning: The following torchair config or properties may not take effect or report error in reduce-overhead mode: config.experimental_config.enable_view_optimize:True, set_dim_gears, dynamo_export, scope, npu_print
[36m(vLLMHttpServer pid=102622)[0m (Worker_TP7 pid=110056)   warnings.warn(
[36m(vLLMHttpServer pid=102622)[0m (Worker_TP0 pid=110047) /usr/local/lib/python3.11/site-packages/torch_npu/dynamo/torchair/configs/compiler_config.py:106: UserWarning: The following torchair config or properties may not take effect or report error in reduce-overhead mode: config.experimental_config.enable_view_optimize:True, set_dim_gears, dynamo_export, scope, npu_print
[36m(vLLMHttpServer pid=102622)[0m (Worker_TP0 pid=110047)   warnings.warn(
[36m(vLLMHttpServer pid=102622)[0m (Worker_TP4 pid=110053) /usr/local/lib/python3.11/site-packages/torch_npu/dynamo/torchair/configs/compiler_config.py:106: UserWarning: The following torchair config or properties may not take effect or report error in reduce-overhead mode: config.experimental_config.enable_view_optimize:True, set_dim_gears, dynamo_export, scope, npu_print
[36m(vLLMHttpServer pid=102622)[0m (Worker_TP4 pid=110053)   warnings.warn(
[36m(vLLMHttpServer pid=102622)[0m (Worker_TP3 pid=110051) /usr/local/lib/python3.11/site-packages/torch_npu/dynamo/torchair/configs/compiler_config.py:106: UserWarning: The following torchair config or properties may not take effect or report error in reduce-overhead mode: config.experimental_config.enable_view_optimize:True, set_dim_gears, dynamo_export, scope, npu_print
[36m(vLLMHttpServer pid=102622)[0m (Worker_TP3 pid=110051)   warnings.warn(
[36m(vLLMHttpServer pid=102622)[0m (Worker_TP1 pid=110048) /usr/local/lib/python3.11/site-packages/torch_npu/dynamo/torchair/configs/compiler_config.py:106: UserWarning: The following torchair config or properties may not take effect or report error in reduce-overhead mode: config.experimental_config.enable_view_optimize:True, set_dim_gears, dynamo_export, scope, npu_print
[36m(vLLMHttpServer pid=102622)[0m (Worker_TP1 pid=110048)   warnings.warn(
[36m(vLLMHttpServer pid=102622)[0m (Worker_TP5 pid=110054) /usr/local/lib/python3.11/site-packages/torch_npu/dynamo/torchair/configs/compiler_config.py:106: UserWarning: The following torchair config or properties may not take effect or report error in reduce-overhead mode: config.experimental_config.enable_view_optimize:True, set_dim_gears, dynamo_export, scope, npu_print
[36m(vLLMHttpServer pid=102622)[0m (Worker_TP5 pid=110054)   warnings.warn(
[36m(vLLMHttpServer pid=102622)[0m (Worker_TP0 pid=110047) /usr/local/lib/python3.11/site-packages/torch_npu/dynamo/torchair/configs/compiler_config.py:106: UserWarning: The following torchair config or properties may not take effect or report error in reduce-overhead mode: config.experimental_config.enable_view_optimize:True, set_dim_gears, dynamo_export, scope, npu_print
[36m(vLLMHttpServer pid=102622)[0m (Worker_TP0 pid=110047)   warnings.warn(
[36m(vLLMHttpServer pid=102622)[0m (Worker_TP2 pid=110049) /usr/local/lib/python3.11/site-packages/torch_npu/dynamo/torchair/configs/compiler_config.py:106: UserWarning: The following torchair config or properties may not take effect or report error in reduce-overhead mode: config.experimental_config.enable_view_optimize:True, set_dim_gears, dynamo_export, scope, npu_print
[36m(vLLMHttpServer pid=102622)[0m (Worker_TP2 pid=110049)   warnings.warn(
[36m(vLLMHttpServer pid=102622)[0m (Worker_TP4 pid=110053) /usr/local/lib/python3.11/site-packages/torch_npu/dynamo/torchair/configs/compiler_config.py:106: UserWarning: The following torchair config or properties may not take effect or report error in reduce-overhead mode: config.experimental_config.enable_view_optimize:True, set_dim_gears, dynamo_export, scope, npu_print
[36m(vLLMHttpServer pid=102622)[0m (Worker_TP4 pid=110053)   warnings.warn(
[36m(vLLMHttpServer pid=102622)[0m (Worker_TP6 pid=110055) /usr/local/lib/python3.11/site-packages/torch_npu/dynamo/torchair/configs/compiler_config.py:106: UserWarning: The following torchair config or properties may not take effect or report error in reduce-overhead mode: config.experimental_config.enable_view_optimize:True, set_dim_gears, dynamo_export, scope, npu_print
[36m(vLLMHttpServer pid=102622)[0m (Worker_TP6 pid=110055)   warnings.warn(
[36m(vLLMHttpServer pid=102622)[0m (Worker_TP1 pid=110048) /usr/local/lib/python3.11/site-packages/torch_npu/dynamo/torchair/configs/compiler_config.py:106: UserWarning: The following torchair config or properties may not take effect or report error in reduce-overhead mode: config.experimental_config.enable_view_optimize:True, set_dim_gears, dynamo_export, scope, npu_print
[36m(vLLMHttpServer pid=102622)[0m (Worker_TP1 pid=110048)   warnings.warn(
[36m(vLLMHttpServer pid=102622)[0m (Worker_TP0 pid=110047) /usr/local/lib/python3.11/site-packages/torch_npu/dynamo/torchair/configs/compiler_config.py:106: UserWarning: The following torchair config or properties may not take effect or report error in reduce-overhead mode: config.experimental_config.enable_view_optimize:True, set_dim_gears, dynamo_export, scope, npu_print
[36m(vLLMHttpServer pid=102622)[0m (Worker_TP0 pid=110047)   warnings.warn(
[36m(vLLMHttpServer pid=102622)[0m (Worker_TP4 pid=110053) /usr/local/lib/python3.11/site-packages/torch_npu/dynamo/torchair/configs/compiler_config.py:106: UserWarning: The following torchair config or properties may not take effect or report error in reduce-overhead mode: config.experimental_config.enable_view_optimize:True, set_dim_gears, dynamo_export, scope, npu_print
[36m(vLLMHttpServer pid=102622)[0m (Worker_TP4 pid=110053)   warnings.warn(
[36m(vLLMHttpServer pid=102622)[0m (Worker_TP7 pid=110056) /usr/local/lib/python3.11/site-packages/torch_npu/dynamo/torchair/configs/compiler_config.py:106: UserWarning: The following torchair config or properties may not take effect or report error in reduce-overhead mode: config.experimental_config.enable_view_optimize:True, set_dim_gears, dynamo_export, scope, npu_print
[36m(vLLMHttpServer pid=102622)[0m (Worker_TP7 pid=110056)   warnings.warn(
[36m(vLLMHttpServer pid=102622)[0m (Worker_TP0 pid=110047) /usr/local/lib/python3.11/site-packages/torch_npu/dynamo/torchair/configs/compiler_config.py:106: UserWarning: The following torchair config or properties may not take effect or report error in reduce-overhead mode: config.experimental_config.enable_view_optimize:True, set_dim_gears, dynamo_export, scope, npu_print
[36m(vLLMHttpServer pid=102622)[0m (Worker_TP0 pid=110047)   warnings.warn(
[36m(vLLMHttpServer pid=102622)[0m (Worker_TP4 pid=110053) /usr/local/lib/python3.11/site-packages/torch_npu/dynamo/torchair/configs/compiler_config.py:106: UserWarning: The following torchair config or properties may not take effect or report error in reduce-overhead mode: config.experimental_config.enable_view_optimize:True, set_dim_gears, dynamo_export, scope, npu_print
[36m(vLLMHttpServer pid=102622)[0m (Worker_TP4 pid=110053)   warnings.warn(
[36m(vLLMHttpServer pid=102622)[0m (Worker_TP1 pid=110048) /usr/local/lib/python3.11/site-packages/torch_npu/dynamo/torchair/configs/compiler_config.py:106: UserWarning: The following torchair config or properties may not take effect or report error in reduce-overhead mode: config.experimental_config.enable_view_optimize:True, set_dim_gears, dynamo_export, scope, npu_print
[36m(vLLMHttpServer pid=102622)[0m (Worker_TP1 pid=110048)   warnings.warn(
[36m(vLLMHttpServer pid=102622)[0m (Worker_TP4 pid=110053) /usr/local/lib/python3.11/site-packages/torch_npu/dynamo/torchair/configs/compiler_config.py:106: UserWarning: The following torchair config or properties may not take effect or report error in reduce-overhead mode: config.experimental_config.enable_view_optimize:True, set_dim_gears, dynamo_export, scope, npu_print
[36m(vLLMHttpServer pid=102622)[0m (Worker_TP4 pid=110053)   warnings.warn(
[36m(vLLMHttpServer pid=102622)[0m (Worker_TP0 pid=110047) Capturing CUDA graphs (mixed prefill-decode, PIECEWISE):   0%|          | 0/21 [00:00<?, ?it/s]
[36m(vLLMHttpServer pid=102622)[0m [rank1]:[W525 01:35:42.153837941 NPUGraph.cpp:207] Warning: Waiting for pending NCCL work to finish before starting graph capture. (function operator())
[36m(vLLMHttpServer pid=102622)[0m [rank4]:[W525 01:35:42.153860066 NPUGraph.cpp:207] Warning: Waiting for pending NCCL work to finish before starting graph capture. (function operator())
[36m(vLLMHttpServer pid=102622)[0m [rank2]:[W525 01:35:42.153983597 NPUGraph.cpp:207] Warning: Waiting for pending NCCL work to finish before starting graph capture. (function operator())
[36m(vLLMHttpServer pid=102622)[0m [rank5]:[W525 01:35:42.154002739 NPUGraph.cpp:207] Warning: Waiting for pending NCCL work to finish before starting graph capture. (function operator())
[36m(vLLMHttpServer pid=102622)[0m [rank0]:[W525 01:35:42.154006703 NPUGraph.cpp:207] Warning: Waiting for pending NCCL work to finish before starting graph capture. (function operator())
[36m(vLLMHttpServer pid=102622)[0m [rank6]:[W525 01:35:42.154010223 NPUGraph.cpp:207] Warning: Waiting for pending NCCL work to finish before starting graph capture. (function operator())
[36m(vLLMHttpServer pid=102622)[0m [rank7]:[W525 01:35:42.154317756 NPUGraph.cpp:207] Warning: Waiting for pending NCCL work to finish before starting graph capture. (function operator())
[36m(vLLMHttpServer pid=102622)[0m [rank3]:[W525 01:35:42.154914809 NPUGraph.cpp:207] Warning: Waiting for pending NCCL work to finish before starting graph capture. (function operator())
[36m(vLLMHttpServer pid=102622)[0m Capturing CUDA graphs (mixed prefill-decode, PIECEWISE):   5%|▍         | 1/21 [00:01<00:20,  1.00s/it]
[36m(vLLMHttpServer pid=102622)[0m Capturing CUDA graphs (mixed prefill-decode, PIECEWISE):  10%|▉         | 2/21 [00:02<00:19,  1.02s/it]
[36m(vLLMHttpServer pid=102622)[0m Capturing CUDA graphs (mixed prefill-decode, PIECEWISE):  14%|█▍        | 3/21 [00:03<00:18,  1.00s/it]
[36m(vLLMHttpServer pid=102622)[0m Capturing CUDA graphs (mixed prefill-decode, PIECEWISE):  19%|█▉        | 4/21 [00:04<00:17,  1.02s/it]
[36m(vLLMHttpServer pid=102622)[0m Capturing CUDA graphs (mixed prefill-decode, PIECEWISE):  24%|██▍       | 5/21 [00:05<00:16,  1.03s/it]
[36m(vLLMHttpServer pid=102622)[0m Capturing CUDA graphs (mixed prefill-decode, PIECEWISE):  29%|██▊       | 6/21 [00:05<00:14,  1.04it/s]
[36m(vLLMHttpServer pid=102622)[0m Capturing CUDA graphs (mixed prefill-decode, PIECEWISE):  33%|███▎      | 7/21 [00:07<00:14,  1.01s/it]
[36m(vLLMHttpServer pid=102622)[0m Capturing CUDA graphs (mixed prefill-decode, PIECEWISE):  38%|███▊      | 8/21 [00:08<00:13,  1.02s/it]
[36m(vLLMHttpServer pid=102622)[0m Capturing CUDA graphs (mixed prefill-decode, PIECEWISE):  43%|████▎     | 9/21 [00:09<00:12,  1.03s/it]
[36m(vLLMHttpServer pid=102622)[0m Capturing CUDA graphs (mixed prefill-decode, PIECEWISE):  48%|████▊     | 10/21 [00:10<00:11,  1.01s/it]
[36m(vLLMHttpServer pid=102622)[0m Capturing CUDA graphs (mixed prefill-decode, PIECEWISE):  52%|█████▏    | 11/21 [00:11<00:09,  1.00it/s]
[36m(vLLMHttpServer pid=102622)[0m Capturing CUDA graphs (mixed prefill-decode, PIECEWISE):  57%|█████▋    | 12/21 [00:12<00:08,  1.02it/s]
[36m(vLLMHttpServer pid=102622)[0m Capturing CUDA graphs (mixed prefill-decode, PIECEWISE):  62%|██████▏   | 13/21 [00:12<00:07,  1.02it/s]
[36m(vLLMHttpServer pid=102622)[0m Capturing CUDA graphs (mixed prefill-decode, PIECEWISE):  67%|██████▋   | 14/21 [00:14<00:06,  1.00it/s]
[36m(vLLMHttpServer pid=102622)[0m Capturing CUDA graphs (mixed prefill-decode, PIECEWISE):  71%|███████▏  | 15/21 [00:15<00:05,  1.01it/s]
[36m(vLLMHttpServer pid=102622)[0m Capturing CUDA graphs (mixed prefill-decode, PIECEWISE):  76%|███████▌  | 16/21 [00:16<00:04,  1.00it/s]
[36m(vLLMHttpServer pid=102622)[0m Capturing CUDA graphs (mixed prefill-decode, PIECEWISE):  81%|████████  | 17/21 [00:16<00:03,  1.03it/s]
[36m(vLLMHttpServer pid=102622)[0m Capturing CUDA graphs (mixed prefill-decode, PIECEWISE):  86%|████████▌ | 18/21 [00:17<00:02,  1.05it/s]
[36m(vLLMHttpServer pid=102622)[0m Capturing CUDA graphs (mixed prefill-decode, PIECEWISE):  90%|█████████ | 19/21 [00:18<00:01,  1.05it/s]
[36m(vLLMHttpServer pid=102622)[0m Capturing CUDA graphs (mixed prefill-decode, PIECEWISE):  95%|█████████▌| 20/21 [00:19<00:01,  1.02s/it]
[36m(vLLMHttpServer pid=102622)[0m Capturing CUDA graphs (mixed prefill-decode, PIECEWISE): 100%|██████████| 21/21 [00:21<00:00,  1.03s/it]Capturing CUDA graphs (mixed prefill-decode, PIECEWISE): 100%|██████████| 21/21 [00:21<00:00,  1.00s/it]
[36m(TaskRunner pid=91641)[0m Training Progress:   0%|          | 0/975 [00:00<?, ?it/s]
[36m(TaskRunner pid=91641)[0m W0525 01:41:21.937000 91641 site-packages/torch/fx/_symbolic_trace.py:52] is_fx_tracing will return true for both fx.symbolic_trace and torch.export. Please use is_fx_tracing_symbolic_tracing() for specifically fx.symbolic_trace or torch.compiler.is_compiling() for specifically torch.export/compile.
[36m(WorkerDict pid=96390)[0m [rank0]:[W525 01:41:24.447374430 VariableFallbackKernel.cpp:250] Warning: CAUTION: The operator 'aten::_jagged_to_padded_dense_forward' is not currently supported on the NPU backend and will fall back to run on the CPU. This may have performance implications. (function npu_cpu_fallback)
[36m(WorkerDict pid=96390)[0m /workspace/Megatron-LM/megatron/core/tensor_parallel/layers.py:713: DeprecationWarning: Warning: tp_group is None, using default tp group. Passing tp_group will be mandatory soon
[36m(WorkerDict pid=96390)[0m   tp_group = get_tensor_model_parallel_group_if_none(tp_group)
[36m(WorkerDict pid=96390)[0m /workspace/Megatron-LM/megatron/core/tensor_parallel/mappings.py:477: DeprecationWarning: Warning: tp_group is None, using default tp group. Passing tp_group will be mandatory soon
[36m(WorkerDict pid=96390)[0m   group = get_tensor_model_parallel_group_if_none(group)

[36m(vLLMHttpServer pid=102622)[0m [Gloo] Rank 0 is connected to 0 peer ranks. Expected number of connected peer ranks is : 0
[36m(vLLMHttpServer pid=102622)[0m [Gloo] Rank 0 is connected to 0 peer ranks. Expected number of connected peer ranks is : 0
[36m(vLLMHttpServer pid=102622)[0m [Gloo] Rank 0 is connected to 0 peer ranks. Expected number of connected peer ranks is : 0
[36m(vLLMHttpServer pid=102622)[0m [Gloo] Rank 0 is connected to 0 peer ranks. Expected number of connected peer ranks is : 0
[36m(vLLMHttpServer pid=102622)[0m [Gloo] Rank 0 is connected to 0 peer ranks. Expected number of connected peer ranks is : 0
[36m(vLLMHttpServer pid=102622)[0m [Gloo] Rank 0 is connected to 0 peer ranks. Expected number of connected peer ranks is : 0
[36m(vLLMHttpServer pid=102622)[0m [Gloo] Rank 1 is connected to 7 peer ranks. Expected number of connected peer ranks is : 7
[36m(vLLMHttpServer pid=102622)[0m [Gloo] Rank 3 is connected to 7 peer ranks. Expected number of connected peer ranks is : 7
[36m(vLLMHttpServer pid=102622)[0m [Gloo] Rank 2 is connected to 7 peer ranks. Expected number of connected peer ranks is : 7
[36m(vLLMHttpServer pid=102622)[0m [Gloo] Rank 5 is connected to 7 peer ranks. Expected number of connected peer ranks is : 7
[36m(vLLMHttpServer pid=102622)[0m [Gloo] Rank 6 is connected to 7 peer ranks. Expected number of connected peer ranks is : 7
[36m(vLLMHttpServer pid=102622)[0m [Gloo] Rank 4 is connected to 7 peer ranks. Expected number of connected peer ranks is : 7
[36m(vLLMHttpServer pid=102622)[0m [Gloo] Rank 7 is connected to 7 peer ranks. Expected number of connected peer ranks is : 7
[36m(vLLMHttpServer pid=102622)[0m [Gloo] Rank 0 is connected to 7 peer ranks. Expected number of connected peer ranks is : 7
[36m(vLLMHttpServer pid=102622)[0m [Gloo] Rank 0 is connected to 7 peer ranks. Expected number of connected peer ranks is : 7
[36m(vLLMHttpServer pid=102622)[0m [Gloo] Rank 1 is connected to 7 peer ranks. Expected number of connected peer ranks is : 7
[36m(vLLMHttpServer pid=102622)[0m [Gloo] Rank 2 is connected to 7 peer ranks. Expected number of connected peer ranks is : 7
[36m(vLLMHttpServer pid=102622)[0m [Gloo] Rank 3 is connected to 7 peer ranks. Expected number of connected peer ranks is : 7
[36m(vLLMHttpServer pid=102622)[0m [Gloo] Rank 4 is connected to 7 peer ranks. Expected number of connected peer ranks is : 7
[36m(vLLMHttpServer pid=102622)[0m [Gloo] Rank 5 is connected to 7 peer ranks. Expected number of connected peer ranks is : 7
[36m(vLLMHttpServer pid=102622)[0m [Gloo] Rank 6 is connected to 7 peer ranks. Expected number of connected peer ranks is : 7
[36m(vLLMHttpServer pid=102622)[0m [Gloo] Rank 7 is connected to 7 peer ranks. Expected number of connected peer ranks is : 7
[36m(vLLMHttpServer pid=102622)[0m WARNING 05-25 01:36:20 [api_router.py:30] LoRA dynamic loading & unloading is enabled in the API server. This should ONLY be used for local development!
[36m(vLLMHttpServer pid=102622)[0m WARNING 05-25 01:36:20 [model.py:1376] Default vLLM sampling parameters have been overridden by the model's `generation_config.json`: `{'repetition_penalty': 1.0, 'temperature': 1.0, 'top_k': -1, 'top_p': 1, 'max_tokens': 2048}`. If this is not intended, please relaunch vLLM instance with `--generation-config vllm`.
[36m(TaskRunner pid=91641)[0m LLMServerManager: ['80.48.5.65:38393']
[36m(TaskRunner pid=91641)[0m Checkpoint tracker file does not exist: /workspace/verl/examples/grpo_trainer/checkpoints/verl_grpo_qwen3_5_35b_geo3k/qwen3_5_35b_megatron/latest_checkpointed_iteration.txt
[36m(TaskRunner pid=91641)[0m Training from scratch
[36m(TaskRunner pid=91641)[0m [MEM r0 fit_after_load_checkpoint] proc_rss=1.7GB vms=194.7GB sys_used=605GB avail=403GB npu_alloc=-1.0GB npu_reserved=-1.0GB gc_freed=0.00GB t=01:36:50.237
[36m(GlobalRequestLoadBalancer pid=121064)[0m ERROR 05-25 01:36:53 [config.py:29] Failed to import Triton kernels. Please make sure your triton version is compatible. Error: No module named 'triton.language.target_info'
[36m(GlobalRequestLoadBalancer pid=121064)[0m ERROR 05-25 01:36:53 [gpt_oss_triton_kernels_moe.py:61] Failed to import Triton kernels. Please make sure your triton version is compatible. Error: No module named 'triton.language.target_info'
[36m(AgentLoopWorker pid=121065)[0m Using dataset class: RLHFDataset
[36m(WorkerDict pid=96395)[0m 
[36m(AgentLoopWorker pid=121115)[0m Using dataset class: RLHFDataset[32m [repeated 7x across cluster][0m
[36m(WorkerDict pid=96394)[0m 
[36m(WorkerDict pid=96390)[0m Converting to HuggingFace ━━━━━━━━━━━━━━━━━━━━━━━━━━━━━━━━━━━━━━━━ 100% 0:00:00 (5916/5916) Qwen35VLMoEBridge
[36m(WorkerDict pid=96397)[0m 
[36m(WorkerDict pid=96393)[0m 
[36m(WorkerDict pid=96396)[0m 
[36m(WorkerDict pid=96392)[0m 
[36m(WorkerDict pid=96391)[0m 
[36m(TaskRunner pid=91641)[0m [MEM r0 fit_after_initial_weight_sync] proc_rss=1.7GB vms=194.7GB sys_used=609GB avail=399GB npu_alloc=-1.0GB npu_reserved=-1.0GB gc_freed=0.00GB t=01:37:37.723
[36m(TaskRunner pid=91641)[0m [MEM r0 step=1 loop_start] proc_rss=1.7GB vms=195.2GB sys_used=610GB avail=398GB npu_alloc=-1.0GB npu_reserved=-1.0GB gc_freed=0.00GB t=01:37:39.174
[36m(TaskRunner pid=91641)[0m [MEM r0 step=1 rollout_before] proc_rss=1.7GB vms=195.2GB sys_used=610GB avail=397GB npu_alloc=-1.0GB npu_reserved=-1.0GB gc_freed=0.00GB t=01:37:39.640
[36m(AgentLoopWorker pid=121067)[0m ERROR 05-25 01:37:42 [config.py:29] Failed to import Triton kernels. Please make sure your triton version is compatible. Error: No module named 'triton.language.target_info'
[36m(AgentLoopWorker pid=121067)[0m ERROR 05-25 01:37:42 [gpt_oss_triton_kernels_moe.py:61] Failed to import Triton kernels. Please make sure your triton version is compatible. Error: No module named 'triton.language.target_info'
[36m(vLLMHttpServer pid=102622)[0m WARNING 05-25 01:37:43 [input_processor.py:227] Passing raw prompts to InputProcessor is deprecated and will be removed in v0.18. You should instead pass the outputs of Renderer.render_cmpl() or Renderer.render_chat().
[36m(AgentLoopWorker pid=121067)[0m ('Warning: torch.save with "_use_new_zipfile_serialization = False" is not recommended for npu tensor, which may bring unexpected errors and hopefully set "_use_new_zipfile_serialization = True"', 'if it is necessary to use this, please convert the npu tensor to cpu tensor for saving')
[36m(AgentLoopWorker pid=121065)[0m ERROR 05-25 01:37:43 [gpt_oss_triton_kernels_moe.py:61] Failed to import Triton kernels. Please make sure your triton version is compatible. Error: No module named 'triton.language.target_info'[32m [repeated 14x across cluster][0m
[36m(TaskRunner pid=91641)[0m [MEM r0 step=1 rollout_after_sleep] proc_rss=2.8GB vms=195.8GB sys_used=616GB avail=392GB npu_alloc=-1.0GB npu_reserved=-1.0GB gc_freed=0.00GB t=01:41:21.280
[36m(AgentLoopWorker pid=121065)[0m ('Warning: torch.save with "_use_new_zipfile_serialization = False" is not recommended for npu tensor, which may bring unexpected errors and hopefully set "_use_new_zipfile_serialization = True"', 'if it is necessary to use this, please convert the npu tensor to cpu tensor for saving')[32m [repeated 7x across cluster][0m
[36m(TaskRunner pid=91641)[0m [MEM r0 step=1 old_logprob_before] proc_rss=2.8GB vms=195.8GB sys_used=616GB avail=392GB npu_alloc=-1.0GB npu_reserved=-1.0GB gc_freed=0.00GB t=01:41:21.859
[36m(WorkerDict pid=96393)[0m 2026-05-25 01:41:25(96393)-[ERROR] Call range_end failed. Exception: mstx.range_end() missing 1 required positional argument: 'range_id'
[36m(TaskRunner pid=91641)[0m ('Warning: torch.save with "_use_new_zipfile_serialization = False" is not recommended for npu tensor, which may bring unexpected errors and hopefully set "_use_new_zipfile_serialization = True"', 'if it is necessary to use this, please convert the npu tensor to cpu tensor for saving')
[36m(WorkerDict pid=96390)[0m 2026-05-25 01:41:38(96390)-[ERROR] Call range_end failed. Exception: mstx.range_end() missing 1 required positional argument: 'range_id'[32m [repeated 4x across cluster][0m[36m(WorkerDict pid=96390)[0m [rank0]:[W525 01:42:48.672791201 VariableFallbackKernel.cpp:67] Warning: c10d::broadcast_: an autograd kernel was not registered to the Autograd key(s) but we are trying to backprop through it. This may lead to silently incorrect behavior. This behavior is deprecated and will be removed in a future version of PyTorch. If your operator is differentiable, please ensure you have registered an autograd kernel to the correct Autograd key (e.g. DispatchKey::Autograd, DispatchKey::CompositeImplicitAutograd). If your operator is not differentiable, or to squash this warning and use the previous behavior, please register torch::CppFunction::makeFallthrough() to DispatchKey::Autograd. (function operator())
[36m(WorkerDict pid=96393)[0m [rank3]:W0525 01:41:24.812000 96393 site-packages/torch/fx/_symbolic_trace.py:52] is_fx_tracing will return true for both fx.symbolic_trace and torch.export. Please use is_fx_tracing_symbolic_tracing() for specifically fx.symbolic_trace or torch.compiler.is_compiling() for specifically torch.export/compile.[32m [repeated 8x across cluster][0m
